{"tempHash": "00D4CB4858E849BE", "tbluHash": "003C5911B9591221", "patch": [{"op": "add", "path": "/entities/ce59afd63189d52d", "value": {"parent": "fe8b2b9b1f708dcf", "name": "RainKillBox For Room_Inside_124_Village_Hut_L", "template": "[assembly:/_pro/effects/templates/liquid/fx_liquid.template?/rainkillbox.entitytemplate].pc_entitytype", "blueprint": "[assembly:/_pro/effects/templates/liquid/fx_liquid.template?/rainkillbox.entitytemplate].pc_entityblueprint", "properties": {"m_mTransform": {"type": "SMatrix43", "value": {"rotation": {"x": -0.0, "y": 0.0, "z": -99.60245475780309}, "position": {"x": 2.1514379978, "y": 110.9126968384, "z": 5.3494749069}}}, "m_vGlobalSize": {"type": "SVector3", "value": {"x": 8.16579008102417, "y": 10.491549968719482, "z": 4.06498795747757}}, "m_eidParent": {"type": "SEntityTemplateReference", "value": "fffffffffffffffe"}}, "postInitProperties": {}, "editorOnly": false, "platformSpecificPropertyValues": []}}, {"op": "add", "path": "/entities/bf502e507ccb252a", "value": {"parent": "fe8b2b9b1f708dcf", "name": "RoomInclude 3", "template": "[assembly:/_pro/effects/templates/liquid/fx_liquid.template?/rainkillbox.entitytemplate].pc_entitytype", "blueprint": "[assembly:/_pro/effects/templates/liquid/fx_liquid.template?/rainkillbox.entitytemplate].pc_entityblueprint", "properties": {"m_mTransform": {"type": "SMatrix43", "value": {"rotation": {"x": 0.0, "y": 0.0, "z": -95.05792999267578}, "position": {"x": -2.0908660888671875, "y": -27.515439987182617, "z": 0.9106500148773193}}}, "m_vGlobalSize": {"type": "SVector3", "value": {"x": 13.988900184631348, "y": 17.209800720214844, "z": 14.050700187683104}}}, "postInitProperties": {"m_eidParent": {"type": "SEntityTemplateReference", "value": "fffffffffffffffe"}}, "editorOnly": false, "platformSpecificPropertyValues": []}}, {"op": "add", "path": "/entities/e574c33c2ce7357d", "value": {"parent": "fe8b2b9b1f708dcf", "name": "RainKillBox For Room_Inside_301_Prison_A", "template": "[assembly:/_pro/effects/templates/liquid/fx_liquid.template?/rainkillbox.entitytemplate].pc_entitytype", "blueprint": "[assembly:/_pro/effects/templates/liquid/fx_liquid.template?/rainkillbox.entitytemplate].pc_entityblueprint", "properties": {"m_mTransform": {"type": "SMatrix43", "value": {"rotation": {"x": -0.0, "y": 0.0, "z": -116.09495760334889}, "position": {"x": 51.198059082, "y": 116.1279983521, "z": 6.2762308121}}}, "m_vGlobalSize": {"type": "SVector3", "value": {"x": 9.488615557551384, "y": 9.940897196531294, "z": 3.861281394696562}}, "m_eidParent": {"type": "SEntityTemplateReference", "value": "fffffffffffffffe"}}, "postInitProperties": {}, "editorOnly": false, "platformSpecificPropertyValues": []}}, {"op": "add", "path": "/entities/fe995d2d78c693c5", "value": {"parent": "fe8b2b9b1f708dcf", "name": "RoomInclude 1", "template": "[assembly:/_pro/effects/templates/liquid/fx_liquid.template?/rainkillbox.entitytemplate].pc_entitytype", "blueprint": "[assembly:/_pro/effects/templates/liquid/fx_liquid.template?/rainkillbox.entitytemplate].pc_entityblueprint", "properties": {"m_mTransform": {"type": "SMatrix43", "value": {"rotation": {"x": -180.0, "y": -62.79079818725586, "z": -180.0}, "position": {"x": 1.4651069641113281, "y": -0.5888519883155823, "z": 0.21275800466537476}}}, "m_vGlobalSize": {"type": "SVector3", "value": {"x": 1.456570029258728, "y": 6.68936014175415, "z": 2.200670003890991}}}, "postInitProperties": {"m_eidParent": {"type": "SEntityTemplateReference", "value": "fffffffffffffffe"}}, "editorOnly": false, "platformSpecificPropertyValues": []}}, {"op": "add", "path": "/entities/e4e48182e6d8d7d8", "value": {"parent": "fe8b2b9b1f708dcf", "name": "RainKillBox For Room_Inside_114_Village_Hut_A", "template": "[assembly:/_pro/effects/templates/liquid/fx_liquid.template?/rainkillbox.entitytemplate].pc_entitytype", "blueprint": "[assembly:/_pro/effects/templates/liquid/fx_liquid.template?/rainkillbox.entitytemplate].pc_entityblueprint", "properties": {"m_mTransform": {"type": "SMatrix43", "value": {"rotation": {"x": -0.0, "y": 0.0, "z": 104.99993974364372}, "position": {"x": -6.2521219254, "y": 94.16771698, "z": 5.5836648941}}}, "m_vGlobalSize": {"type": "SVector3", "value": {"x": 5.292819976806641, "y": 6.858489990234375, "z": 3.076599955558777}}, "m_eidParent": {"type": "SEntityTemplateReference", "value": "fffffffffffffffe"}}, "postInitProperties": {}, "editorOnly": false, "platformSpecificPropertyValues": []}}, {"op": "add", "path": "/entities/ab0367f758928749", "value": {"parent": "fe8b2b9b1f708dcf", "name": "RainKillBox For Room_Inside_109_WaterHuts_J", "template": "[assembly:/_pro/effects/templates/liquid/fx_liquid.template?/rainkillbox.entitytemplate].pc_entitytype", "blueprint": "[assembly:/_pro/effects/templates/liquid/fx_liquid.template?/rainkillbox.entitytemplate].pc_entityblueprint", "properties": {"m_mTransform": {"type": "SMatrix43", "value": {"rotation": {"x": -0.0, "y": 0.0, "z": 13.888664967230469}, "position": {"x": 13.571269989, "y": 176.3249969482, "z": 3.4375150204}}}, "m_vGlobalSize": {"type": "SVector3", "value": {"x": 5.2059102058410645, "y": 6.673719882965088, "z": 2.923769950866699}}, "m_eidParent": {"type": "SEntityTemplateReference", "value": "fffffffffffffffe"}}, "postInitProperties": {}, "editorOnly": false, "platformSpecificPropertyValues": []}}, {"op": "add", "path": "/entities/15abe5e3a980266e", "value": {"parent": "fe8b2b9b1f708dcf", "name": "RainKillBox For Room_Inside_120_Village_Hut_I", "template": "[assembly:/_pro/effects/templates/liquid/fx_liquid.template?/rainkillbox.entitytemplate].pc_entitytype", "blueprint": "[assembly:/_pro/effects/templates/liquid/fx_liquid.template?/rainkillbox.entitytemplate].pc_entityblueprint", "properties": {"m_mTransform": {"type": "SMatrix43", "value": {"rotation": {"x": -0.0, "y": 0.0, "z": -105.66973438396583}, "position": {"x": -36.3704681396, "y": 107.2052001953, "z": 4.5645751953}}}, "m_vGlobalSize": {"type": "SVector3", "value": {"x": 5.193259954452515, "y": 6.682049989700317, "z": 2.9326599836349487}}, "m_eidParent": {"type": "SEntityTemplateReference", "value": "fffffffffffffffe"}}, "postInitProperties": {}, "editorOnly": false, "platformSpecificPropertyValues": []}}, {"op": "add", "path": "/entities/00d1430476ccb019", "value": {"parent": "fe8b2b9b1f708dcf", "name": "RainKillBox For Room_Inside_305_Container_A", "template": "[assembly:/_pro/effects/templates/liquid/fx_liquid.template?/rainkillbox.entitytemplate].pc_entitytype", "blueprint": "[assembly:/_pro/effects/templates/liquid/fx_liquid.template?/rainkillbox.entitytemplate].pc_entityblueprint", "properties": {"m_mTransform": {"type": "SMatrix43", "value": {"rotation": {"x": -0.0, "y": 0.0, "z": 154.13902282763024}, "position": {"x": 63.7605705261, "y": 98.1686782837, "z": 7.6232562065}}}, "m_vGlobalSize": {"type": "SVector3", "value": {"x": 2.7757120728492737, "y": 7.114140272140503, "z": 2.9004000425338745}}, "m_eidParent": {"type": "SEntityTemplateReference", "value": "fffffffffffffffe"}}, "postInitProperties": {}, "editorOnly": false, "platformSpecificPropertyValues": []}}, {"op": "add", "path": "/entities/ad223aae4b8229d6", "value": {"parent": "fe8b2b9b1f708dcf", "name": "RoomInclude", "template": "[assembly:/_pro/effects/templates/liquid/fx_liquid.template?/rainkillbox.entitytemplate].pc_entitytype", "blueprint": "[assembly:/_pro/effects/templates/liquid/fx_liquid.template?/rainkillbox.entitytemplate].pc_entityblueprint", "properties": {"m_mTransform": {"type": "SMatrix43", "value": {"rotation": {"x": 0.0, "y": -72.0911636352539, "z": 0.0}, "position": {"x": -2.970978021621704, "y": -0.36519598960876465, "z": -0.1902499943971634}}}, "m_vGlobalSize": {"type": "SVector3", "value": {"x": 2.9483699798583984, "y": 13.491999626159668, "z": 8.434309959411621}}, "m_eidParent": {"type": "SEntityTemplateReference", "value": "fffffffffffffffe"}}, "postInitProperties": {}, "editorOnly": false, "platformSpecificPropertyValues": []}}, {"op": "add", "path": "/entities/42968f70fec2dde4", "value": {"parent": "fe8b2b9b1f708dcf", "name": "RoomInclude 2", "template": "[assembly:/_pro/effects/templates/liquid/fx_liquid.template?/rainkillbox.entitytemplate].pc_entitytype", "blueprint": "[assembly:/_pro/effects/templates/liquid/fx_liquid.template?/rainkillbox.entitytemplate].pc_entityblueprint", "properties": {"m_mTransform": {"type": "SMatrix43", "value": {"rotation": {"x": 0.0, "y": 0.0, "z": -76.89948272705078}, "position": {"x": 9.255691528320312, "y": 16.10849952697754, "z": 1.914739966392517}}}, "m_vGlobalSize": {"type": "SVector3", "value": {"x": 7.039090156555176, "y": 10.328399658203123, "z": 6.618989944458008}}}, "postInitProperties": {"m_eidParent": {"type": "SEntityTemplateReference", "value": "fffffffffffffffe"}}, "editorOnly": false, "platformSpecificPropertyValues": []}}, {"op": "add", "path": "/entities/42130f12cdbfa8da", "value": {"parent": "fe8b2b9b1f708dcf", "name": "RoomInclude", "template": "[assembly:/_pro/effects/templates/liquid/fx_liquid.template?/rainkillbox.entitytemplate].pc_entitytype", "blueprint": "[assembly:/_pro/effects/templates/liquid/fx_liquid.template?/rainkillbox.entitytemplate].pc_entityblueprint", "properties": {"m_mTransform": {"type": "SMatrix43", "value": {"rotation": {"x": 0.0, "y": -27.465923309326172, "z": 0.0}, "position": {"x": 0.9304050207138062, "y": 0.06805200129747391, "z": 2.195713996887207}}}, "m_vGlobalSize": {"type": "SVector3", "value": {"x": 3.2190001010894775, "y": 6.6908698081970215, "z": 1.1581100225448608}}, "m_eidParent": {"type": "SEntityTemplateReference", "value": "fffffffffffffffe"}}, "postInitProperties": {}, "editorOnly": false, "platformSpecificPropertyValues": []}}, {"op": "add", "path": "/entities/75e62005403630dd", "value": {"parent": "fe8b2b9b1f708dcf", "name": "RoomInclude 2", "template": "[assembly:/_pro/effects/templates/liquid/fx_liquid.template?/rainkillbox.entitytemplate].pc_entitytype", "blueprint": "[assembly:/_pro/effects/templates/liquid/fx_liquid.template?/rainkillbox.entitytemplate].pc_entityblueprint", "properties": {"m_mTransform": {"type": "SMatrix43", "value": {"rotation": {"x": 0.0, "y": 40.00002670288086, "z": 6.027104245731607e-05}, "position": {"x": -0.27007031440734863, "y": -0.14471280574798584, "z": 1.4843599796295166}}}, "m_vGlobalSize": {"type": "SVector3", "value": {"x": 3.3706600666046143, "y": 6.49806022644043, "z": 3.548290014266968}}, "m_eidParent": {"type": "SEntityTemplateReference", "value": "fffffffffffffffe"}}, "postInitProperties": {}, "editorOnly": false, "platformSpecificPropertyValues": []}}, {"op": "add", "path": "/entities/572be2f1474cc9d8", "value": {"parent": "fe8b2b9b1f708dcf", "name": "RainKillBox For Room_Inside_200_MilitiaCave_A", "template": "[assembly:/_pro/effects/templates/liquid/fx_liquid.template?/rainkillbox.entitytemplate].pc_entitytype", "blueprint": "[assembly:/_pro/effects/templates/liquid/fx_liquid.template?/rainkillbox.entitytemplate].pc_entityblueprint", "properties": {"m_mTransform": {"type": "SMatrix43", "value": {"rotation": {"x": -0.0, "y": 0.0, "z": 33.84182534403894}, "position": {"x": -32.6775894165, "y": 276.2880859375, "z": 5.3196578026}}}, "m_vGlobalSize": {"type": "SVector3", "value": {"x": 51.498802185058594, "y": 36.98011064529419, "z": 18.69130039215088}}, "m_eidParent": {"type": "SEntityTemplateReference", "value": "fffffffffffffffe"}}, "postInitProperties": {}, "editorOnly": false, "platformSpecificPropertyValues": []}}, {"op": "add", "path": "/entities/47b5dff72d55fa86", "value": {"parent": "fe8b2b9b1f708dcf", "name": "RoomInclude 4", "template": "[assembly:/_pro/effects/templates/liquid/fx_liquid.template?/rainkillbox.entitytemplate].pc_entitytype", "blueprint": "[assembly:/_pro/effects/templates/liquid/fx_liquid.template?/rainkillbox.entitytemplate].pc_entityblueprint", "properties": {"m_mTransform": {"type": "SMatrix43", "value": {"rotation": {"x": 0.0, "y": 0.0, "z": 175.00027465820312}, "position": {"x": -15.927169799804688, "y": 14.242810249328613, "z": 2.376739025115967}}}, "m_vGlobalSize": {"type": "SVector3", "value": {"x": 9.033539772033691, "y": 11.730299949645996, "z": 14.042699813842772}}}, "postInitProperties": {"m_eidParent": {"type": "SEntityTemplateReference", "value": "fffffffffffffffe"}}, "editorOnly": false, "platformSpecificPropertyValues": []}}, {"op": "add", "path": "/entities/2639acf318595d10", "value": {"parent": "fe8b2b9b1f708dcf", "name": "RainKillBox For Room_Inside_230_CaveTunnel_B", "template": "[assembly:/_pro/effects/templates/liquid/fx_liquid.template?/rainkillbox.entitytemplate].pc_entitytype", "blueprint": "[assembly:/_pro/effects/templates/liquid/fx_liquid.template?/rainkillbox.entitytemplate].pc_entityblueprint", "properties": {"m_mTransform": {"type": "SMatrix43", "value": {"rotation": {"x": -0.0, "y": 0.0, "z": -69.52956994985357}, "position": {"x": -74.1681365967, "y": 269.6990966797, "z": 2.2035040855}}}, "m_vGlobalSize": {"type": "SVector3", "value": {"x": 13.48950982093811, "y": 20.05944001674652, "z": 9.84919023513794}}, "m_eidParent": {"type": "SEntityTemplateReference", "value": "fffffffffffffffe"}}, "postInitProperties": {}, "editorOnly": false, "platformSpecificPropertyValues": []}}, {"op": "add", "path": "/entities/b0122313b2b8c973", "value": {"parent": "fe8b2b9b1f708dcf", "name": "RoomInclude", "template": "[assembly:/_pro/effects/templates/liquid/fx_liquid.template?/rainkillbox.entitytemplate].pc_entitytype", "blueprint": "[assembly:/_pro/effects/templates/liquid/fx_liquid.template?/rainkillbox.entitytemplate].pc_entityblueprint", "properties": {"m_mTransform": {"type": "SMatrix43", "value": {"rotation": {"x": 0.0, "y": -39.99995040893555, "z": 0.0}, "position": {"x": -0.021950000897049904, "y": 0.12569600343704224, "z": 1.319221019744873}}}, "m_vGlobalSize": {"type": "SVector3", "value": {"x": 3.298719882965088, "y": 6.646639823913574, "z": 3.5142900943756104}}, "m_eidParent": {"type": "SEntityTemplateReference", "value": "fffffffffffffffe"}}, "postInitProperties": {}, "editorOnly": false, "platformSpecificPropertyValues": []}}, {"op": "add", "path": "/entities/8dcf64e2fd9fc994", "value": {"parent": "fe8b2b9b1f708dcf", "name": "RoomInclude 1", "template": "[assembly:/_pro/effects/templates/liquid/fx_liquid.template?/rainkillbox.entitytemplate].pc_entitytype", "blueprint": "[assembly:/_pro/effects/templates/liquid/fx_liquid.template?/rainkillbox.entitytemplate].pc_entityblueprint", "properties": {"m_mTransform": {"type": "SMatrix43", "value": {"rotation": {"x": -180.0, "y": -62.79079818725586, "z": -180.0}, "position": {"x": 1.714156985282898, "y": -0.6687219738960266, "z": 0.43649300932884216}}}, "m_vGlobalSize": {"type": "SVector3", "value": {"x": 2.082279920578003, "y": 6.799990177154541, "z": 2.5786399841308594}}}, "postInitProperties": {"m_eidParent": {"type": "SEntityTemplateReference", "value": "fffffffffffffffe"}}, "editorOnly": false, "platformSpecificPropertyValues": []}}, {"op": "add", "path": "/entities/a0b2b384cc3491fd", "value": {"parent": "fe8b2b9b1f708dcf", "name": "RoomInclude", "template": "[assembly:/_pro/effects/templates/liquid/fx_liquid.template?/rainkillbox.entitytemplate].pc_entitytype", "blueprint": "[assembly:/_pro/effects/templates/liquid/fx_liquid.template?/rainkillbox.entitytemplate].pc_entityblueprint", "properties": {"m_mTransform": {"type": "SMatrix43", "value": {"rotation": {"x": 0.0, "y": 0.0, "z": -140.32461547851562}, "position": {"x": -17.49839973449707, "y": -2.9896090030670166, "z": 5.56013298034668}}}, "m_vGlobalSize": {"type": "SVector3", "value": {"x": 24.05340003967285, "y": 10.661399841308594, "z": 5.584539890289307}}}, "postInitProperties": {"m_eidParent": {"type": "SEntityTemplateReference", "value": "fffffffffffffffe"}}, "editorOnly": false, "platformSpecificPropertyValues": []}}, {"op": "add", "path": "/entities/a24ad05720bb5b96", "value": {"parent": "fe8b2b9b1f708dcf", "name": "RoomInclude 7", "template": "[assembly:/_pro/effects/templates/liquid/fx_liquid.template?/rainkillbox.entitytemplate].pc_entitytype", "blueprint": "[assembly:/_pro/effects/templates/liquid/fx_liquid.template?/rainkillbox.entitytemplate].pc_entityblueprint", "properties": {"m_mTransform": {"type": "SMatrix43", "value": {"rotation": {"x": 0.0, "y": 0.0, "z": 126.6561279296875}, "position": {"x": -13.215959548950195, "y": -1.09381103515625, "z": -1.1731879711151123}}}, "m_vGlobalSize": {"type": "SVector3", "value": {"x": 16.446300506591797, "y": 12.645400047302246, "z": 7.980080127716064}}}, "postInitProperties": {"m_eidParent": {"type": "SEntityTemplateReference", "value": "fffffffffffffffe"}}, "editorOnly": false, "platformSpecificPropertyValues": []}}, {"op": "add", "path": "/entities/dfb520fb98b4aa0b", "value": {"parent": "fe8b2b9b1f708dcf", "name": "RoomInclude", "template": "[assembly:/_pro/effects/templates/liquid/fx_liquid.template?/rainkillbox.entitytemplate].pc_entitytype", "blueprint": "[assembly:/_pro/effects/templates/liquid/fx_liquid.template?/rainkillbox.entitytemplate].pc_entityblueprint", "properties": {"m_mTransform": {"type": "SMatrix43", "value": {"rotation": {"x": 0.0, "y": -39.99995040893555, "z": 6.035381738911383e-05}, "position": {"x": 0.12024950236082077, "y": -0.14523939788341522, "z": 1.4503380060195923}}}, "m_vGlobalSize": {"type": "SVector3", "value": {"x": 3.298719882965088, "y": 6.49806022644043, "z": 3.5327799320220947}}}, "postInitProperties": {"m_eidParent": {"type": "SEntityTemplateReference", "value": "fffffffffffffffe"}}, "editorOnly": false, "platformSpecificPropertyValues": []}}, {"op": "add", "path": "/entities/ecd3c78adbd1c16d", "value": {"parent": "fe8b2b9b1f708dcf", "name": "RainKillBox For Room_Inside_117_Village_Hut_E", "template": "[assembly:/_pro/effects/templates/liquid/fx_liquid.template?/rainkillbox.entitytemplate].pc_entitytype", "blueprint": "[assembly:/_pro/effects/templates/liquid/fx_liquid.template?/rainkillbox.entitytemplate].pc_entityblueprint", "properties": {"m_mTransform": {"type": "SMatrix43", "value": {"rotation": {"x": -0.0, "y": 0.0, "z": 74.99994975205715}, "position": {"x": -37.2795715332, "y": 98.6154632568, "z": 4.9283061028}}}, "m_vGlobalSize": {"type": "SVector3", "value": {"x": 5.174270153045654, "y": 6.598790168762207, "z": 3.321839928627014}}, "m_eidParent": {"type": "SEntityTemplateReference", "value": "fffffffffffffffe"}}, "postInitProperties": {}, "editorOnly": false, "platformSpecificPropertyValues": []}}, {"op": "add", "path": "/entities/ff6232900e04a64c", "value": {"parent": "fe8b2b9b1f708dcf", "name": "RainKillBox For Room_Inside_220_RuinsCellar_G", "template": "[assembly:/_pro/effects/templates/liquid/fx_liquid.template?/rainkillbox.entitytemplate].pc_entitytype", "blueprint": "[assembly:/_pro/effects/templates/liquid/fx_liquid.template?/rainkillbox.entitytemplate].pc_entityblueprint", "properties": {"m_mTransform": {"type": "SMatrix43", "value": {"rotation": {"x": -0.0, "y": 0.0, "z": -0.0}, "position": {"x": -46.0299110413, "y": 287.8604125977, "z": 16.3606300354}}}, "m_vGlobalSize": {"type": "SVector3", "value": {"x": 3.251129984855652, "y": 12.53603982925415, "z": 3.3080700635910034}}, "m_eidParent": {"type": "SEntityTemplateReference", "value": "fffffffffffffffe"}}, "postInitProperties": {}, "editorOnly": false, "platformSpecificPropertyValues": []}}, {"op": "add", "path": "/entities/714480cbf51f9e88", "value": {"parent": "fe8b2b9b1f708dcf", "name": "RoomInclude 3", "template": "[assembly:/_pro/effects/templates/liquid/fx_liquid.template?/rainkillbox.entitytemplate].pc_entitytype", "blueprint": "[assembly:/_pro/effects/templates/liquid/fx_liquid.template?/rainkillbox.entitytemplate].pc_entityblueprint", "properties": {"m_mTransform": {"type": "SMatrix43", "value": {"rotation": {"x": 0.0, "y": 0.0, "z": -17.696090698242188}, "position": {"x": 1.8351900577545166, "y": 13.443039894104004, "z": 1.914739966392517}}}, "m_vGlobalSize": {"type": "SVector3", "value": {"x": 9.363719940185549, "y": 10.76319980621338, "z": 6.618989944458008}}}, "postInitProperties": {"m_eidParent": {"type": "SEntityTemplateReference", "value": "fffffffffffffffe"}}, "editorOnly": false, "platformSpecificPropertyValues": []}}, {"op": "add", "path": "/entities/0d7fa43f17bb83a0", "value": {"parent": "fe8b2b9b1f708dcf", "name": "RainKillBox For Room_Inside_115_Village_Hut_B", "template": "[assembly:/_pro/effects/templates/liquid/fx_liquid.template?/rainkillbox.entitytemplate].pc_entitytype", "blueprint": "[assembly:/_pro/effects/templates/liquid/fx_liquid.template?/rainkillbox.entitytemplate].pc_entityblueprint", "properties": {"m_mTransform": {"type": "SMatrix43", "value": {"rotation": {"x": -0.0, "y": 0.0, "z": -101.00000221101898}, "position": {"x": -4.9922537804, "y": 103.4383010864, "z": 5.5836648941}}}, "m_vGlobalSize": {"type": "SVector3", "value": {"x": 5.155610084533691, "y": 6.664039850234985, "z": 2.871309995651245}}, "m_eidParent": {"type": "SEntityTemplateReference", "value": "fffffffffffffffe"}}, "postInitProperties": {}, "editorOnly": false, "platformSpecificPropertyValues": []}}, {"op": "add", "path": "/entities/0d86557c7a2d32c6", "value": {"parent": "fe8b2b9b1f708dcf", "name": "RainKillBox For Room_Inside_220_RuinsCellar_F", "template": "[assembly:/_pro/effects/templates/liquid/fx_liquid.template?/rainkillbox.entitytemplate].pc_entitytype", "blueprint": "[assembly:/_pro/effects/templates/liquid/fx_liquid.template?/rainkillbox.entitytemplate].pc_entityblueprint", "properties": {"m_mTransform": {"type": "SMatrix43", "value": {"rotation": {"x": -0.0, "y": 0.0, "z": -0.0}, "position": {"x": -52.6895599365, "y": 266.6228942871, "z": 15.5654802322}}}, "m_vGlobalSize": {"type": "SVector3", "value": {"x": 7.424459934234619, "y": 6.759490013122559, "z": 3.258337914943695}}, "m_eidParent": {"type": "SEntityTemplateReference", "value": "fffffffffffffffe"}}, "postInitProperties": {}, "editorOnly": false, "platformSpecificPropertyValues": []}}, {"op": "add", "path": "/entities/cf33839d5ea04af4", "value": {"parent": "fe8b2b9b1f708dcf", "name": "RainKillBox For Room_Inside_302_Akkas_House_A", "template": "[assembly:/_pro/effects/templates/liquid/fx_liquid.template?/rainkillbox.entitytemplate].pc_entitytype", "blueprint": "[assembly:/_pro/effects/templates/liquid/fx_liquid.template?/rainkillbox.entitytemplate].pc_entityblueprint", "properties": {"m_mTransform": {"type": "SMatrix43", "value": {"rotation": {"x": -0.0, "y": 0.0, "z": 154.80203883292413}, "position": {"x": 49.5339698792, "y": 103.1491012573, "z": 9.8141288757}}}, "m_vGlobalSize": {"type": "SVector3", "value": {"x": 7.778140068054199, "y": 10.314229726791382, "z": 3.632582187652588}}, "m_eidParent": {"type": "SEntityTemplateReference", "value": "fffffffffffffffe"}}, "postInitProperties": {}, "editorOnly": false, "platformSpecificPropertyValues": []}}, {"op": "add", "path": "/entities/f8b60a7f620b451c", "value": {"parent": "fe8b2b9b1f708dcf", "name": "RoomInclude", "template": "[assembly:/_pro/effects/templates/liquid/fx_liquid.template?/rainkillbox.entitytemplate].pc_entitytype", "blueprint": "[assembly:/_pro/effects/templates/liquid/fx_liquid.template?/rainkillbox.entitytemplate].pc_entityblueprint", "properties": {"m_mTransform": {"type": "SMatrix43", "value": {"rotation": {"x": 0.0, "y": 0.0, "z": 179.58883666992188}, "position": {"x": 0.0676880031824112, "y": 8.950089454650879, "z": 2.094283103942871}}}, "m_vGlobalSize": {"type": "SVector3", "value": {"x": 13.482399940490724, "y": 11.766900062561035, "z": 5.511320114135742}}}, "postInitProperties": {"m_eidParent": {"type": "SEntityTemplateReference", "value": "fffffffffffffffe"}}, "editorOnly": false, "platformSpecificPropertyValues": []}}, {"op": "add", "path": "/entities/42d61162b359044a", "value": {"parent": "fe8b2b9b1f708dcf", "name": "RainKillBox For Room_Inside_303_Pirate_Hut_A", "template": "[assembly:/_pro/effects/templates/liquid/fx_liquid.template?/rainkillbox.entitytemplate].pc_entitytype", "blueprint": "[assembly:/_pro/effects/templates/liquid/fx_liquid.template?/rainkillbox.entitytemplate].pc_entityblueprint", "properties": {"m_mTransform": {"type": "SMatrix43", "value": {"rotation": {"x": -0.0, "y": 0.0, "z": 159.71970588217627}, "position": {"x": 48.2139091492, "y": 76.3838424683, "z": 6.5680360794}}}, "m_vGlobalSize": {"type": "SVector3", "value": {"x": 4.999530076980591, "y": 6.512210130691528, "z": 2.9957863837480545}}, "m_eidParent": {"type": "SEntityTemplateReference", "value": "fffffffffffffffe"}}, "postInitProperties": {}, "editorOnly": false, "platformSpecificPropertyValues": []}}, {"op": "add", "path": "/entities/6081a20cfc30fb51", "value": {"parent": "fe8b2b9b1f708dcf", "name": "RainKillBox For Room_Inside_220_RuinsCellar_A", "template": "[assembly:/_pro/effects/templates/liquid/fx_liquid.template?/rainkillbox.entitytemplate].pc_entitytype", "blueprint": "[assembly:/_pro/effects/templates/liquid/fx_liquid.template?/rainkillbox.entitytemplate].pc_entityblueprint", "properties": {"m_mTransform": {"type": "SMatrix43", "value": {"rotation": {"x": -0.0, "y": 0.0, "z": -0.0}, "position": {"x": -44.4841804504, "y": 277.2434997559, "z": 15.0}}}, "m_vGlobalSize": {"type": "SVector3", "value": {"x": 25.896899223327637, "y": 20.37114977836609, "z": 3.752900093793869}}, "m_eidParent": {"type": "SEntityTemplateReference", "value": "fffffffffffffffe"}}, "postInitProperties": {}, "editorOnly": false, "platformSpecificPropertyValues": []}}, {"op": "add", "path": "/entities/2e5125fb0ef74393", "value": {"parent": "fe8b2b9b1f708dcf", "name": "RoomInclude 5", "template": "[assembly:/_pro/effects/templates/liquid/fx_liquid.template?/rainkillbox.entitytemplate].pc_entitytype", "blueprint": "[assembly:/_pro/effects/templates/liquid/fx_liquid.template?/rainkillbox.entitytemplate].pc_entityblueprint", "properties": {"m_mTransform": {"type": "SMatrix43", "value": {"rotation": {"x": 0.0, "y": 0.0, "z": -153.5765838623047}, "position": {"x": -18.042020797729492, "y": 0.8479920029640198, "z": -1.2933870553970337}}}, "m_vGlobalSize": {"type": "SVector3", "value": {"x": 8.551019668579102, "y": 12.370699882507324, "z": 7.634099960327148}}}, "postInitProperties": {"m_eidParent": {"type": "SEntityTemplateReference", "value": "fffffffffffffffe"}}, "editorOnly": false, "platformSpecificPropertyValues": []}}, {"op": "add", "path": "/entities/0158e12d2d9f4fcb", "value": {"parent": "fe8b2b9b1f708dcf", "name": "RoomInclude", "template": "[assembly:/_pro/effects/templates/liquid/fx_liquid.template?/rainkillbox.entitytemplate].pc_entitytype", "blueprint": "[assembly:/_pro/effects/templates/liquid/fx_liquid.template?/rainkillbox.entitytemplate].pc_entityblueprint", "properties": {"m_mTransform": {"type": "SMatrix43", "value": {"rotation": {"x": 0.0, "y": -72.20930480957031, "z": 0.0}, "position": {"x": -0.6934549808502197, "y": -0.021477000787854195, "z": 1.5330259799957275}}}, "m_vGlobalSize": {"type": "SVector3", "value": {"x": 2.103879928588867, "y": 6.653719902038574, "z": 3.532860040664673}}}, "postInitProperties": {"m_eidParent": {"type": "SEntityTemplateReference", "value": "fffffffffffffffe"}}, "editorOnly": false, "platformSpecificPropertyValues": []}}, {"op": "add", "path": "/entities/0a63491d9d88e9c9", "value": {"parent": "fe8b2b9b1f708dcf", "name": "RoomInclude 2", "template": "[assembly:/_pro/effects/templates/liquid/fx_liquid.template?/rainkillbox.entitytemplate].pc_entitytype", "blueprint": "[assembly:/_pro/effects/templates/liquid/fx_liquid.template?/rainkillbox.entitytemplate].pc_entityblueprint", "properties": {"m_mTransform": {"type": "SMatrix43", "value": {"rotation": {"x": 0.0, "y": 40.00002670288086, "z": 0.0}, "position": {"x": -0.27230098843574524, "y": 0.10236000269651413, "z": 1.4871020317077637}}}, "m_vGlobalSize": {"type": "SVector3", "value": {"x": 3.3706600666046143, "y": 6.646580219268799, "z": 3.555569887161255}}}, "postInitProperties": {"m_eidParent": {"type": "SEntityTemplateReference", "value": "fffffffffffffffe"}}, "editorOnly": false, "platformSpecificPropertyValues": []}}, {"op": "add", "path": "/entities/1dfef4a905aa8045", "value": {"parent": "fe8b2b9b1f708dcf", "name": "RainKillBox For Room_Inside_220_RuinsCellar_B", "template": "[assembly:/_pro/effects/templates/liquid/fx_liquid.template?/rainkillbox.entitytemplate].pc_entitytype", "blueprint": "[assembly:/_pro/effects/templates/liquid/fx_liquid.template?/rainkillbox.entitytemplate].pc_entityblueprint", "properties": {"m_mTransform": {"type": "SMatrix43", "value": {"rotation": {"x": -0.0, "y": 0.0, "z": -0.0}, "position": {"x": -44.4841804504, "y": 277.2434997559, "z": 15.0}}}, "m_vGlobalSize": {"type": "SVector3", "value": {"x": 2.979231059551239, "y": 13.85451078414917, "z": 3.752900093793869}}, "m_eidParent": {"type": "SEntityTemplateReference", "value": "fffffffffffffffe"}}, "postInitProperties": {}, "editorOnly": false, "platformSpecificPropertyValues": []}}, {"op": "add", "path": "/entities/156a76e38adb2f5a", "value": {"parent": "fe8b2b9b1f708dcf", "name": "RoomInclude 3", "template": "[assembly:/_pro/effects/templates/liquid/fx_liquid.template?/rainkillbox.entitytemplate].pc_entitytype", "blueprint": "[assembly:/_pro/effects/templates/liquid/fx_liquid.template?/rainkillbox.entitytemplate].pc_entityblueprint", "properties": {"m_mTransform": {"type": "SMatrix43", "value": {"rotation": {"x": 0.0, "y": 0.0, "z": 128.71368408203125}, "position": {"x": -4.120377063751221, "y": -10.250490188598633, "z": 1.8321750164031982}}}, "m_vGlobalSize": {"type": "SVector3", "value": {"x": 16.333599090576172, "y": 13.190999984741213, "z": 13.990799903869627}}}, "postInitProperties": {"m_eidParent": {"type": "SEntityTemplateReference", "value": "fffffffffffffffe"}}, "editorOnly": false, "platformSpecificPropertyValues": []}}, {"op": "add", "path": "/entities/c1b5f64b6905a239", "value": {"parent": "fe8b2b9b1f708dcf", "name": "RainKillBox For Room_Inside_300_Security_A", "template": "[assembly:/_pro/effects/templates/liquid/fx_liquid.template?/rainkillbox.entitytemplate].pc_entitytype", "blueprint": "[assembly:/_pro/effects/templates/liquid/fx_liquid.template?/rainkillbox.entitytemplate].pc_entityblueprint", "properties": {"m_mTransform": {"type": "SMatrix43", "value": {"rotation": {"x": -0.0, "y": 0.0, "z": -25.19796116707588}, "position": {"x": 51.0652618408, "y": 93.8755569458, "z": 6.2709569931}}}, "m_vGlobalSize": {"type": "SVector3", "value": {"x": 9.498706817626953, "y": 9.990870386362074, "z": 3.7995243221521378}}, "m_eidParent": {"type": "SEntityTemplateReference", "value": "fffffffffffffffe"}}, "postInitProperties": {}, "editorOnly": false, "platformSpecificPropertyValues": []}}, {"op": "add", "path": "/entities/452627195ded8856", "value": {"parent": "fe8b2b9b1f708dcf", "name": "RainKillBox For Room_Inside_250_CaveTunnel_D", "template": "[assembly:/_pro/effects/templates/liquid/fx_liquid.template?/rainkillbox.entitytemplate].pc_entitytype", "blueprint": "[assembly:/_pro/effects/templates/liquid/fx_liquid.template?/rainkillbox.entitytemplate].pc_entityblueprint", "properties": {"m_mTransform": {"type": "SMatrix43", "value": {"rotation": {"x": -0.0, "y": 0.0, "z": -3.0000002250598143}, "position": {"x": -37.4603118896, "y": 245.1269073486, "z": 1.7146470547}}}, "m_vGlobalSize": {"type": "SVector3", "value": {"x": 19.500800132751465, "y": 23.29683017730713, "z": 7.974179983139038}}, "m_eidParent": {"type": "SEntityTemplateReference", "value": "fffffffffffffffe"}}, "postInitProperties": {}, "editorOnly": false, "platformSpecificPropertyValues": []}}, {"op": "add", "path": "/entities/8c8fa66f54098876", "value": {"parent": "fe8b2b9b1f708dcf", "name": "RainKillBox For Room_Inside_220_RuinsCellar_E", "template": "[assembly:/_pro/effects/templates/liquid/fx_liquid.template?/rainkillbox.entitytemplate].pc_entitytype", "blueprint": "[assembly:/_pro/effects/templates/liquid/fx_liquid.template?/rainkillbox.entitytemplate].pc_entityblueprint", "properties": {"m_mTransform": {"type": "SMatrix43", "value": {"rotation": {"x": -0.0, "y": 0.0, "z": -0.0}, "position": {"x": -42.4236793518, "y": 263.841003418, "z": 15.0}}}, "m_vGlobalSize": {"type": "SVector3", "value": {"x": 12.36445951461792, "y": 6.4220898151397705, "z": 3.0560298189520836}}, "m_eidParent": {"type": "SEntityTemplateReference", "value": "fffffffffffffffe"}}, "postInitProperties": {}, "editorOnly": false, "platformSpecificPropertyValues": []}}, {"op": "add", "path": "/entities/86f9cc7522f3cafa", "value": {"parent": "fe8b2b9b1f708dcf", "name": "FX_E_Rain", "template": "[assembly:/_pro/effects/templates/liquid/fx_liquid.template?/fx_e_rain.entitytemplate].pc_entitytype", "blueprint": "[assembly:/_pro/effects/templates/liquid/fx_liquid.template?/fx_e_rain.entitytemplate].pc_entityblueprint", "properties": {"m_mTransform": {"type": "SMatrix43", "value": {"rotation": {"x": 0.0, "y": 0.0, "z": 0.0}, "position": {"x": 0.0, "y": 0.0, "z": 0.0}}}, "RainWindMultiplier": {"type": "float32", "value": 1.2000000476837158}, "GroundSplashAlpha": {"type": "float32", "value": 0.20000000298023224}, "RainMinimumSize": {"type": "float32", "value": 0.800000011920929}, "RainMaximumSize": {"type": "float32", "value": 1.5}, "RainMotionStretchFactor": {"type": "float32", "value": 5}, "RainReflectivity": {"type": "float32", "value": 0.800000011920929}, "m_fCameraFadeNearDistance": {"type": "float32", "value": 1}, "m_fCameraFadeFarDistance": {"type": "float32", "value": 2}, "RainParticlesPerSecond": {"type": "float32", "value": 4000}, "RainRefraction": {"type": "float32", "value": 5}, "m_fCameraFadeSizeFactor": {"type": "float32", "value": 100}, "RainSplashesFlatGroundEnabled": {"type": "bool", "value": true}, "InfinityRadius": {"type": "float32", "value": 10}}, "postInitProperties": {"ParentHitman": {"type": "SEntityTemplateReference", "value": "d2881205be6c56ed"}, "m_eidParent": {"type": "SEntityTemplateReference", "value": "28a74178a5ece938"}}, "editorOnly": false, "platformSpecificPropertyValues": []}}, {"op": "add", "path": "/entities/f8fe2d72fde8bd1e", "value": {"parent": "fe8b2b9b1f708dcf", "name": "RainKillBox For Room_Inside_121_Village_Hut_H", "template": "[assembly:/_pro/effects/templates/liquid/fx_liquid.template?/rainkillbox.entitytemplate].pc_entitytype", "blueprint": "[assembly:/_pro/effects/templates/liquid/fx_liquid.template?/rainkillbox.entitytemplate].pc_entityblueprint", "properties": {"m_mTransform": {"type": "SMatrix43", "value": {"rotation": {"x": -0.0, "y": 0.0, "z": -103.74351655095134}, "position": {"x": -35.7815589905, "y": 120.2689971924, "z": 5.3494749069}}}, "m_vGlobalSize": {"type": "SVector3", "value": {"x": 5.110120058059692, "y": 7.225139856338501, "z": 3.6991400718688965}}, "m_eidParent": {"type": "SEntityTemplateReference", "value": "fffffffffffffffe"}}, "postInitProperties": {}, "editorOnly": false, "platformSpecificPropertyValues": []}}, {"op": "add", "path": "/entities/0315b82416641fd9", "value": {"parent": "fe8b2b9b1f708dcf", "name": "RoomInclude", "template": "[assembly:/_pro/effects/templates/liquid/fx_liquid.template?/rainkillbox.entitytemplate].pc_entitytype", "blueprint": "[assembly:/_pro/effects/templates/liquid/fx_liquid.template?/rainkillbox.entitytemplate].pc_entityblueprint", "properties": {"m_mTransform": {"type": "SMatrix43", "value": {"rotation": {"x": 0.005295089911669493, "y": -27.465986251831055, "z": 0.021632377058267593}, "position": {"x": 1.0506819486618042, "y": 0.2699989974498749, "z": 2.139648914337158}}}, "m_vGlobalSize": {"type": "SVector3", "value": {"x": 3.4841699600219727, "y": 6.6251702308654785, "z": 1.1695799827575684}}, "m_eidParent": {"type": "SEntityTemplateReference", "value": "fffffffffffffffe"}}, "postInitProperties": {}, "editorOnly": false, "platformSpecificPropertyValues": []}}, {"op": "add", "path": "/entities/6276f8dccada66b6", "value": {"parent": "fe8b2b9b1f708dcf", "name": "RainKillBox For Room_Inside_116_Village_Hut_C", "template": "[assembly:/_pro/effects/templates/liquid/fx_liquid.template?/rainkillbox.entitytemplate].pc_entitytype", "blueprint": "[assembly:/_pro/effects/templates/liquid/fx_liquid.template?/rainkillbox.entitytemplate].pc_entityblueprint", "properties": {"m_mTransform": {"type": "SMatrix43", "value": {"rotation": {"x": -0.0, "y": 0.0, "z": 91.99997117962687}, "position": {"x": -22.2056407928, "y": 93.296913147, "z": 3.7448310852}}}, "m_vGlobalSize": {"type": "SVector3", "value": {"x": 5.110120058059692, "y": 7.1641398668289185, "z": 3.6991400718688965}}, "m_eidParent": {"type": "SEntityTemplateReference", "value": "fffffffffffffffe"}}, "postInitProperties": {}, "editorOnly": false, "platformSpecificPropertyValues": []}}, {"op": "add", "path": "/entities/0ca1ff9abd31eb2a", "value": {"parent": "fe8b2b9b1f708dcf", "name": "RoomInclude", "template": "[assembly:/_pro/effects/templates/liquid/fx_liquid.template?/rainkillbox.entitytemplate].pc_entitytype", "blueprint": "[assembly:/_pro/effects/templates/liquid/fx_liquid.template?/rainkillbox.entitytemplate].pc_entityblueprint", "properties": {"m_mTransform": {"type": "SMatrix43", "value": {"rotation": {"x": 0.0, "y": 0.0, "z": 0.0}, "position": {"x": 0.04943099990487099, "y": 5.4087371826171875, "z": 0.558227002620697}}}, "m_vGlobalSize": {"type": "SVector3", "value": {"x": 1.5082999467849731, "y": 0.6998239755630493, "z": 1.5305700302124023}}}, "postInitProperties": {"m_eidParent": {"type": "SEntityTemplateReference", "value": "fffffffffffffffe"}}, "editorOnly": false, "platformSpecificPropertyValues": []}}, {"op": "add", "path": "/entities/059c4f86d59bb2b9", "value": {"parent": "fe8b2b9b1f708dcf", "name": "RainKillBox For Room_Inside_220_RuinsCellar_D", "template": "[assembly:/_pro/effects/templates/liquid/fx_liquid.template?/rainkillbox.entitytemplate].pc_entitytype", "blueprint": "[assembly:/_pro/effects/templates/liquid/fx_liquid.template?/rainkillbox.entitytemplate].pc_entityblueprint", "properties": {"m_mTransform": {"type": "SMatrix43", "value": {"rotation": {"x": -0.0, "y": 0.0, "z": -0.0}, "position": {"x": -42.4236793518, "y": 270.2804870605, "z": 15.0}}}, "m_vGlobalSize": {"type": "SVector3", "value": {"x": 14.10805010795593, "y": 7.2484400272369385, "z": 3.0560298189520836}}, "m_eidParent": {"type": "SEntityTemplateReference", "value": "fffffffffffffffe"}}, "postInitProperties": {}, "editorOnly": false, "platformSpecificPropertyValues": []}}, {"op": "add", "path": "/entities/cbfd3fd6fe5abb20", "value": {"parent": "fe8b2b9b1f708dcf", "name": "RoomInclude 1", "template": "[assembly:/_pro/effects/templates/liquid/fx_liquid.template?/rainkillbox.entitytemplate].pc_entitytype", "blueprint": "[assembly:/_pro/effects/templates/liquid/fx_liquid.template?/rainkillbox.entitytemplate].pc_entityblueprint", "properties": {"m_mTransform": {"type": "SMatrix43", "value": {"rotation": {"x": -179.96224975585938, "y": -72.59839630126953, "z": -179.9722137451172}, "position": {"x": 3.881355047225952, "y": -0.326992005109787, "z": 0.039002999663352966}}}, "m_vGlobalSize": {"type": "SVector3", "value": {"x": 2.5484700202941895, "y": 13.31070041656494, "z": 8.102930068969727}}}, "postInitProperties": {"m_eidParent": {"type": "SEntityTemplateReference", "value": "fffffffffffffffe"}}, "editorOnly": false, "platformSpecificPropertyValues": []}}, {"op": "add", "path": "/entities/4f3e27f2ec0ebad9", "value": {"parent": "fe8b2b9b1f708dcf", "name": "RoomInclude", "template": "[assembly:/_pro/effects/templates/liquid/fx_liquid.template?/rainkillbox.entitytemplate].pc_entitytype", "blueprint": "[assembly:/_pro/effects/templates/liquid/fx_liquid.template?/rainkillbox.entitytemplate].pc_entityblueprint", "properties": {"m_mTransform": {"type": "SMatrix43", "value": {"rotation": {"x": -0.01712786592543125, "y": -39.999881744384766, "z": -0.00628271047025919}, "position": {"x": 0.11900799721479416, "y": -0.1365170031785965, "z": 1.4503380060195923}}}, "m_vGlobalSize": {"type": "SVector3", "value": {"x": 3.298719882965088, "y": 6.665420055389404, "z": 3.5327799320220947}}}, "postInitProperties": {"m_eidParent": {"type": "SEntityTemplateReference", "value": "fffffffffffffffe"}}, "editorOnly": false, "platformSpecificPropertyValues": []}}, {"op": "add", "path": "/entities/6d26960324ea897b", "value": {"parent": "fe8b2b9b1f708dcf", "name": "RoomInclude", "template": "[assembly:/_pro/effects/templates/liquid/fx_liquid.template?/rainkillbox.entitytemplate].pc_entitytype", "blueprint": "[assembly:/_pro/effects/templates/liquid/fx_liquid.template?/rainkillbox.entitytemplate].pc_entityblueprint", "properties": {"m_mTransform": {"type": "SMatrix43", "value": {"rotation": {"x": 0.0, "y": -72.20930480957031, "z": 0.0}, "position": {"x": -0.2629089951515198, "y": -0.6110860109329224, "z": 0.3559190034866333}}}, "m_vGlobalSize": {"type": "SVector3", "value": {"x": 2.151129961013794, "y": 6.778520107269287, "z": 3.667570114135742}}}, "postInitProperties": {"m_eidParent": {"type": "SEntityTemplateReference", "value": "fffffffffffffffe"}}, "editorOnly": false, "platformSpecificPropertyValues": []}}, {"op": "add", "path": "/entities/c1b2fed09d2f569b", "value": {"parent": "fe8b2b9b1f708dcf", "name": "RainKillBox For Room_Inside_101_WaterHuts_B", "template": "[assembly:/_pro/effects/templates/liquid/fx_liquid.template?/rainkillbox.entitytemplate].pc_entitytype", "blueprint": "[assembly:/_pro/effects/templates/liquid/fx_liquid.template?/rainkillbox.entitytemplate].pc_entityblueprint", "properties": {"m_mTransform": {"type": "SMatrix43", "value": {"rotation": {"x": -0.0, "y": 0.0, "z": -0.0}, "position": {"x": -20.2516498566, "y": 54.5810203552, "z": 4.7347102165}}}, "m_vGlobalSize": {"type": "SVector3", "value": {"x": 5.23157000541687, "y": 6.799720048904419, "z": 3.187350034713745}}, "m_eidParent": {"type": "SEntityTemplateReference", "value": "fffffffffffffffe"}}, "postInitProperties": {}, "editorOnly": false, "platformSpecificPropertyValues": []}}, {"op": "add", "path": "/entities/c6dc1f33e6b6f387", "value": {"parent": "fe8b2b9b1f708dcf", "name": "RainKillBox For Room_Inside_102_WaterHuts_C", "template": "[assembly:/_pro/effects/templates/liquid/fx_liquid.template?/rainkillbox.entitytemplate].pc_entitytype", "blueprint": "[assembly:/_pro/effects/templates/liquid/fx_liquid.template?/rainkillbox.entitytemplate].pc_entityblueprint", "properties": {"m_mTransform": {"type": "SMatrix43", "value": {"rotation": {"x": -0.0, "y": 0.0, "z": -0.0}, "position": {"x": -31.6091709137, "y": 56.3748588562, "z": 4.7347102165}}}, "m_vGlobalSize": {"type": "SVector3", "value": {"x": 5.945739984512329, "y": 7.622869968414307, "z": 3.210960030555725}}, "m_eidParent": {"type": "SEntityTemplateReference", "value": "fffffffffffffffe"}}, "postInitProperties": {}, "editorOnly": false, "platformSpecificPropertyValues": []}}, {"op": "add", "path": "/entities/93081db370274a6b", "value": {"parent": "fe8b2b9b1f708dcf", "name": "RainKillBox For Room_Inside_106_WaterHuts_G", "template": "[assembly:/_pro/effects/templates/liquid/fx_liquid.template?/rainkillbox.entitytemplate].pc_entitytype", "blueprint": "[assembly:/_pro/effects/templates/liquid/fx_liquid.template?/rainkillbox.entitytemplate].pc_entityblueprint", "properties": {"m_mTransform": {"type": "SMatrix43", "value": {"rotation": {"x": -0.0, "y": 0.0, "z": -36.6307788485059}, "position": {"x": -71.1468429565, "y": 58.2317390442, "z": 5.1697850227}}}, "m_vGlobalSize": {"type": "SVector3", "value": {"x": 15.36998987197876, "y": 13.640389919281006, "z": 3.197409003973007}}, "m_eidParent": {"type": "SEntityTemplateReference", "value": "fffffffffffffffe"}}, "postInitProperties": {}, "editorOnly": false, "platformSpecificPropertyValues": []}}, {"op": "add", "path": "/entities/1d90f5b773eeca61", "value": {"parent": "fe8b2b9b1f708dcf", "name": "HitmanRainWetLogic", "template": "00FDB8565FFAA61A", "blueprint": "00609605E8B31DA5", "properties": {}, "postInitProperties": {"DryVolumes": {"type": "TArray<SEntityTemplateReference>", "value": [{"ref": "c1b5f64b6905a239", "externalScene": null, "exposedEntity": "NotInRain"}, {"ref": "15abe5e3a980266e", "externalScene": null, "exposedEntity": "NotInRain"}, {"ref": "6276f8dccada66b6", "externalScene": null, "exposedEntity": "NotInRain"}, {"ref": "e574c33c2ce7357d", "externalScene": null, "exposedEntity": "NotInRain"}, {"ref": "ecd3c78adbd1c16d", "externalScene": null, "exposedEntity": "NotInRain"}, {"ref": "54629e1437af4188", "externalScene": null, "exposedEntity": "NotInRain"}, {"ref": "00d1430476ccb019", "externalScene": null, "exposedEntity": "NotInRain"}, {"ref": "42d61162b359044a", "externalScene": null, "exposedEntity": "NotInRain"}, {"ref": "0d7fa43f17bb83a0", "externalScene": null, "exposedEntity": "NotInRain"}, {"ref": "d05ded00acb23536", "externalScene": null, "exposedEntity": "NotInRain"}, {"ref": "ff6232900e04a64c", "externalScene": null, "exposedEntity": "NotInRain"}, {"ref": "42c6a43a5c58b12c", "externalScene": null, "exposedEntity": "NotInRain"}, {"ref": "dfc2cb0b9199b230", "externalScene": null, "exposedEntity": "NotInRain"}, {"ref": "948eb5ce58bc5be5", "externalScene": null, "exposedEntity": "NotInRain"}, {"ref": "05647e72be77f62b", "externalScene": null, "exposedEntity": "NotInRain"}, {"ref": "612fb4094173fdba", "externalScene": null, "exposedEntity": "NotInRain"}, {"ref": "e6307940e70cf621", "externalScene": null, "exposedEntity": "NotInRain"}, {"ref": "c1b2fed09d2f569b", "externalScene": null, "exposedEntity": "NotInRain"}, {"ref": "2979613ed9fc21bf", "externalScene": null, "exposedEntity": "NotInRain"}, {"ref": "e4e48182e6d8d7d8", "externalScene": null, "exposedEntity": "NotInRain"}, {"ref": "93081db370274a6b", "externalScene": null, "exposedEntity": "NotInRain"}, {"ref": "1dfef4a905aa8045", "externalScene": null, "exposedEntity": "NotInRain"}, {"ref": "f9d92d90bd118ea9", "externalScene": null, "exposedEntity": "NotInRain"}, {"ref": "ab0367f758928749", "externalScene": null, "exposedEntity": "NotInRain"}, {"ref": "6081a20cfc30fb51", "externalScene": null, "exposedEntity": "NotInRain"}, {"ref": "3978859f11f8acc5", "externalScene": null, "exposedEntity": "NotInRain"}, {"ref": "55488a5087375890", "externalScene": null, "exposedEntity": "NotInRain"}, {"ref": "34a15aa8ec80b18c", "externalScene": null, "exposedEntity": "NotInRain"}, {"ref": "8c8fa66f54098876", "externalScene": null, "exposedEntity": "NotInRain"}, {"ref": "059c4f86d59bb2b9", "externalScene": null, "exposedEntity": "NotInRain"}, {"ref": "81b1a9029aefcfe2", "externalScene": null, "exposedEntity": "NotInRain"}, {"ref": "97bf845bbb3e375e", "externalScene": null, "exposedEntity": "NotInRain"}, {"ref": "554639742f87e8f3", "externalScene": null, "exposedEntity": "NotInRain"}, {"ref": "452627195ded8856", "externalScene": null, "exposedEntity": "NotInRain"}, {"ref": "572be2f1474cc9d8", "externalScene": null, "exposedEntity": "NotInRain"}, {"ref": "cf33839d5ea04af4", "externalScene": null, "exposedEntity": "NotInRain"}, {"ref": "7cb2830b8566781b", "externalScene": null, "exposedEntity": "NotInRain"}, {"ref": "7f7b7f06f4f690f1", "externalScene": null, "exposedEntity": "NotInRain"}, {"ref": "ef3c210fa4b707f4", "externalScene": null, "exposedEntity": "NotInRain"}, {"ref": "c6dc1f33e6b6f387", "externalScene": null, "exposedEntity": "NotInRain"}, {"ref": "f8fe2d72fde8bd1e", "externalScene": null, "exposedEntity": "NotInRain"}, {"ref": "c0d9286d91e7fbe2", "externalScene": null, "exposedEntity": "NotInRain"}, {"ref": "a4f10a02748d9c2d", "externalScene": null, "exposedEntity": "NotInRain"}, {"ref": "0d86557c7a2d32c6", "externalScene": null, "exposedEntity": "NotInRain"}, {"ref": "b9d42eac6b3581b3", "externalScene": null, "exposedEntity": "NotInRain"}, {"ref": "2639acf318595d10", "externalScene": null, "exposedEntity": "NotInRain"}, {"ref": "ce59afd63189d52d", "externalScene": null, "exposedEntity": "NotInRain"}, {"ref": "a65b9ef4ed24cb1b", "externalScene": null, "exposedEntity": "NotInRain"}, {"ref": "0ca1ff9abd31eb2a", "externalScene": null, "exposedEntity": "NotInRain"}, {"ref": "ccdb36fe56c2a1b6", "externalScene": null, "exposedEntity": "NotInRain"}, {"ref": "08f51bdcc4f32089", "externalScene": null, "exposedEntity": "NotInRain"}, {"ref": "98dc280b53b0d148", "externalScene": null, "exposedEntity": "NotInRain"}, {"ref": "8a3ee096e79b6152", "externalScene": null, "exposedEntity": "NotInRain"}, {"ref": "bf054f2d2c21e4c7", "externalScene": null, "exposedEntity": "NotInRain"}, {"ref": "f8b60a7f620b451c", "externalScene": null, "exposedEntity": "NotInRain"}, {"ref": "bd4b648a8d97ce8a", "externalScene": null, "exposedEntity": "NotInRain"}, {"ref": "fe995d2d78c693c5", "externalScene": null, "exposedEntity": "NotInRain"}, {"ref": "c4727dfc730cd37f", "externalScene": null, "exposedEntity": "NotInRain"}, {"ref": "739a17af184746a8", "externalScene": null, "exposedEntity": "NotInRain"}, {"ref": "714480cbf51f9e88", "externalScene": null, "exposedEntity": "NotInRain"}, {"ref": "a0b2b384cc3491fd", "externalScene": null, "exposedEntity": "NotInRain"}, {"ref": "8bb420d326243d0e", "externalScene": null, "exposedEntity": "NotInRain"}, {"ref": "cbfd3fd6fe5abb20", "externalScene": null, "exposedEntity": "NotInRain"}, {"ref": "0a63491d9d88e9c9", "externalScene": null, "exposedEntity": "NotInRain"}, {"ref": "2402b5d157f46309", "externalScene": null, "exposedEntity": "NotInRain"}, {"ref": "bf502e507ccb252a", "externalScene": null, "exposedEntity": "NotInRain"}, {"ref": "75a12cf420a263ab", "externalScene": null, "exposedEntity": "NotInRain"}, {"ref": "2e5125fb0ef74393", "externalScene": null, "exposedEntity": "NotInRain"}, {"ref": "27640db325eb17b1", "externalScene": null, "exposedEntity": "NotInRain"}, {"ref": "156a76e38adb2f5a", "externalScene": null, "exposedEntity": "NotInRain"}, {"ref": "4f3e27f2ec0ebad9", "externalScene": null, "exposedEntity": "NotInRain"}, {"ref": "0158e12d2d9f4fcb", "externalScene": null, "exposedEntity": "NotInRain"}, {"ref": "47b5dff72d55fa86", "externalScene": null, "exposedEntity": "NotInRain"}, {"ref": "f5e5956d0989f9c8", "externalScene": null, "exposedEntity": "NotInRain"}, {"ref": "dfb520fb98b4aa0b", "externalScene": null, "exposedEntity": "NotInRain"}, {"ref": "b36c8d340e67f11a", "externalScene": null, "exposedEntity": "NotInRain"}, {"ref": "8dcf64e2fd9fc994", "externalScene": null, "exposedEntity": "NotInRain"}, {"ref": "a24ad05720bb5b96", "externalScene": null, "exposedEntity": "NotInRain"}, {"ref": "6d26960324ea897b", "externalScene": null, "exposedEntity": "NotInRain"}, {"ref": "e6e9d875c2a359b7", "externalScene": null, "exposedEntity": "NotInRain"}, {"ref": "0315b82416641fd9", "externalScene": null, "exposedEntity": "NotInRain"}, {"ref": "f94fa40b67fe2515", "externalScene": null, "exposedEntity": "NotInRain"}, {"ref": "42968f70fec2dde4", "externalScene": null, "exposedEntity": "NotInRain"}, {"ref": "3930ef2cc9f1e1d5", "externalScene": null, "exposedEntity": "NotInRain"}, {"ref": "b0122313b2b8c973", "externalScene": null, "exposedEntity": "NotInRain"}, {"ref": "ad223aae4b8229d6", "externalScene": null, "exposedEntity": "NotInRain"}, {"ref": "75e62005403630dd", "externalScene": null, "exposedEntity": "NotInRain"}, {"ref": "42130f12cdbfa8da", "externalScene": null, "exposedEntity": "NotInRain"}, {"ref": "83e30970b5ae2842", "externalScene": null, "exposedEntity": "NotInRain"}, {"ref": "3186214025703d68", "externalScene": null, "exposedEntity": "NotInRain"}]}}, "editorOnly": false, "platformSpecificPropertyValues": []}}, {"op": "add", "path": "/entities/3978859f11f8acc5", "value": {"parent": "fe8b2b9b1f708dcf", "name": "RainKillBox For Room_Inside_108_WaterHuts_I", "template": "[assembly:/_pro/effects/templates/liquid/fx_liquid.template?/rainkillbox.entitytemplate].pc_entitytype", "blueprint": "[assembly:/_pro/effects/templates/liquid/fx_liquid.template?/rainkillbox.entitytemplate].pc_entityblueprint", "properties": {"m_mTransform": {"type": "SMatrix43", "value": {"rotation": {"x": -0.0, "y": 0.0, "z": -19.999931072331933}, "position": {"x": -8.0334844589, "y": 181.3321075439, "z": 4.6425819397}}}, "m_vGlobalSize": {"type": "SVector3", "value": {"x": 5.271830081939697, "y": 6.737149953842163, "z": 3.2075990438461304}}, "m_eidParent": {"type": "SEntityTemplateReference", "value": "fffffffffffffffe"}}, "postInitProperties": {}, "editorOnly": false, "platformSpecificPropertyValues": []}}, {"op": "add", "path": "/entities/612fb4094173fdba", "value": {"parent": "fe8b2b9b1f708dcf", "name": "RainKillBox For Room_Inside_220_RuinsCellar_H", "template": "[assembly:/_pro/effects/templates/liquid/fx_liquid.template?/rainkillbox.entitytemplate].pc_entitytype", "blueprint": "[assembly:/_pro/effects/templates/liquid/fx_liquid.template?/rainkillbox.entitytemplate].pc_entityblueprint", "properties": {"m_mTransform": {"type": "SMatrix43", "value": {"rotation": {"x": -0.0, "y": 0.0, "z": -0.0}, "position": {"x": -42.5559310913, "y": 287.0227050781, "z": 16.3606300354}}}, "m_vGlobalSize": {"type": "SVector3", "value": {"x": 3.8305599689483643, "y": 11.1139497756958, "z": 2.9789199829101562}}, "m_eidParent": {"type": "SEntityTemplateReference", "value": "fffffffffffffffe"}}, "postInitProperties": {}, "editorOnly": false, "platformSpecificPropertyValues": []}}, {"op": "add", "path": "/entities/55488a5087375890", "value": {"parent": "fe8b2b9b1f708dcf", "name": "RainKillBox For Room_Inside_220_RuinsCellar_C", "template": "[assembly:/_pro/effects/templates/liquid/fx_liquid.template?/rainkillbox.entitytemplate].pc_entitytype", "blueprint": "[assembly:/_pro/effects/templates/liquid/fx_liquid.template?/rainkillbox.entitytemplate].pc_entityblueprint", "properties": {"m_mTransform": {"type": "SMatrix43", "value": {"rotation": {"x": -0.0, "y": 0.0, "z": -0.0}, "position": {"x": -44.4841804504, "y": 277.2434997559, "z": 15.0}}}, "m_vGlobalSize": {"type": "SVector3", "value": {"x": 5.856090068817139, "y": 6.643619537353516, "z": 3.752900093793869}}, "m_eidParent": {"type": "SEntityTemplateReference", "value": "fffffffffffffffe"}}, "postInitProperties": {}, "editorOnly": false, "platformSpecificPropertyValues": []}}, {"op": "add", "path": "/entities/3930ef2cc9f1e1d5", "value": {"parent": "fe8b2b9b1f708dcf", "name": "RoomInclude 2", "template": "[assembly:/_pro/effects/templates/liquid/fx_liquid.template?/rainkillbox.entitytemplate].pc_entitytype", "blueprint": "[assembly:/_pro/effects/templates/liquid/fx_liquid.template?/rainkillbox.entitytemplate].pc_entityblueprint", "properties": {"m_mTransform": {"type": "SMatrix43", "value": {"rotation": {"x": 0.0, "y": 0.0, "z": 176.4085235595703}, "position": {"x": 6.2261199951171875, "y": -11.581040382385254, "z": 0.6144109964370728}}}, "m_vGlobalSize": {"type": "SVector3", "value": {"x": 25.335599899291992, "y": 17.891799926757812, "z": 14.405200004577637}}}, "postInitProperties": {"m_eidParent": {"type": "SEntityTemplateReference", "value": "fffffffffffffffe"}}, "editorOnly": false, "platformSpecificPropertyValues": []}}, {"op": "add", "path": "/entities/97bf845bbb3e375e", "value": {"parent": "fe8b2b9b1f708dcf", "name": "RainKillBox For Room_Inside_111_Bar_B", "template": "[assembly:/_pro/effects/templates/liquid/fx_liquid.template?/rainkillbox.entitytemplate].pc_entitytype", "blueprint": "[assembly:/_pro/effects/templates/liquid/fx_liquid.template?/rainkillbox.entitytemplate].pc_entityblueprint", "properties": {"m_mTransform": {"type": "SMatrix43", "value": {"rotation": {"x": -0.0, "y": 0.0, "z": -14.999998469125293}, "position": {"x": 19.7103404999, "y": 133.7243041992, "z": 3.4020159245}}}, "m_vGlobalSize": {"type": "SVector3", "value": {"x": 8.305020332336426, "y": 8.161489963531494, "z": 3.192739963531494}}, "m_eidParent": {"type": "SEntityTemplateReference", "value": "fffffffffffffffe"}}, "postInitProperties": {}, "editorOnly": false, "platformSpecificPropertyValues": []}}, {"op": "add", "path": "/entities/27640db325eb17b1", "value": {"parent": "fe8b2b9b1f708dcf", "name": "RoomInclude", "template": "[assembly:/_pro/effects/templates/liquid/fx_liquid.template?/rainkillbox.entitytemplate].pc_entitytype", "blueprint": "[assembly:/_pro/effects/templates/liquid/fx_liquid.template?/rainkillbox.entitytemplate].pc_entityblueprint", "properties": {"m_mTransform": {"type": "SMatrix43", "value": {"rotation": {"x": 0.0, "y": 0.0, "z": 0.0}, "position": {"x": -3.509453058242798, "y": -12.963069915771484, "z": 1.463582992553711}}}, "m_vGlobalSize": {"type": "SVector3", "value": {"x": 1.9491900205612185, "y": 6.609220027923584, "z": 3.2223899364471436}}}, "postInitProperties": {"m_eidParent": {"type": "SEntityTemplateReference", "value": "fffffffffffffffe"}}, "editorOnly": false, "platformSpecificPropertyValues": []}}, {"op": "add", "path": "/entities/b36c8d340e67f11a", "value": {"parent": "fe8b2b9b1f708dcf", "name": "RoomInclude 2", "template": "[assembly:/_pro/effects/templates/liquid/fx_liquid.template?/rainkillbox.entitytemplate].pc_entitytype", "blueprint": "[assembly:/_pro/effects/templates/liquid/fx_liquid.template?/rainkillbox.entitytemplate].pc_entityblueprint", "properties": {"m_mTransform": {"type": "SMatrix43", "value": {"rotation": {"x": 0.0, "y": 19.359905242919922, "z": 0.0}, "position": {"x": -0.7724609971046448, "y": 0.1827549934387207, "z": 1.8387199640274048}}}, "m_vGlobalSize": {"type": "SVector3", "value": {"x": 3.713330030441284, "y": 6.604030132293701, "z": 1.7299100160598757}}}, "postInitProperties": {"m_eidParent": {"type": "SEntityTemplateReference", "value": "fffffffffffffffe"}}, "editorOnly": false, "platformSpecificPropertyValues": []}}, {"op": "add", "path": "/entities/e6e9d875c2a359b7", "value": {"parent": "fe8b2b9b1f708dcf", "name": "RoomInclude 2", "template": "[assembly:/_pro/effects/templates/liquid/fx_liquid.template?/rainkillbox.entitytemplate].pc_entitytype", "blueprint": "[assembly:/_pro/effects/templates/liquid/fx_liquid.template?/rainkillbox.entitytemplate].pc_entityblueprint", "properties": {"m_mTransform": {"type": "SMatrix43", "value": {"rotation": {"x": 0.0, "y": 0.0, "z": 164.09153747558594}, "position": {"x": -2.936901092529297, "y": -29.934690475463867, "z": 3.053992986679077}}}, "m_vGlobalSize": {"type": "SVector3", "value": {"x": 17.242799758911133, "y": 22.82469940185547, "z": 9.78090000152588}}}, "postInitProperties": {"m_eidParent": {"type": "SEntityTemplateReference", "value": "fffffffffffffffe"}}, "editorOnly": false, "platformSpecificPropertyValues": []}}, {"op": "add", "path": "/entities/dfc2cb0b9199b230", "value": {"parent": "fe8b2b9b1f708dcf", "name": "RainKillBox For Room_Inside_304_Pirate_Hut_B", "template": "[assembly:/_pro/effects/templates/liquid/fx_liquid.template?/rainkillbox.entitytemplate].pc_entitytype", "blueprint": "[assembly:/_pro/effects/templates/liquid/fx_liquid.template?/rainkillbox.entitytemplate].pc_entityblueprint", "properties": {"m_mTransform": {"type": "SMatrix43", "value": {"rotation": {"x": -0.0, "y": 0.0, "z": -18.635412933157177}, "position": {"x": 36.3680801392, "y": 133.2023010254, "z": 6.280752182}}}, "m_vGlobalSize": {"type": "SVector3", "value": {"x": 7.872390031814575, "y": 10.349329948425293, "z": 3.8112881779670715}}, "m_eidParent": {"type": "SEntityTemplateReference", "value": "fffffffffffffffe"}}, "postInitProperties": {}, "editorOnly": false, "platformSpecificPropertyValues": []}}, {"op": "add", "path": "/entities/bf054f2d2c21e4c7", "value": {"parent": "fe8b2b9b1f708dcf", "name": "RoomInclude 6", "template": "[assembly:/_pro/effects/templates/liquid/fx_liquid.template?/rainkillbox.entitytemplate].pc_entitytype", "blueprint": "[assembly:/_pro/effects/templates/liquid/fx_liquid.template?/rainkillbox.entitytemplate].pc_entityblueprint", "properties": {"m_mTransform": {"type": "SMatrix43", "value": {"rotation": {"x": 0.0, "y": 0.0, "z": -143.5980682373047}, "position": {"x": -18.398319244384766, "y": 11.046910285949707, "z": 5.7861480712890625}}}, "m_vGlobalSize": {"type": "SVector3", "value": {"x": 13.08430004119873, "y": 19.3257999420166, "z": 7.405529975891113}}}, "postInitProperties": {"m_eidParent": {"type": "SEntityTemplateReference", "value": "fffffffffffffffe"}}, "editorOnly": false, "platformSpecificPropertyValues": []}}, {"op": "add", "path": "/entities/83e30970b5ae2842", "value": {"parent": "fe8b2b9b1f708dcf", "name": "RoomInclude", "template": "[assembly:/_pro/effects/templates/liquid/fx_liquid.template?/rainkillbox.entitytemplate].pc_entitytype", "blueprint": "[assembly:/_pro/effects/templates/liquid/fx_liquid.template?/rainkillbox.entitytemplate].pc_entityblueprint", "properties": {"m_mTransform": {"type": "SMatrix43", "value": {"rotation": {"x": 0.0, "y": 0.0, "z": -163.70147705078125}, "position": {"x": -1.467208981513977, "y": -19.934459686279297, "z": 1.7195860147476196}}}, "m_vGlobalSize": {"type": "SVector3", "value": {"x": 13.819100379943848, "y": 16.234800338745117, "z": 6.934430122375488}}}, "postInitProperties": {"m_eidParent": {"type": "SEntityTemplateReference", "value": "fffffffffffffffe"}}, "editorOnly": false, "platformSpecificPropertyValues": []}}, {"op": "add", "path": "/entities/a4f10a02748d9c2d", "value": {"parent": "fe8b2b9b1f708dcf", "name": "RainKillBox For Room_Inside_220_RuinsCellar_I", "template": "[assembly:/_pro/effects/templates/liquid/fx_liquid.template?/rainkillbox.entitytemplate].pc_entitytype", "blueprint": "[assembly:/_pro/effects/templates/liquid/fx_liquid.template?/rainkillbox.entitytemplate].pc_entityblueprint", "properties": {"m_mTransform": {"type": "SMatrix43", "value": {"rotation": {"x": -0.0, "y": 0.0, "z": -0.0}, "position": {"x": -56.7140388489, "y": 273.6704101562, "z": 15.5654802322}}}, "m_vGlobalSize": {"type": "SVector3", "value": {"x": 5.501590013504028, "y": 8.416379928588867, "z": 3.6332099437713623}}, "m_eidParent": {"type": "SEntityTemplateReference", "value": "fffffffffffffffe"}}, "postInitProperties": {}, "editorOnly": false, "platformSpecificPropertyValues": []}}, {"op": "add", "path": "/entities/7f7b7f06f4f690f1", "value": {"parent": "fe8b2b9b1f708dcf", "name": "RainKillBox For Room_Inside_110_Bar_A", "template": "[assembly:/_pro/effects/templates/liquid/fx_liquid.template?/rainkillbox.entitytemplate].pc_entitytype", "blueprint": "[assembly:/_pro/effects/templates/liquid/fx_liquid.template?/rainkillbox.entitytemplate].pc_entityblueprint", "properties": {"m_mTransform": {"type": "SMatrix43", "value": {"rotation": {"x": -0.0, "y": 0.0, "z": -14.999939743643711}, "position": {"x": 18.3642807007, "y": 125.8807983398, "z": 3.4020159245}}}, "m_vGlobalSize": {"type": "SVector3", "value": {"x": 6.804110050201416, "y": 7.601460218429565, "z": 3.546120047569275}}, "m_eidParent": {"type": "SEntityTemplateReference", "value": "fffffffffffffffe"}}, "postInitProperties": {}, "editorOnly": false, "platformSpecificPropertyValues": []}}, {"op": "add", "path": "/entities/8a3ee096e79b6152", "value": {"parent": "fe8b2b9b1f708dcf", "name": "RoomInclude 2", "template": "[assembly:/_pro/effects/templates/liquid/fx_liquid.template?/rainkillbox.entitytemplate].pc_entitytype", "blueprint": "[assembly:/_pro/effects/templates/liquid/fx_liquid.template?/rainkillbox.entitytemplate].pc_entityblueprint", "properties": {"m_mTransform": {"type": "SMatrix43", "value": {"rotation": {"x": -0.004082054365426302, "y": 17.359966278076172, "z": 0.3973431885242462}, "position": {"x": -0.8384780287742615, "y": 0.2529889941215515, "z": 1.7846879959106445}}}, "m_vGlobalSize": {"type": "SVector3", "value": {"x": 3.872689962387085, "y": 6.684599876403809, "z": 1.6767200231552124}}}, "postInitProperties": {"m_eidParent": {"type": "SEntityTemplateReference", "value": "fffffffffffffffe"}}, "editorOnly": false, "platformSpecificPropertyValues": []}}, {"op": "add", "path": "/entities/98dc280b53b0d148", "value": {"parent": "fe8b2b9b1f708dcf", "name": "RoomInclude", "template": "[assembly:/_pro/effects/templates/liquid/fx_liquid.template?/rainkillbox.entitytemplate].pc_entitytype", "blueprint": "[assembly:/_pro/effects/templates/liquid/fx_liquid.template?/rainkillbox.entitytemplate].pc_entityblueprint", "properties": {"m_mTransform": {"type": "SMatrix43", "value": {"rotation": {"x": 0.0043116542510688305, "y": 16.906993865966797, "z": -0.028924012556672096}, "position": {"x": -0.7112659811973572, "y": -0.09365099668502808, "z": 2.5561699867248535}}}, "m_vGlobalSize": {"type": "SVector3", "value": {"x": 3.3787500858306885, "y": 6.483580112457275, "z": 1.9487099647521973}}}, "postInitProperties": {"m_eidParent": {"type": "SEntityTemplateReference", "value": "fffffffffffffffe"}}, "editorOnly": false, "platformSpecificPropertyValues": []}}, {"op": "add", "path": "/entities/08f51bdcc4f32089", "value": {"parent": "fe8b2b9b1f708dcf", "name": "RoomInclude", "template": "[assembly:/_pro/effects/templates/liquid/fx_liquid.template?/rainkillbox.entitytemplate].pc_entitytype", "blueprint": "[assembly:/_pro/effects/templates/liquid/fx_liquid.template?/rainkillbox.entitytemplate].pc_entityblueprint", "properties": {"m_mTransform": {"type": "SMatrix43", "value": {"rotation": {"x": 0.0, "y": -27.465986251831055, "z": 0.0}, "position": {"x": 0.8263400197029114, "y": 0.14596599340438843, "z": 2.192884922027588}}}, "m_vGlobalSize": {"type": "SVector3", "value": {"x": 3.03695011138916, "y": 6.6078901290893555, "z": 1.1840499639511108}}}, "postInitProperties": {"m_eidParent": {"type": "SEntityTemplateReference", "value": "fffffffffffffffe"}}, "editorOnly": false, "platformSpecificPropertyValues": []}}, {"op": "add", "path": "/entities/e6307940e70cf621", "value": {"parent": "fe8b2b9b1f708dcf", "name": "RainKillBox For Room_Inside_119_Village_Hut_F", "template": "[assembly:/_pro/effects/templates/liquid/fx_liquid.template?/rainkillbox.entitytemplate].pc_entitytype", "blueprint": "[assembly:/_pro/effects/templates/liquid/fx_liquid.template?/rainkillbox.entitytemplate].pc_entityblueprint", "properties": {"m_mTransform": {"type": "SMatrix43", "value": {"rotation": {"x": -0.0, "y": 0.0, "z": 77.25460683382597}, "position": {"x": -19.4272403717, "y": 112.9470977783, "z": 4.9283061028}}}, "m_vGlobalSize": {"type": "SVector3", "value": {"x": 5.130339860916138, "y": 7.111680030822754, "z": 3.7661900520324707}}, "m_eidParent": {"type": "SEntityTemplateReference", "value": "fffffffffffffffe"}}, "postInitProperties": {}, "editorOnly": false, "platformSpecificPropertyValues": []}}, {"op": "add", "path": "/entities/f9d92d90bd118ea9", "value": {"parent": "fe8b2b9b1f708dcf", "name": "RainKillBox For Room_Inside_125_Village_Hut_M", "template": "[assembly:/_pro/effects/templates/liquid/fx_liquid.template?/rainkillbox.entitytemplate].pc_entitytype", "blueprint": "[assembly:/_pro/effects/templates/liquid/fx_liquid.template?/rainkillbox.entitytemplate].pc_entityblueprint", "properties": {"m_mTransform": {"type": "SMatrix43", "value": {"rotation": {"x": -0.0, "y": 0.0, "z": 48.23860971830757}, "position": {"x": -49.8000183105, "y": 88.7767562866, "z": 6.4302301407}}}, "m_vGlobalSize": {"type": "SVector3", "value": {"x": 4.680420160293579, "y": 5.69488000869751, "z": 3.88332998752594}}, "m_eidParent": {"type": "SEntityTemplateReference", "value": "fffffffffffffffe"}}, "postInitProperties": {}, "editorOnly": false, "platformSpecificPropertyValues": []}}, {"op": "add", "path": "/entities/42c6a43a5c58b12c", "value": {"parent": "fe8b2b9b1f708dcf", "name": "RainKillBox For Room_Inside_103_WaterHuts_D", "template": "[assembly:/_pro/effects/templates/liquid/fx_liquid.template?/rainkillbox.entitytemplate].pc_entitytype", "blueprint": "[assembly:/_pro/effects/templates/liquid/fx_liquid.template?/rainkillbox.entitytemplate].pc_entityblueprint", "properties": {"m_mTransform": {"type": "SMatrix43", "value": {"rotation": {"x": -0.0, "y": 0.0, "z": -0.0}, "position": {"x": -44.3967895508, "y": 53.2020797729, "z": 4.7347102165}}}, "m_vGlobalSize": {"type": "SVector3", "value": {"x": 5.237800121307373, "y": 6.722149848937988, "z": 3.187350034713745}}, "m_eidParent": {"type": "SEntityTemplateReference", "value": "fffffffffffffffe"}}, "postInitProperties": {}, "editorOnly": false, "platformSpecificPropertyValues": []}}, {"op": "add", "path": "/entities/554639742f87e8f3", "value": {"parent": "fe8b2b9b1f708dcf", "name": "RainKillBox For Room_Inside_122_Village_Hut_J", "template": "[assembly:/_pro/effects/templates/liquid/fx_liquid.template?/rainkillbox.entitytemplate].pc_entitytype", "blueprint": "[assembly:/_pro/effects/templates/liquid/fx_liquid.template?/rainkillbox.entitytemplate].pc_entityblueprint", "properties": {"m_mTransform": {"type": "SMatrix43", "value": {"rotation": {"x": -0.0, "y": 0.0, "z": -14.602289957495714}, "position": {"x": 3.9495670795, "y": 94.6402664185, "z": 5.3494749069}}}, "m_vGlobalSize": {"type": "SVector3", "value": {"x": 8.146470069885254, "y": 10.462480068206787, "z": 3.608030080795288}}, "m_eidParent": {"type": "SEntityTemplateReference", "value": "fffffffffffffffe"}}, "postInitProperties": {}, "editorOnly": false, "platformSpecificPropertyValues": []}}, {"op": "add", "path": "/entities/2979613ed9fc21bf", "value": {"parent": "fe8b2b9b1f708dcf", "name": "RainKillBox For Room_Inside_119_Village_Hut_K", "template": "[assembly:/_pro/effects/templates/liquid/fx_liquid.template?/rainkillbox.entitytemplate].pc_entitytype", "blueprint": "[assembly:/_pro/effects/templates/liquid/fx_liquid.template?/rainkillbox.entitytemplate].pc_entityblueprint", "properties": {"m_mTransform": {"type": "SMatrix43", "value": {"rotation": {"x": -0.0, "y": 0.0, "z": 168.2386314429768}, "position": {"x": -55.6969909668, "y": 98.8865966797, "z": 6.4302301407}}}, "m_vGlobalSize": {"type": "SVector3", "value": {"x": 5.130339860916138, "y": 7.146759986877441, "z": 3.7333500385284424}}, "m_eidParent": {"type": "SEntityTemplateReference", "value": "fffffffffffffffe"}}, "postInitProperties": {}, "editorOnly": false, "platformSpecificPropertyValues": []}}, {"op": "add", "path": "/entities/8bb420d326243d0e", "value": {"parent": "fe8b2b9b1f708dcf", "name": "RoomInclude 1", "template": "[assembly:/_pro/effects/templates/liquid/fx_liquid.template?/rainkillbox.entitytemplate].pc_entitytype", "blueprint": "[assembly:/_pro/effects/templates/liquid/fx_liquid.template?/rainkillbox.entitytemplate].pc_entityblueprint", "properties": {"m_mTransform": {"type": "SMatrix43", "value": {"rotation": {"x": -180.0, "y": -62.79067611694336, "z": -180.0}, "position": {"x": 1.2351839542388916, "y": 0.03363800048828125, "z": 1.5090140104293823}}}, "m_vGlobalSize": {"type": "SVector3", "value": {"x": 2.0630900859832764, "y": 6.773550033569336, "z": 2.396059989929199}}}, "postInitProperties": {"m_eidParent": {"type": "SEntityTemplateReference", "value": "fffffffffffffffe"}}, "editorOnly": false, "platformSpecificPropertyValues": []}}, {"op": "add", "path": "/entities/948eb5ce58bc5be5", "value": {"parent": "fe8b2b9b1f708dcf", "name": "RainKillBox For Room_Inside_107_WaterHuts_Hut_H", "template": "[assembly:/_pro/effects/templates/liquid/fx_liquid.template?/rainkillbox.entitytemplate].pc_entitytype", "blueprint": "[assembly:/_pro/effects/templates/liquid/fx_liquid.template?/rainkillbox.entitytemplate].pc_entityblueprint", "properties": {"m_mTransform": {"type": "SMatrix43", "value": {"rotation": {"x": -0.0, "y": 0.0, "z": 151.99991187294992}, "position": {"x": -12.7950401306, "y": 191.1443023682, "z": 3.3836679459}}}, "m_vGlobalSize": {"type": "SVector3", "value": {"x": 5.110120058059692, "y": 7.183849930763245, "z": 3.6991400718688965}}, "m_eidParent": {"type": "SEntityTemplateReference", "value": "fffffffffffffffe"}}, "postInitProperties": {}, "editorOnly": false, "platformSpecificPropertyValues": []}}, {"op": "add", "path": "/entities/fe8b2b9b1f708dcf", "value": {"parent": "fffffffffffffffe", "name": "Rain Effects", "template": "[modules:/zentity.class].pc_entitytype", "blueprint": "[modules:/zentity.class].pc_entityblueprint", "properties": {}, "postInitProperties": {}, "editorOnly": false, "platformSpecificPropertyValues": [], "propertyAliases": []}}, {"op": "add", "path": "/entities/c4727dfc730cd37f", "value": {"parent": "fe8b2b9b1f708dcf", "name": "RoomInclude 2", "template": "[assembly:/_pro/effects/templates/liquid/fx_liquid.template?/rainkillbox.entitytemplate].pc_entitytype", "blueprint": "[assembly:/_pro/effects/templates/liquid/fx_liquid.template?/rainkillbox.entitytemplate].pc_entityblueprint", "properties": {"m_mTransform": {"type": "SMatrix43", "value": {"rotation": {"x": -0.007863957434892654, "y": 17.359966278076172, "z": 0.3984237015247345}, "position": {"x": -0.7846369743347168, "y": 0.054701000452041626, "z": 1.8019360303878784}}}, "m_vGlobalSize": {"type": "SVector3", "value": {"x": 3.7570300102233887, "y": 6.660419940948486, "z": 1.6767200231552124}}}, "postInitProperties": {"m_eidParent": {"type": "SEntityTemplateReference", "value": "fffffffffffffffe"}}, "editorOnly": false, "platformSpecificPropertyValues": []}}, {"op": "add", "path": "/entities/75a12cf420a263ab", "value": {"parent": "fe8b2b9b1f708dcf", "name": "RoomInclude", "template": "[assembly:/_pro/effects/templates/liquid/fx_liquid.template?/rainkillbox.entitytemplate].pc_entitytype", "blueprint": "[assembly:/_pro/effects/templates/liquid/fx_liquid.template?/rainkillbox.entitytemplate].pc_entityblueprint", "properties": {"m_mTransform": {"type": "SMatrix43", "value": {"rotation": {"x": 0.0, "y": -39.99995040893555, "z": 0.0}, "position": {"x": 0.11439500004053116, "y": 0.11152800172567368, "z": 1.4432740211486816}}}, "m_vGlobalSize": {"type": "SVector3", "value": {"x": 3.298719882965088, "y": 6.70182991027832, "z": 3.5142900943756104}}}, "postInitProperties": {"m_eidParent": {"type": "SEntityTemplateReference", "value": "fffffffffffffffe"}}, "editorOnly": false, "platformSpecificPropertyValues": []}}, {"op": "add", "path": "/entities/a65b9ef4ed24cb1b", "value": {"parent": "fe8b2b9b1f708dcf", "name": "RoomInclude 2", "template": "[assembly:/_pro/effects/templates/liquid/fx_liquid.template?/rainkillbox.entitytemplate].pc_entitytype", "blueprint": "[assembly:/_pro/effects/templates/liquid/fx_liquid.template?/rainkillbox.entitytemplate].pc_entityblueprint", "properties": {"m_mTransform": {"type": "SMatrix43", "value": {"rotation": {"x": -0.005135260988026857, "y": -26.799964904785156, "z": -0.021568095311522484}, "position": {"x": 1.1727349758148193, "y": -0.09258999675512314, "z": 2.6248180866241455}}}, "m_vGlobalSize": {"type": "SVector3", "value": {"x": 2.1857500076293945, "y": 6.483580112457275, "z": 1.888219952583313}}}, "postInitProperties": {"m_eidParent": {"type": "SEntityTemplateReference", "value": "fffffffffffffffe"}}, "editorOnly": false, "platformSpecificPropertyValues": []}}, {"op": "add", "path": "/entities/34a15aa8ec80b18c", "value": {"parent": "fe8b2b9b1f708dcf", "name": "RainKillBox For Room_Inside_105_WaterHuts_F", "template": "[assembly:/_pro/effects/templates/liquid/fx_liquid.template?/rainkillbox.entitytemplate].pc_entitytype", "blueprint": "[assembly:/_pro/effects/templates/liquid/fx_liquid.template?/rainkillbox.entitytemplate].pc_entityblueprint", "properties": {"m_mTransform": {"type": "SMatrix43", "value": {"rotation": {"x": -0.0, "y": 0.0, "z": 98.7820958181845}, "position": {"x": -131.5435943604, "y": 148.5928955078, "z": 4.6394047737}}}, "m_vGlobalSize": {"type": "SVector3", "value": {"x": 5.233710050582886, "y": 6.736700057983398, "z": 3.2075990438461304}}, "m_eidParent": {"type": "SEntityTemplateReference", "value": "fffffffffffffffe"}}, "postInitProperties": {}, "editorOnly": false, "platformSpecificPropertyValues": []}}, {"op": "add", "path": "/entities/05647e72be77f62b", "value": {"parent": "fe8b2b9b1f708dcf", "name": "RainKillBox For Room_Inside_100_WaterHuts_A", "template": "[assembly:/_pro/effects/templates/liquid/fx_liquid.template?/rainkillbox.entitytemplate].pc_entitytype", "blueprint": "[assembly:/_pro/effects/templates/liquid/fx_liquid.template?/rainkillbox.entitytemplate].pc_entityblueprint", "properties": {"m_mTransform": {"type": "SMatrix43", "value": {"rotation": {"x": -0.0, "y": 0.0, "z": 14.99999846912529}, "position": {"x": -6.5002388954, "y": 52.3984489441, "z": 3.5354619026}}}, "m_vGlobalSize": {"type": "SVector3", "value": {"x": 5.19815993309021, "y": 6.792420148849487, "z": 3.1630100011825566}}, "m_eidParent": {"type": "SEntityTemplateReference", "value": "fffffffffffffffe"}}, "postInitProperties": {}, "editorOnly": false, "platformSpecificPropertyValues": []}}, {"op": "add", "path": "/entities/bd4b648a8d97ce8a", "value": {"parent": "fe8b2b9b1f708dcf", "name": "RoomInclude 2", "template": "[assembly:/_pro/effects/templates/liquid/fx_liquid.template?/rainkillbox.entitytemplate].pc_entitytype", "blueprint": "[assembly:/_pro/effects/templates/liquid/fx_liquid.template?/rainkillbox.entitytemplate].pc_entityblueprint", "properties": {"m_mTransform": {"type": "SMatrix43", "value": {"rotation": {"x": 0.0, "y": 40.00002670288086, "z": 0.0}, "position": {"x": -0.21936200559139252, "y": -0.13840900361537933, "z": 1.4843599796295166}}}, "m_vGlobalSize": {"type": "SVector3", "value": {"x": 3.3706600666046143, "y": 6.662199974060059, "z": 3.548290014266968}}}, "postInitProperties": {"m_eidParent": {"type": "SEntityTemplateReference", "value": "fffffffffffffffe"}}, "editorOnly": false, "platformSpecificPropertyValues": []}}, {"op": "add", "path": "/entities/54629e1437af4188", "value": {"parent": "fe8b2b9b1f708dcf", "name": "RainKillBox For Room_Inside_118_Village_Hut_E", "template": "[assembly:/_pro/effects/templates/liquid/fx_liquid.template?/rainkillbox.entitytemplate].pc_entitytype", "blueprint": "[assembly:/_pro/effects/templates/liquid/fx_liquid.template?/rainkillbox.entitytemplate].pc_entityblueprint", "properties": {"m_mTransform": {"type": "SMatrix43", "value": {"rotation": {"x": -0.0, "y": 0.0, "z": 12.254649757984819}, "position": {"x": -20.7690792084, "y": 103.3152008057, "z": 4.9283061028}}}, "m_vGlobalSize": {"type": "SVector3", "value": {"x": 5.139810085296631, "y": 7.241690158843994, "z": 3.7661900520324707}}, "m_eidParent": {"type": "SEntityTemplateReference", "value": "fffffffffffffffe"}}, "postInitProperties": {}, "editorOnly": false, "platformSpecificPropertyValues": []}}, {"op": "add", "path": "/entities/f5e5956d0989f9c8", "value": {"parent": "fe8b2b9b1f708dcf", "name": "RoomInclude", "template": "[assembly:/_pro/effects/templates/liquid/fx_liquid.template?/rainkillbox.entitytemplate].pc_entitytype", "blueprint": "[assembly:/_pro/effects/templates/liquid/fx_liquid.template?/rainkillbox.entitytemplate].pc_entityblueprint", "properties": {"m_mTransform": {"type": "SMatrix43", "value": {"rotation": {"x": 0.0, "y": -72.20930480957031, "z": 0.0}, "position": {"x": -0.22636400163173676, "y": -0.5799099802970886, "z": 0.19093799591064453}}}, "m_vGlobalSize": {"type": "SVector3", "value": {"x": 1.8146100044250488, "y": 6.716219902038574, "z": 3.6363699436187744}}}, "postInitProperties": {"m_eidParent": {"type": "SEntityTemplateReference", "value": "fffffffffffffffe"}}, "editorOnly": false, "platformSpecificPropertyValues": []}}, {"op": "add", "path": "/entities/3186214025703d68", "value": {"parent": "fe8b2b9b1f708dcf", "name": "RoomInclude", "template": "[assembly:/_pro/effects/templates/liquid/fx_liquid.template?/rainkillbox.entitytemplate].pc_entitytype", "blueprint": "[assembly:/_pro/effects/templates/liquid/fx_liquid.template?/rainkillbox.entitytemplate].pc_entityblueprint", "properties": {"m_mTransform": {"type": "SMatrix43", "value": {"rotation": {"x": 0.0, "y": -72.20930480957031, "z": 0.0}, "position": {"x": -0.7239270210266113, "y": 0.10021200031042099, "z": 1.5159939527511597}}}, "m_vGlobalSize": {"type": "SVector3", "value": {"x": 2.090059995651245, "y": 6.645969867706299, "z": 3.601289987564087}}, "m_eidParent": {"type": "SEntityTemplateReference", "value": "fffffffffffffffe"}}, "postInitProperties": {}, "editorOnly": false, "platformSpecificPropertyValues": []}}, {"op": "add", "path": "/entities/ef3c210fa4b707f4", "value": {"parent": "fe8b2b9b1f708dcf", "name": "RainKillBox For Room_Inside_113_Bar_D", "template": "[assembly:/_pro/effects/templates/liquid/fx_liquid.template?/rainkillbox.entitytemplate].pc_entitytype", "blueprint": "[assembly:/_pro/effects/templates/liquid/fx_liquid.template?/rainkillbox.entitytemplate].pc_entityblueprint", "properties": {"m_mTransform": {"type": "SMatrix43", "value": {"rotation": {"x": -0.0, "y": 0.0, "z": -14.500001221507064}, "position": {"x": 18.0566101074, "y": 127.641998291, "z": 6.8948779106}}}, "m_vGlobalSize": {"type": "SVector3", "value": {"x": 7.427929997444153, "y": 9.079110145568848, "z": 3.531919836997986}}, "m_eidParent": {"type": "SEntityTemplateReference", "value": "fffffffffffffffe"}}, "postInitProperties": {}, "editorOnly": false, "platformSpecificPropertyValues": []}}, {"op": "add", "path": "/entities/7cb2830b8566781b", "value": {"parent": "fe8b2b9b1f708dcf", "name": "RainKillBox For Room_Inside_240_CaveTunnel_C", "template": "[assembly:/_pro/effects/templates/liquid/fx_liquid.template?/rainkillbox.entitytemplate].pc_entitytype", "blueprint": "[assembly:/_pro/effects/templates/liquid/fx_liquid.template?/rainkillbox.entitytemplate].pc_entityblueprint", "properties": {"m_mTransform": {"type": "SMatrix43", "value": {"rotation": {"x": -0.0, "y": 0.0, "z": -116.44590059839132}, "position": {"x": -82.0585327148, "y": 270.154296875, "z": 3.3942921162}}}, "m_vGlobalSize": {"type": "SVector3", "value": {"x": 15.705900192260742, "y": 17.261020183563232, "z": 9.84919023513794}}, "m_eidParent": {"type": "SEntityTemplateReference", "value": "fffffffffffffffe"}}, "postInitProperties": {}, "editorOnly": false, "platformSpecificPropertyValues": []}}, {"op": "add", "path": "/entities/b9d42eac6b3581b3", "value": {"parent": "fe8b2b9b1f708dcf", "name": "RainKillBox For Room_Inside_210_CaveTunnel_A", "template": "[assembly:/_pro/effects/templates/liquid/fx_liquid.template?/rainkillbox.entitytemplate].pc_entitytype", "blueprint": "[assembly:/_pro/effects/templates/liquid/fx_liquid.template?/rainkillbox.entitytemplate].pc_entityblueprint", "properties": {"m_mTransform": {"type": "SMatrix43", "value": {"rotation": {"x": -0.0, "y": 0.0, "z": 11.099121625524527}, "position": {"x": -42.3576011658, "y": 248.779800415, "z": 2.207545042}}}, "m_vGlobalSize": {"type": "SVector3", "value": {"x": 14.015600442886353, "y": 17.762300491333008, "z": 7.604060053825378}}, "m_eidParent": {"type": "SEntityTemplateReference", "value": "fffffffffffffffe"}}, "postInitProperties": {}, "editorOnly": false, "platformSpecificPropertyValues": []}}, {"op": "add", "path": "/entities/739a17af184746a8", "value": {"parent": "fe8b2b9b1f708dcf", "name": "RoomInclude 1", "template": "[assembly:/_pro/effects/templates/liquid/fx_liquid.template?/rainkillbox.entitytemplate].pc_entitytype", "blueprint": "[assembly:/_pro/effects/templates/liquid/fx_liquid.template?/rainkillbox.entitytemplate].pc_entityblueprint", "properties": {"m_mTransform": {"type": "SMatrix43", "value": {"rotation": {"x": -180.0, "y": -62.79067611694336, "z": -180.0}, "position": {"x": 1.1783430576324463, "y": -0.021480999886989594, "z": 1.5382380485534668}}}, "m_vGlobalSize": {"type": "SVector3", "value": {"x": 2.0630900859832764, "y": 6.653719902038574, "z": 2.268239974975586}}}, "postInitProperties": {"m_eidParent": {"type": "SEntityTemplateReference", "value": "fffffffffffffffe"}}, "editorOnly": false, "platformSpecificPropertyValues": []}}, {"op": "add", "path": "/entities/2402b5d157f46309", "value": {"parent": "fe8b2b9b1f708dcf", "name": "RoomInclude 2", "template": "[assembly:/_pro/effects/templates/liquid/fx_liquid.template?/rainkillbox.entitytemplate].pc_entitytype", "blueprint": "[assembly:/_pro/effects/templates/liquid/fx_liquid.template?/rainkillbox.entitytemplate].pc_entityblueprint", "properties": {"m_mTransform": {"type": "SMatrix43", "value": {"rotation": {"x": -0.008825735189020634, "y": 40.00002670288086, "z": 0.024233372882008553}, "position": {"x": -0.2699809968471527, "y": 0.1715559959411621, "z": 1.4843130111694336}}}, "m_vGlobalSize": {"type": "SVector3", "value": {"x": 3.3706600666046143, "y": 6.7769999504089355, "z": 3.548290014266968}}}, "postInitProperties": {"m_eidParent": {"type": "SEntityTemplateReference", "value": "fffffffffffffffe"}}, "editorOnly": false, "platformSpecificPropertyValues": []}}, {"op": "add", "path": "/entities/d05ded00acb23536", "value": {"parent": "fe8b2b9b1f708dcf", "name": "RainKillBox For Room_Inside_104_WaterHuts_E", "template": "[assembly:/_pro/effects/templates/liquid/fx_liquid.template?/rainkillbox.entitytemplate].pc_entitytype", "blueprint": "[assembly:/_pro/effects/templates/liquid/fx_liquid.template?/rainkillbox.entitytemplate].pc_entityblueprint", "properties": {"m_mTransform": {"type": "SMatrix43", "value": {"rotation": {"x": -0.0, "y": 0.0, "z": -14.999995817658032}, "position": {"x": -55.81798172, "y": 50.671421051, "z": 3.5354619026}}}, "m_vGlobalSize": {"type": "SVector3", "value": {"x": 5.240419864654541, "y": 6.749320030212402, "z": 3.2967599630355835}}, "m_eidParent": {"type": "SEntityTemplateReference", "value": "fffffffffffffffe"}}, "postInitProperties": {}, "editorOnly": false, "platformSpecificPropertyValues": []}}, {"op": "add", "path": "/entities/f94fa40b67fe2515", "value": {"parent": "fe8b2b9b1f708dcf", "name": "RoomInclude 4", "template": "[assembly:/_pro/effects/templates/liquid/fx_liquid.template?/rainkillbox.entitytemplate].pc_entitytype", "blueprint": "[assembly:/_pro/effects/templates/liquid/fx_liquid.template?/rainkillbox.entitytemplate].pc_entityblueprint", "properties": {"m_mTransform": {"type": "SMatrix43", "value": {"rotation": {"x": 0.0, "y": 0.0, "z": 137.84149169921875}, "position": {"x": 6.7642059326171875, "y": -1.8835140466690063, "z": 2.3649520874023438}}}, "m_vGlobalSize": {"type": "SVector3", "value": {"x": 9.400139808654783, "y": 11.468500137329102, "z": 6.2850799560546875}}}, "postInitProperties": {"m_eidParent": {"type": "SEntityTemplateReference", "value": "fffffffffffffffe"}}, "editorOnly": false, "platformSpecificPropertyValues": []}}, {"op": "add", "path": "/entities/c0d9286d91e7fbe2", "value": {"parent": "fe8b2b9b1f708dcf", "name": "RainKillBox For Room_Inside_123_Village_Hut_K", "template": "[assembly:/_pro/effects/templates/liquid/fx_liquid.template?/rainkillbox.entitytemplate].pc_entitytype", "blueprint": "[assembly:/_pro/effects/templates/liquid/fx_liquid.template?/rainkillbox.entitytemplate].pc_entityblueprint", "properties": {"m_mTransform": {"type": "SMatrix43", "value": {"rotation": {"x": -0.0, "y": 0.0, "z": 170.39760164481487}, "position": {"x": -16.376159668, "y": 124.3147964478, "z": 5.3494749069}}}, "m_vGlobalSize": {"type": "SVector3", "value": {"x": 8.16579008102417, "y": 10.460950374603271, "z": 4.06498795747757}}, "m_eidParent": {"type": "SEntityTemplateReference", "value": "fffffffffffffffe"}}, "postInitProperties": {}, "editorOnly": false, "platformSpecificPropertyValues": []}}, {"op": "add", "path": "/entities/81b1a9029aefcfe2", "value": {"parent": "fe8b2b9b1f708dcf", "name": "RainKillBox For Room_Inside_112_Bar_C", "template": "[assembly:/_pro/effects/templates/liquid/fx_liquid.template?/rainkillbox.entitytemplate].pc_entitytype", "blueprint": "[assembly:/_pro/effects/templates/liquid/fx_liquid.template?/rainkillbox.entitytemplate].pc_entityblueprint", "properties": {"m_mTransform": {"type": "SMatrix43", "value": {"rotation": {"x": -0.0, "y": 0.0, "z": -9.999930895803997}, "position": {"x": 8.0360765457, "y": 147.8249053955, "z": 3.7536540031}}}, "m_vGlobalSize": {"type": "SVector3", "value": {"x": 10.32118034362793, "y": 8.095419883728027, "z": 3.738399863243103}}, "m_eidParent": {"type": "SEntityTemplateReference", "value": "fffffffffffffffe"}}, "postInitProperties": {}, "editorOnly": false, "platformSpecificPropertyValues": []}}, {"op": "add", "path": "/entities/ccdb36fe56c2a1b6", "value": {"parent": "fe8b2b9b1f708dcf", "name": "RoomInclude", "template": "[assembly:/_pro/effects/templates/liquid/fx_liquid.template?/rainkillbox.entitytemplate].pc_entitytype", "blueprint": "[assembly:/_pro/effects/templates/liquid/fx_liquid.template?/rainkillbox.entitytemplate].pc_entityblueprint", "properties": {"m_mTransform": {"type": "SMatrix43", "value": {"rotation": {"x": 0.0, "y": 0.0, "z": 0.0}, "position": {"x": -1.631147027015686, "y": 3.829292058944702, "z": 0.39278000593185425}}}, "m_vGlobalSize": {"type": "SVector3", "value": {"x": 2.665839910507202, "y": 1.752940058708191, "z": 2.8884799480438232}}}, "postInitProperties": {"m_eidParent": {"type": "SEntityTemplateReference", "value": "fffffffffffffffe"}}, "editorOnly": false, "platformSpecificPropertyValues": []}}, {"op": "replace", "path": "/entities/28a74178a5ece938/properties/m_Tags/value", "value": "DustA,RainA"}], "patchVersion": 4}