{
    "tempHash": "00AC8427612939BF",
    "tbluHash": "003C7C77C0743BD4",
    "patch":
    [
        {
            "op": "add",
            "path": "/entities/abcd6b2b692df8e8",
            "value":
            {
                "parent": "fffffffffffffffe",
                "name": "Rain Effects",
                "template": "[modules:/zentity.class].pc_entitytype",
                "blueprint": "[modules:/zentity.class].pc_entityblueprint",
                "properties":
                {},
                "postInitProperties":
                {},
                "editorOnly": false,
                "platformSpecificPropertyValues":
                [],
                "propertyAliases":
                []
            }
        },
        {
            "op": "add",
            "path": "/entities/abcd42a6de2d1e9d",
            "value":
            {
                "parent": "abcd6b2b692df8e8",
                "name": "FX_E_Rain",
                "template": "[assembly:/_pro/effects/templates/liquid/fx_liquid.template?/fx_e_rain.entitytemplate].pc_entitytype",
                "blueprint": "[assembly:/_pro/effects/templates/liquid/fx_liquid.template?/fx_e_rain.entitytemplate].pc_entityblueprint",
                "properties":
                {
                    "m_mTransform":
                    {
                        "type": "SMatrix43",
                        "value":
                        {
                            "rotation":
                            {
                                "x": 0.0,
                                "y": 0.0,
                                "z": 0.0
                            },
                            "position":
                            {
                                "x": 0.0,
                                "y": 0.0,
                                "z": 0.0
                            }
                        }
                    },
                    "RainWindMultiplier":
                    {
                        "type": "float32",
                        "value": 1.2000000476837158
                    },
                    "GroundSplashAlpha":
                    {
                        "type": "float32",
                        "value": 0.20000000298023224
                    },
                    "RainMinimumSize":
                    {
                        "type": "float32",
                        "value": 0.800000011920929
                    },
                    "RainMaximumSize":
                    {
                        "type": "float32",
                        "value": 1.5
                    },
                    "RainMotionStretchFactor":
                    {
                        "type": "float32",
                        "value": 5
                    },
                    "RainReflectivity":
                    {
                        "type": "float32",
                        "value": 0.800000011920929
                    },
                    "m_fCameraFadeNearDistance":
                    {
                        "type": "float32",
                        "value": 1
                    },
                    "m_fCameraFadeFarDistance":
                    {
                        "type": "float32",
                        "value": 2
                    },
                    "RainParticlesPerSecond":
                    {
                        "type": "float32",
                        "value": 4000
                    },
                    "RainRefraction":
                    {
                        "type": "float32",
                        "value": 5
                    },
                    "m_fCameraFadeSizeFactor":
                    {
                        "type": "float32",
                        "value": 100
                    },
                    "RainSplashesFlatGroundEnabled":
                    {
                        "type": "bool",
                        "value": true
                    },
                    "InfinityRadius":
                    {
                        "type": "float32",
                        "value": 10
                    }
                },
                "postInitProperties":
                {
                    "ParentHitman":
                    {
                        "type": "SEntityTemplateReference",
                        "value": "132e0223deb87bda"
                    },
                    "m_eidParent":
                    {
                        "type": "SEntityTemplateReference",
                        "value":
                        {
                            "ref": "630f9164460de833",
                            "externalScene": "[assembly:/_pro/scenes/missions/salty/mission_seagull/scenario_seagull.brick].pc_entitytype"
                        }
                    }
                },
                "editorOnly": false,
                "platformSpecificPropertyValues":
                []
            }
        },
        {
            "op": "add",
            "path": "/entities/abcd52a1b07176b5",
            "value":
            {
                "parent": "abcd6b2b692df8e8",
                "name": "HitmanRainWetLogic",
                "template": "00FDB8565FFAA61A",
                "blueprint": "00609605E8B31DA5",
                "properties":
                {},
                "postInitProperties":
                {
                    "DryVolumes":
                    {
                        "type": "TArray<SEntityTemplateReference>",
                        "value":
                        [
                            {
                                "ref": "abcdd4885946f186",
                                "externalScene": null,
                                "exposedEntity": "NotInRain"
                            }
                        ]
                    }
                },
                "editorOnly": false,
                "platformSpecificPropertyValues":
                []
            }
        },
        {
            "op": "add",
            "path": "/entities/abcdd4885946f186",
            "value":
            {
                "parent": "abcd6b2b692df8e8",
                "name": "RainKillBox For 001_Warehouse_Interior",
                "template": "[assembly:/_pro/effects/templates/liquid/fx_liquid.template?/rainkillbox.entitytemplate].pc_entitytype",
                "blueprint": "[assembly:/_pro/effects/templates/liquid/fx_liquid.template?/rainkillbox.entitytemplate].pc_entityblueprint",
                "properties":
                {
                    "m_mTransform":
                    {
                        "type": "SMatrix43",
                        "value":
                        {
                            "rotation":
                            {
                                "x": -0.0,
                                "y": 0.0,
                                "z": -0.0
                            },
                            "position":
                            {
                                "x": 72.0579910278,
                                "y": 12.2616300583,
                                "z": -13.0
                            }
                        }
                    },
                    "m_vGlobalSize":
                    {
                        "type": "SVector3",
                        "value":
                        {
                            "x": 31.900700569099996,
                            "y": 39.1203994751,
                            "z": 9.8886189274
                        }
                    }
                },
                "postInitProperties":
                {},
                "editorOnly": false,
                "platformSpecificPropertyValues":
                []
            }
        }
    ],
    "patchVersion": 4
}