{"tempHash": "0061F5664CA5E39D", "tbluHash": "0093BA77DCA54AD5", "patch": [{"op": "add", "path": "/entities/389fbe7f62ae0f29", "value": {"parent": "30068d18a43f8a39", "name": "RainKillBox For 302_Room_Indoor_BedR", "template": "[assembly:/_pro/effects/templates/liquid/fx_liquid.template?/rainkillbox.entitytemplate].pc_entitytype", "blueprint": "[assembly:/_pro/effects/templates/liquid/fx_liquid.template?/rainkillbox.entitytemplate].pc_entityblueprint", "properties": {"m_mTransform": {"type": "SMatrix43", "value": {"rotation": {"x": -0.0, "y": 0.0, "z": -0.0}, "position": {"x": 0.4413610101, "y": 5.1649222374, "z": 6.6264309883}}}, "m_vGlobalSize": {"type": "SVector3", "value": {"x": 5.7414200305000005, "y": 5.7063688635, "z": 3.4029700756}}, "m_eidParent": {"type": "SEntityTemplateReference", "value": "fffffffffffffffe"}}, "postInitProperties": {}, "editorOnly": false, "platformSpecificPropertyValues": []}}, {"op": "add", "path": "/entities/cfd44104b4d7fd81", "value": {"parent": "30068d18a43f8a39", "name": "RainKillBox For 305_Room_Indoor_Study", "template": "[assembly:/_pro/effects/templates/liquid/fx_liquid.template?/rainkillbox.entitytemplate].pc_entitytype", "blueprint": "[assembly:/_pro/effects/templates/liquid/fx_liquid.template?/rainkillbox.entitytemplate].pc_entityblueprint", "properties": {"m_mTransform": {"type": "SMatrix43", "value": {"rotation": {"x": -0.0, "y": 0.0, "z": -0.0}, "position": {"x": 0.2044750005, "y": 12.5763702393, "z": 6.6414790154}}}, "m_vGlobalSize": {"type": "SVector3", "value": {"x": 14.1287899017, "y": 7.3645498752, "z": 3.8445650636999997}}, "m_eidParent": {"type": "SEntityTemplateReference", "value": "fffffffffffffffe"}}, "postInitProperties": {}, "editorOnly": false, "platformSpecificPropertyValues": []}}, {"op": "add", "path": "/entities/90b5da47ed5f4c17", "value": {"parent": "30068d18a43f8a39", "name": "RainKillBox For 301_Room_Indoor_Bathroom", "template": "[assembly:/_pro/effects/templates/liquid/fx_liquid.template?/rainkillbox.entitytemplate].pc_entitytype", "blueprint": "[assembly:/_pro/effects/templates/liquid/fx_liquid.template?/rainkillbox.entitytemplate].pc_entityblueprint", "properties": {"m_mTransform": {"type": "SMatrix43", "value": {"rotation": {"x": -0.0, "y": 0.0, "z": -0.0}, "position": {"x": 0.4537740052, "y": -4.6423988342, "z": 6.4886188507}}}, "m_vGlobalSize": {"type": "SVector3", "value": {"x": 7.526189804, "y": 4.301880002000001, "z": 3.5523200035}}, "m_eidParent": {"type": "SEntityTemplateReference", "value": "fffffffffffffffe"}}, "postInitProperties": {}, "editorOnly": false, "platformSpecificPropertyValues": []}}, {"op": "add", "path": "/entities/30068d18a43f8a39", "value": {"parent": "fffffffffffffffe", "name": "Rain Effects", "template": "[modules:/zentity.class].pc_entitytype", "blueprint": "[modules:/zentity.class].pc_entityblueprint", "properties": {}, "postInitProperties": {}, "editorOnly": false, "platformSpecificPropertyValues": [], "propertyAliases": []}}, {"op": "add", "path": "/entities/6d307069f81777ce", "value": {"parent": "30068d18a43f8a39", "name": "RainKillBox For 206_Room_Indoor_Side_Deck_Star", "template": "[assembly:/_pro/effects/templates/liquid/fx_liquid.template?/rainkillbox.entitytemplate].pc_entitytype", "blueprint": "[assembly:/_pro/effects/templates/liquid/fx_liquid.template?/rainkillbox.entitytemplate].pc_entityblueprint", "properties": {"m_mTransform": {"type": "SMatrix43", "value": {"rotation": {"x": -0.0, "y": 0.0, "z": -0.0}, "position": {"x": 15.9979801178, "y": 7.5181570053, "z": 3.0448269844}}}, "m_vGlobalSize": {"type": "SVector3", "value": {"x": 4.1429204941, "y": 14.681759834300001, "z": 3.4029700756}}, "m_eidParent": {"type": "SEntityTemplateReference", "value": "fffffffffffffffe"}}, "postInitProperties": {}, "editorOnly": false, "platformSpecificPropertyValues": []}}, {"op": "add", "path": "/entities/fa9e72f40db909cb", "value": {"parent": "30068d18a43f8a39", "name": "RainKillBox For Room Include for 105_Room_Indoor_Corridor (23627)", "template": "[assembly:/_pro/effects/templates/liquid/fx_liquid.template?/rainkillbox.entitytemplate].pc_entitytype", "blueprint": "[assembly:/_pro/effects/templates/liquid/fx_liquid.template?/rainkillbox.entitytemplate].pc_entityblueprint", "properties": {"m_mTransform": {"type": "SMatrix43", "value": {"rotation": {"x": -0.0, "y": 0.0, "z": -0.0}, "position": {"x": -7.87272, "y": -16.2659, "z": 1.15586}}}, "m_vGlobalSize": {"type": "SVector3", "value": {"x": 4.8105401993, "y": 4.5304598808, "z": 3.3095200062}}, "m_eidParent": {"type": "SEntityTemplateReference", "value": "fffffffffffffffe"}}, "postInitProperties": {}, "editorOnly": false, "platformSpecificPropertyValues": []}}, {"op": "add", "path": "/entities/814702ef7749f7c6", "value": {"parent": "30068d18a43f8a39", "name": "RainKillBox For 108_Room_Indoor_Stairs_02", "template": "[assembly:/_pro/effects/templates/liquid/fx_liquid.template?/rainkillbox.entitytemplate].pc_entitytype", "blueprint": "[assembly:/_pro/effects/templates/liquid/fx_liquid.template?/rainkillbox.entitytemplate].pc_entityblueprint", "properties": {"m_mTransform": {"type": "SMatrix43", "value": {"rotation": {"x": -0.0, "y": 0.0, "z": -0.0}, "position": {"x": 5.8337340355, "y": -13.4273300171, "z": 2.596009016}}}, "m_vGlobalSize": {"type": "SVector3", "value": {"x": 1.8490297794, "y": 5.4178999662, "z": 7.368340015499999}}, "m_eidParent": {"type": "SEntityTemplateReference", "value": "fffffffffffffffe"}}, "postInitProperties": {}, "editorOnly": false, "platformSpecificPropertyValues": []}}, {"op": "add", "path": "/entities/dade31733bcadef7", "value": {"parent": "30068d18a43f8a39", "name": "RainKillBox For 112_Room_Outdoor_Dock_Hut_Interior", "template": "[assembly:/_pro/effects/templates/liquid/fx_liquid.template?/rainkillbox.entitytemplate].pc_entitytype", "blueprint": "[assembly:/_pro/effects/templates/liquid/fx_liquid.template?/rainkillbox.entitytemplate].pc_entityblueprint", "properties": {"m_mTransform": {"type": "SMatrix43", "value": {"rotation": {"x": -0.0, "y": 0.0, "z": -0.0}, "position": {"x": -34.2950286865, "y": -23.86977005, "z": 0.3699040115}}}, "m_vGlobalSize": {"type": "SVector3", "value": {"x": 6.312890291199999, "y": 4.2711700202, "z": 3.7574698925}}, "m_eidParent": {"type": "SEntityTemplateReference", "value": "fffffffffffffffe"}}, "postInitProperties": {}, "editorOnly": false, "platformSpecificPropertyValues": []}}, {"op": "add", "path": "/entities/ca19b3bc1f969c98", "value": {"parent": "30068d18a43f8a39", "name": "RainKillBox For 204_Room_Indoor_Loo_A", "template": "[assembly:/_pro/effects/templates/liquid/fx_liquid.template?/rainkillbox.entitytemplate].pc_entitytype", "blueprint": "[assembly:/_pro/effects/templates/liquid/fx_liquid.template?/rainkillbox.entitytemplate].pc_entityblueprint", "properties": {"m_mTransform": {"type": "SMatrix43", "value": {"rotation": {"x": -0.0, "y": 0.0, "z": -0.0}, "position": {"x": 4.3112630844, "y": -4.1525878906, "z": 3.0906860828}}}, "m_vGlobalSize": {"type": "SVector3", "value": {"x": 3.7714839577, "y": 5.1957862378, "z": 3.4029700756}}, "m_eidParent": {"type": "SEntityTemplateReference", "value": "fffffffffffffffe"}}, "postInitProperties": {}, "editorOnly": false, "platformSpecificPropertyValues": []}}, {"op": "add", "path": "/entities/5e8885d857c238a3", "value": {"parent": "30068d18a43f8a39", "name": "RainKillBox For 105_Room_Indoor_Corridor", "template": "[assembly:/_pro/effects/templates/liquid/fx_liquid.template?/rainkillbox.entitytemplate].pc_entitytype", "blueprint": "[assembly:/_pro/effects/templates/liquid/fx_liquid.template?/rainkillbox.entitytemplate].pc_entityblueprint", "properties": {"m_mTransform": {"type": "SMatrix43", "value": {"rotation": {"x": -0.0, "y": 0.0, "z": -0.0}, "position": {"x": 6.1378998756, "y": -0.5924710035, "z": -0.5076140165}}}, "m_vGlobalSize": {"type": "SVector3", "value": {"x": 12.9847296477, "y": 22.338190078700002, "z": 3.4650745763999997}}, "m_eidParent": {"type": "SEntityTemplateReference", "value": "fffffffffffffffe"}}, "postInitProperties": {}, "editorOnly": false, "platformSpecificPropertyValues": []}}, {"op": "add", "path": "/entities/6f66591cc669dc80", "value": {"parent": "30068d18a43f8a39", "name": "RainKillBox For Room Include for 201_Room_Indoor_Bar (26077)", "template": "[assembly:/_pro/effects/templates/liquid/fx_liquid.template?/rainkillbox.entitytemplate].pc_entitytype", "blueprint": "[assembly:/_pro/effects/templates/liquid/fx_liquid.template?/rainkillbox.entitytemplate].pc_entityblueprint", "properties": {"m_mTransform": {"type": "SMatrix43", "value": {"rotation": {"x": -0.0, "y": 0.0, "z": -0.0}, "position": {"x": 6.21933, "y": -14.7433, "z": 4.72412}}}, "m_vGlobalSize": {"type": "SVector3", "value": {"x": 3.1762900352, "y": 4.2797598839, "z": 3.3589699268}}, "m_eidParent": {"type": "SEntityTemplateReference", "value": "fffffffffffffffe"}}, "postInitProperties": {}, "editorOnly": false, "platformSpecificPropertyValues": []}}, {"op": "add", "path": "/entities/b9d1fc69760efb30", "value": {"parent": "30068d18a43f8a39", "name": "RainKillBox For 110_Room_Indoor_Stairs_03", "template": "[assembly:/_pro/effects/templates/liquid/fx_liquid.template?/rainkillbox.entitytemplate].pc_entitytype", "blueprint": "[assembly:/_pro/effects/templates/liquid/fx_liquid.template?/rainkillbox.entitytemplate].pc_entityblueprint", "properties": {"m_mTransform": {"type": "SMatrix43", "value": {"rotation": {"x": -0.0, "y": 0.0, "z": -0.0}, "position": {"x": -0.3096869886, "y": -0.1068169996, "z": 2.596009016}}}, "m_vGlobalSize": {"type": "SVector3", "value": {"x": 2.1121699810999996, "y": 5.6197099686000005, "z": 7.2762901783}}, "m_eidParent": {"type": "SEntityTemplateReference", "value": "fffffffffffffffe"}}, "postInitProperties": {}, "editorOnly": false, "platformSpecificPropertyValues": []}}, {"op": "add", "path": "/entities/58303a33833143cb", "value": {"parent": "30068d18a43f8a39", "name": "HitmanRainWetLogic", "template": "00FDB8565FFAA61A", "blueprint": "00609605E8B31DA5", "properties": {}, "postInitProperties": {"DryVolumes": {"type": "TArray<SEntityTemplateReference>", "value": [{"ref": "5afbbd8b1104835c", "externalScene": null, "exposedEntity": "NotInRain"}, {"ref": "cd108ba76d92f356", "externalScene": null, "exposedEntity": "NotInRain"}, {"ref": "4378411fd2e237a3", "externalScene": null, "exposedEntity": "NotInRain"}, {"ref": "21461aacba728f7c", "externalScene": null, "exposedEntity": "NotInRain"}, {"ref": "b69bab4f4be51c7f", "externalScene": null, "exposedEntity": "NotInRain"}, {"ref": "b102e30d646cefe5", "externalScene": null, "exposedEntity": "NotInRain"}, {"ref": "ea956d12b12bc671", "externalScene": null, "exposedEntity": "NotInRain"}, {"ref": "6d307069f81777ce", "externalScene": null, "exposedEntity": "NotInRain"}, {"ref": "a8290c2c639b048d", "externalScene": null, "exposedEntity": "NotInRain"}, {"ref": "67a1deb8c777bd24", "externalScene": null, "exposedEntity": "NotInRain"}, {"ref": "15be1342cf88f395", "externalScene": null, "exposedEntity": "NotInRain"}, {"ref": "475f29ef3b971da0", "externalScene": null, "exposedEntity": "NotInRain"}, {"ref": "b0acf995f9948e85", "externalScene": null, "exposedEntity": "NotInRain"}, {"ref": "b332752bd8fe6361", "externalScene": null, "exposedEntity": "NotInRain"}, {"ref": "b9d1fc69760efb30", "externalScene": null, "exposedEntity": "NotInRain"}, {"ref": "5e8885d857c238a3", "externalScene": null, "exposedEntity": "NotInRain"}, {"ref": "fa9e72f40db909cb", "externalScene": null, "exposedEntity": "NotInRain"}, {"ref": "d6b5b142989c954a", "externalScene": null, "exposedEntity": "NotInRain"}, {"ref": "35882b2cd50f51c7", "externalScene": null, "exposedEntity": "NotInRain"}, {"ref": "d156544fe2b11f5a", "externalScene": null, "exposedEntity": "NotInRain"}, {"ref": "389fbe7f62ae0f29", "externalScene": null, "exposedEntity": "NotInRain"}, {"ref": "13bcf570952de405", "externalScene": null, "exposedEntity": "NotInRain"}, {"ref": "dd7bf71e5bf5c7a2", "externalScene": null, "exposedEntity": "NotInRain"}, {"ref": "5b98c4ea3d9111f0", "externalScene": null, "exposedEntity": "NotInRain"}, {"ref": "bfcadb347b2e976e", "externalScene": null, "exposedEntity": "NotInRain"}, {"ref": "9d409f79fa13d34d", "externalScene": null, "exposedEntity": "NotInRain"}, {"ref": "2d1c543f0c8fc597", "externalScene": null, "exposedEntity": "NotInRain"}, {"ref": "6f66591cc669dc80", "externalScene": null, "exposedEntity": "NotInRain"}, {"ref": "90b5da47ed5f4c17", "externalScene": null, "exposedEntity": "NotInRain"}, {"ref": "17ae554077baa8df", "externalScene": null, "exposedEntity": "NotInRain"}, {"ref": "dade31733bcadef7", "externalScene": null, "exposedEntity": "NotInRain"}, {"ref": "3407af1177507d1c", "externalScene": null, "exposedEntity": "NotInRain"}, {"ref": "814702ef7749f7c6", "externalScene": null, "exposedEntity": "NotInRain"}, {"ref": "cfd44104b4d7fd81", "externalScene": null, "exposedEntity": "NotInRain"}, {"ref": "6e76dc08f4f0c231", "externalScene": null, "exposedEntity": "NotInRain"}, {"ref": "2979241bf57ed2b6", "externalScene": null, "exposedEntity": "NotInRain"}, {"ref": "ca19b3bc1f969c98", "externalScene": null, "exposedEntity": "NotInRain"}]}}, "editorOnly": false, "platformSpecificPropertyValues": []}}, {"op": "add", "path": "/entities/15be1342cf88f395", "value": {"parent": "30068d18a43f8a39", "name": "RainKillBox For Room Include for 303_Room_Indoor_Corridor (22167)", "template": "[assembly:/_pro/effects/templates/liquid/fx_liquid.template?/rainkillbox.entitytemplate].pc_entitytype", "blueprint": "[assembly:/_pro/effects/templates/liquid/fx_liquid.template?/rainkillbox.entitytemplate].pc_entityblueprint", "properties": {"m_mTransform": {"type": "SMatrix43", "value": {"rotation": {"x": -0.0, "y": 0.0, "z": -0.0}, "position": {"x": -4.69032, "y": -4.81511, "z": 8.43237}}}, "m_vGlobalSize": {"type": "SVector3", "value": {"x": 3.0668599606, "y": 4.3475599289, "z": 3.4696500301}}, "m_eidParent": {"type": "SEntityTemplateReference", "value": "fffffffffffffffe"}}, "postInitProperties": {}, "editorOnly": false, "platformSpecificPropertyValues": []}}, {"op": "add", "path": "/entities/ea956d12b12bc671", "value": {"parent": "30068d18a43f8a39", "name": "RainKillBox For 206_Room_Indoor_Side_Deck_Port", "template": "[assembly:/_pro/effects/templates/liquid/fx_liquid.template?/rainkillbox.entitytemplate].pc_entitytype", "blueprint": "[assembly:/_pro/effects/templates/liquid/fx_liquid.template?/rainkillbox.entitytemplate].pc_entityblueprint", "properties": {"m_mTransform": {"type": "SMatrix43", "value": {"rotation": {"x": -0.0, "y": 0.0, "z": -0.0}, "position": {"x": -2.211648941, "y": 7.5181570053, "z": 3.0448269844}}}, "m_vGlobalSize": {"type": "SVector3", "value": {"x": 4.2014098168, "y": 14.681759834300001, "z": 3.4029700756}}, "m_eidParent": {"type": "SEntityTemplateReference", "value": "fffffffffffffffe"}}, "postInitProperties": {}, "editorOnly": false, "platformSpecificPropertyValues": []}}, {"op": "add", "path": "/entities/67a1deb8c777bd24", "value": {"parent": "30068d18a43f8a39", "name": "RainKillBox For 303_Room_Indoor_Corridor", "template": "[assembly:/_pro/effects/templates/liquid/fx_liquid.template?/rainkillbox.entitytemplate].pc_entitytype", "blueprint": "[assembly:/_pro/effects/templates/liquid/fx_liquid.template?/rainkillbox.entitytemplate].pc_entityblueprint", "properties": {"m_mTransform": {"type": "SMatrix43", "value": {"rotation": {"x": -0.0, "y": 0.0, "z": -0.0}, "position": {"x": -2.803647995, "y": -0.3876760006, "z": 6.5737547874}}}, "m_vGlobalSize": {"type": "SVector3", "value": {"x": 13.9207999706, "y": 6.890899896600001, "z": 3.3638447747}}, "m_eidParent": {"type": "SEntityTemplateReference", "value": "fffffffffffffffe"}}, "postInitProperties": {}, "editorOnly": false, "platformSpecificPropertyValues": []}}, {"op": "add", "path": "/entities/d6b5b142989c954a", "value": {"parent": "30068d18a43f8a39", "name": "RainKillBox For Room Include for 105_Room_Indoor_Corridor (23627)", "template": "[assembly:/_pro/effects/templates/liquid/fx_liquid.template?/rainkillbox.entitytemplate].pc_entitytype", "blueprint": "[assembly:/_pro/effects/templates/liquid/fx_liquid.template?/rainkillbox.entitytemplate].pc_entityblueprint", "properties": {"m_mTransform": {"type": "SMatrix43", "value": {"rotation": {"x": -0.0, "y": 0.0, "z": -0.0}, "position": {"x": 0.693402, "y": -19.1835, "z": 1.15586}}}, "m_vGlobalSize": {"type": "SVector3", "value": {"x": 10.2997999191, "y": 1.7293800116, "z": 3.3095200062}}, "m_eidParent": {"type": "SEntityTemplateReference", "value": "fffffffffffffffe"}}, "postInitProperties": {}, "editorOnly": false, "platformSpecificPropertyValues": []}}, {"op": "add", "path": "/entities/475f29ef3b971da0", "value": {"parent": "30068d18a43f8a39", "name": "RainKillBox For 109_Room_Indoor_Stairs_01", "template": "[assembly:/_pro/effects/templates/liquid/fx_liquid.template?/rainkillbox.entitytemplate].pc_entitytype", "blueprint": "[assembly:/_pro/effects/templates/liquid/fx_liquid.template?/rainkillbox.entitytemplate].pc_entityblueprint", "properties": {"m_mTransform": {"type": "SMatrix43", "value": {"rotation": {"x": -0.0, "y": 0.0, "z": -0.0}, "position": {"x": -10.3382501602, "y": -13.4273300171, "z": 2.596009016}}}, "m_vGlobalSize": {"type": "SVector3", "value": {"x": 1.9139201640999999, "y": 5.401110053, "z": 7.136529922499999}}, "m_eidParent": {"type": "SEntityTemplateReference", "value": "fffffffffffffffe"}}, "postInitProperties": {}, "editorOnly": false, "platformSpecificPropertyValues": []}}, {"op": "add", "path": "/entities/21461aacba728f7c", "value": {"parent": "30068d18a43f8a39", "name": "RainKillBox For 106_Room_Indoor_DressingR", "template": "[assembly:/_pro/effects/templates/liquid/fx_liquid.template?/rainkillbox.entitytemplate].pc_entitytype", "blueprint": "[assembly:/_pro/effects/templates/liquid/fx_liquid.template?/rainkillbox.entitytemplate].pc_entityblueprint", "properties": {"m_mTransform": {"type": "SMatrix43", "value": {"rotation": {"x": -0.0, "y": 0.0, "z": -0.0}, "position": {"x": 4.511370182, "y": -24.6277294159, "z": -0.5076140165}}}, "m_vGlobalSize": {"type": "SVector3", "value": {"x": 10.293009758, "y": 8.9345197677, "z": 3.4029700756}}, "m_eidParent": {"type": "SEntityTemplateReference", "value": "fffffffffffffffe"}}, "postInitProperties": {}, "editorOnly": false, "platformSpecificPropertyValues": []}}, {"op": "add", "path": "/entities/b332752bd8fe6361", "value": {"parent": "30068d18a43f8a39", "name": "RainKillBox For Room Include for 104_Room_Indoor_CarDeck (23032)", "template": "[assembly:/_pro/effects/templates/liquid/fx_liquid.template?/rainkillbox.entitytemplate].pc_entitytype", "blueprint": "[assembly:/_pro/effects/templates/liquid/fx_liquid.template?/rainkillbox.entitytemplate].pc_entityblueprint", "properties": {"m_mTransform": {"type": "SMatrix43", "value": {"rotation": {"x": -0.0, "y": 0.0, "z": -0.0}, "position": {"x": -3.1644, "y": 7.00147, "z": 1.1981}}}, "m_vGlobalSize": {"type": "SVector3", "value": {"x": 11.6335000992, "y": 6.2136898041, "z": 3.3931999207}}, "m_eidParent": {"type": "SEntityTemplateReference", "value": "fffffffffffffffe"}}, "postInitProperties": {}, "editorOnly": false, "platformSpecificPropertyValues": []}}, {"op": "add", "path": "/entities/c2b805b459e671fc", "value": {"parent": "30068d18a43f8a39", "name": "FX_E_Rain", "template": "[assembly:/_pro/effects/templates/liquid/fx_liquid.template?/fx_e_rain.entitytemplate].pc_entitytype", "blueprint": "[assembly:/_pro/effects/templates/liquid/fx_liquid.template?/fx_e_rain.entitytemplate].pc_entityblueprint", "properties": {"m_mTransform": {"type": "SMatrix43", "value": {"rotation": {"x": 0.0, "y": 0.0, "z": 0.0}, "position": {"x": 0.0, "y": 0.0, "z": 0.0}}}, "RainWindMultiplier": {"type": "float32", "value": 1.2000000476837158}, "GroundSplashAlpha": {"type": "float32", "value": 0.20000000298023224}, "RainMinimumSize": {"type": "float32", "value": 0.800000011920929}, "RainMaximumSize": {"type": "float32", "value": 1.5}, "RainMotionStretchFactor": {"type": "float32", "value": 5}, "RainReflectivity": {"type": "float32", "value": 0.800000011920929}, "m_fCameraFadeNearDistance": {"type": "float32", "value": 1}, "m_fCameraFadeFarDistance": {"type": "float32", "value": 2}, "RainParticlesPerSecond": {"type": "float32", "value": 4000}, "RainRefraction": {"type": "float32", "value": 5}, "m_fCameraFadeSizeFactor": {"type": "float32", "value": 100}, "RainSplashesFlatGroundEnabled": {"type": "bool", "value": true}, "InfinityRadius": {"type": "float32", "value": 10}}, "postInitProperties": {"ParentHitman": {"type": "SEntityTemplateReference", "value": "6a561b6be27290db"}, "m_eidParent": {"type": "SEntityTemplateReference", "value": "430268a30ebb43c4"}}, "editorOnly": false, "platformSpecificPropertyValues": []}}, {"op": "add", "path": "/entities/13bcf570952de405", "value": {"parent": "30068d18a43f8a39", "name": "RainKillBox For 101_Room_Indoor_BreakoutR", "template": "[assembly:/_pro/effects/templates/liquid/fx_liquid.template?/rainkillbox.entitytemplate].pc_entitytype", "blueprint": "[assembly:/_pro/effects/templates/liquid/fx_liquid.template?/rainkillbox.entitytemplate].pc_entityblueprint", "properties": {"m_mTransform": {"type": "SMatrix43", "value": {"rotation": {"x": -0.0, "y": 0.0, "z": -0.0}, "position": {"x": 10.4843301773, "y": 11.7438402176, "z": -0.5076140165}}}, "m_vGlobalSize": {"type": "SVector3", "value": {"x": 7.2764302492, "y": 12.8749303817, "z": 3.4029700756}}, "m_eidParent": {"type": "SEntityTemplateReference", "value": "fffffffffffffffe"}}, "postInitProperties": {}, "editorOnly": false, "platformSpecificPropertyValues": []}}, {"op": "add", "path": "/entities/dd7bf71e5bf5c7a2", "value": {"parent": "30068d18a43f8a39", "name": "RainKillBox For 111_Room_Indoor_SunDeck", "template": "[assembly:/_pro/effects/templates/liquid/fx_liquid.template?/rainkillbox.entitytemplate].pc_entitytype", "blueprint": "[assembly:/_pro/effects/templates/liquid/fx_liquid.template?/rainkillbox.entitytemplate].pc_entityblueprint", "properties": {"m_mTransform": {"type": "SMatrix43", "value": {"rotation": {"x": -0.0, "y": 0.0, "z": -0.0}, "position": {"x": 10.693110466, "y": -23.1799907684, "z": -0.5076140165}}}, "m_vGlobalSize": {"type": "SVector3", "value": {"x": 22.028829813, "y": 16.0453901291, "z": 3.4029700756}}, "m_eidParent": {"type": "SEntityTemplateReference", "value": "fffffffffffffffe"}}, "postInitProperties": {}, "editorOnly": false, "platformSpecificPropertyValues": []}}, {"op": "add", "path": "/entities/bfcadb347b2e976e", "value": {"parent": "30068d18a43f8a39", "name": "RainKillBox For 103_Room_Indoor_Cabin_B", "template": "[assembly:/_pro/effects/templates/liquid/fx_liquid.template?/rainkillbox.entitytemplate].pc_entitytype", "blueprint": "[assembly:/_pro/effects/templates/liquid/fx_liquid.template?/rainkillbox.entitytemplate].pc_entityblueprint", "properties": {"m_mTransform": {"type": "SMatrix43", "value": {"rotation": {"x": -0.0, "y": 0.0, "z": -0.0}, "position": {"x": 10.7769699097, "y": -0.7447919846, "z": -0.5076140165}}}, "m_vGlobalSize": {"type": "SVector3", "value": {"x": 4.736199975, "y": 12.607870101900001, "z": 3.6310920715}}, "m_eidParent": {"type": "SEntityTemplateReference", "value": "fffffffffffffffe"}}, "postInitProperties": {}, "editorOnly": false, "platformSpecificPropertyValues": []}}, {"op": "add", "path": "/entities/35882b2cd50f51c7", "value": {"parent": "30068d18a43f8a39", "name": "RainKillBox For Room Include for 105_Room_Indoor_Corridor (23627)", "template": "[assembly:/_pro/effects/templates/liquid/fx_liquid.template?/rainkillbox.entitytemplate].pc_entitytype", "blueprint": "[assembly:/_pro/effects/templates/liquid/fx_liquid.template?/rainkillbox.entitytemplate].pc_entityblueprint", "properties": {"m_mTransform": {"type": "SMatrix43", "value": {"rotation": {"x": -0.0, "y": 0.0, "z": -0.0}, "position": {"x": 9.53715, "y": -16.2515, "z": 1.15586}}}, "m_vGlobalSize": {"type": "SVector3", "value": {"x": 4.8134999275, "y": 4.5591402054, "z": 3.3095200062}}, "m_eidParent": {"type": "SEntityTemplateReference", "value": "fffffffffffffffe"}}, "postInitProperties": {}, "editorOnly": false, "platformSpecificPropertyValues": []}}, {"op": "add", "path": "/entities/5b98c4ea3d9111f0", "value": {"parent": "30068d18a43f8a39", "name": "RainKillBox For 110A_Room_Indoor_Stairs_04", "template": "[assembly:/_pro/effects/templates/liquid/fx_liquid.template?/rainkillbox.entitytemplate].pc_entitytype", "blueprint": "[assembly:/_pro/effects/templates/liquid/fx_liquid.template?/rainkillbox.entitytemplate].pc_entityblueprint", "properties": {"m_mTransform": {"type": "SMatrix43", "value": {"rotation": {"x": -0.0, "y": 0.0, "z": -0.0}, "position": {"x": -0.3096869886, "y": -0.1068169996, "z": 2.596009016}}}, "m_vGlobalSize": {"type": "SVector3", "value": {"x": 2.0857403279, "y": 5.8501505851, "z": 7.2060347795999995}}, "m_eidParent": {"type": "SEntityTemplateReference", "value": "fffffffffffffffe"}}, "postInitProperties": {}, "editorOnly": false, "platformSpecificPropertyValues": []}}, {"op": "add", "path": "/entities/2d1c543f0c8fc597", "value": {"parent": "30068d18a43f8a39", "name": "RainKillBox For Room Include for 201_Room_Indoor_Bar (26077)", "template": "[assembly:/_pro/effects/templates/liquid/fx_liquid.template?/rainkillbox.entitytemplate].pc_entitytype", "blueprint": "[assembly:/_pro/effects/templates/liquid/fx_liquid.template?/rainkillbox.entitytemplate].pc_entityblueprint", "properties": {"m_mTransform": {"type": "SMatrix43", "value": {"rotation": {"x": -0.0, "y": 0.0, "z": -0.0}, "position": {"x": -4.54031, "y": -14.6926, "z": 4.71451}}}, "m_vGlobalSize": {"type": "SVector3", "value": {"x": 3.2252099514, "y": 4.1451401711, "z": 3.2483899593}}, "m_eidParent": {"type": "SEntityTemplateReference", "value": "fffffffffffffffe"}}, "postInitProperties": {}, "editorOnly": false, "platformSpecificPropertyValues": []}}, {"op": "add", "path": "/entities/b102e30d646cefe5", "value": {"parent": "30068d18a43f8a39", "name": "RainKillBox For 107_Room_Indoor_EngineR", "template": "[assembly:/_pro/effects/templates/liquid/fx_liquid.template?/rainkillbox.entitytemplate].pc_entitytype", "blueprint": "[assembly:/_pro/effects/templates/liquid/fx_liquid.template?/rainkillbox.entitytemplate].pc_entityblueprint", "properties": {"m_mTransform": {"type": "SMatrix43", "value": {"rotation": {"x": -0.0, "y": 0.0, "z": -0.0}, "position": {"x": 0.9634259939, "y": -3.9704759121, "z": -0.5076140165}}}, "m_vGlobalSize": {"type": "SVector3", "value": {"x": 6.8515698909000005, "y": 14.742600441, "z": 3.4029700756}}, "m_eidParent": {"type": "SEntityTemplateReference", "value": "fffffffffffffffe"}}, "postInitProperties": {}, "editorOnly": false, "platformSpecificPropertyValues": []}}, {"op": "add", "path": "/entities/d156544fe2b11f5a", "value": {"parent": "30068d18a43f8a39", "name": "RainKillBox For 102_Room_Indoor_Cabin_A", "template": "[assembly:/_pro/effects/templates/liquid/fx_liquid.template?/rainkillbox.entitytemplate].pc_entitytype", "blueprint": "[assembly:/_pro/effects/templates/liquid/fx_liquid.template?/rainkillbox.entitytemplate].pc_entityblueprint", "properties": {"m_mTransform": {"type": "SMatrix43", "value": {"rotation": {"x": -0.0, "y": 0.0, "z": -0.0}, "position": {"x": -6.8119001389, "y": -0.6434410214, "z": -0.5076140165}}}, "m_vGlobalSize": {"type": "SVector3", "value": {"x": 4.8195201159, "y": 12.499710083, "z": 3.4029700756}}, "m_eidParent": {"type": "SEntityTemplateReference", "value": "fffffffffffffffe"}}, "postInitProperties": {}, "editorOnly": false, "platformSpecificPropertyValues": []}}, {"op": "add", "path": "/entities/cd108ba76d92f356", "value": {"parent": "30068d18a43f8a39", "name": "RainKillBox For Room Include for 304_Room_Indoor_Lounge (15149)", "template": "[assembly:/_pro/effects/templates/liquid/fx_liquid.template?/rainkillbox.entitytemplate].pc_entitytype", "blueprint": "[assembly:/_pro/effects/templates/liquid/fx_liquid.template?/rainkillbox.entitytemplate].pc_entityblueprint", "properties": {"m_mTransform": {"type": "SMatrix43", "value": {"rotation": {"x": -0.0, "y": 0.0, "z": -0.0}, "position": {"x": 6.05398, "y": -4.838, "z": 8.29625}}}, "m_vGlobalSize": {"type": "SVector3", "value": {"x": 3.2777099609, "y": 4.2357201576, "z": 3.4216499329}}, "m_eidParent": {"type": "SEntityTemplateReference", "value": "fffffffffffffffe"}}, "postInitProperties": {}, "editorOnly": false, "platformSpecificPropertyValues": []}}, {"op": "add", "path": "/entities/17ae554077baa8df", "value": {"parent": "30068d18a43f8a39", "name": "RainKillBox For 203_Room_Indoor_Kitchen", "template": "[assembly:/_pro/effects/templates/liquid/fx_liquid.template?/rainkillbox.entitytemplate].pc_entitytype", "blueprint": "[assembly:/_pro/effects/templates/liquid/fx_liquid.template?/rainkillbox.entitytemplate].pc_entityblueprint", "properties": {"m_mTransform": {"type": "SMatrix43", "value": {"rotation": {"x": -0.0, "y": 0.0, "z": -0.0}, "position": {"x": 0.5450329781, "y": -14.2016201019, "z": 3.0906860828}}}, "m_vGlobalSize": {"type": "SVector3", "value": {"x": 7.6829097271, "y": 11.9798796177, "z": 3.5710060745}}, "m_eidParent": {"type": "SEntityTemplateReference", "value": "fffffffffffffffe"}}, "postInitProperties": {}, "editorOnly": false, "platformSpecificPropertyValues": []}}, {"op": "add", "path": "/entities/9d409f79fa13d34d", "value": {"parent": "30068d18a43f8a39", "name": "RainKillBox For 201_Room_Indoor_Bar", "template": "[assembly:/_pro/effects/templates/liquid/fx_liquid.template?/rainkillbox.entitytemplate].pc_entitytype", "blueprint": "[assembly:/_pro/effects/templates/liquid/fx_liquid.template?/rainkillbox.entitytemplate].pc_entityblueprint", "properties": {"m_mTransform": {"type": "SMatrix43", "value": {"rotation": {"x": -0.0, "y": 0.0, "z": -0.0}, "position": {"x": 2.8987998962, "y": -23.238079071, "z": 3.0448269844}}}, "m_vGlobalSize": {"type": "SVector3", "value": {"x": 13.917160034199998, "y": 8.826979875600001, "z": 3.4029700756}}, "m_eidParent": {"type": "SEntityTemplateReference", "value": "fffffffffffffffe"}}, "postInitProperties": {}, "editorOnly": false, "platformSpecificPropertyValues": []}}, {"op": "add", "path": "/entities/4378411fd2e237a3", "value": {"parent": "30068d18a43f8a39", "name": "RainKillBox For 401_Room_Indoor_Bridge", "template": "[assembly:/_pro/effects/templates/liquid/fx_liquid.template?/rainkillbox.entitytemplate].pc_entitytype", "blueprint": "[assembly:/_pro/effects/templates/liquid/fx_liquid.template?/rainkillbox.entitytemplate].pc_entityblueprint", "properties": {"m_mTransform": {"type": "SMatrix43", "value": {"rotation": {"x": -0.0, "y": 0.0, "z": -0.0}, "position": {"x": 0.2044750005, "y": 3.7058980465, "z": 10.3025798798}}}, "m_vGlobalSize": {"type": "SVector3", "value": {"x": 9.072619915, "y": 6.935020208400001, "z": 3.4029700756}}, "m_eidParent": {"type": "SEntityTemplateReference", "value": "fffffffffffffffe"}}, "postInitProperties": {}, "editorOnly": false, "platformSpecificPropertyValues": []}}, {"op": "add", "path": "/entities/a8290c2c639b048d", "value": {"parent": "30068d18a43f8a39", "name": "RainKillBox For 205_Room_Indoor_Loo_B", "template": "[assembly:/_pro/effects/templates/liquid/fx_liquid.template?/rainkillbox.entitytemplate].pc_entitytype", "blueprint": "[assembly:/_pro/effects/templates/liquid/fx_liquid.template?/rainkillbox.entitytemplate].pc_entityblueprint", "properties": {"m_mTransform": {"type": "SMatrix43", "value": {"rotation": {"x": -0.0, "y": 0.0, "z": -0.0}, "position": {"x": 0.5450329781, "y": -4.1525878906, "z": 3.0906860828}}}, "m_vGlobalSize": {"type": "SVector3", "value": {"x": 3.7714839577, "y": 5.1757361889, "z": 3.4029700756}}, "m_eidParent": {"type": "SEntityTemplateReference", "value": "fffffffffffffffe"}}, "postInitProperties": {}, "editorOnly": false, "platformSpecificPropertyValues": []}}, {"op": "add", "path": "/entities/b0acf995f9948e85", "value": {"parent": "30068d18a43f8a39", "name": "RainKillBox For 104_Room_Indoor_CarDeck", "template": "[assembly:/_pro/effects/templates/liquid/fx_liquid.template?/rainkillbox.entitytemplate].pc_entitytype", "blueprint": "[assembly:/_pro/effects/templates/liquid/fx_liquid.template?/rainkillbox.entitytemplate].pc_entityblueprint", "properties": {"m_mTransform": {"type": "SMatrix43", "value": {"rotation": {"x": -0.0, "y": 0.0, "z": -0.0}, "position": {"x": -5.2634930611, "y": 12.2620000839, "z": -0.5076140165}}}, "m_vGlobalSize": {"type": "SVector3", "value": {"x": 13.7059702874, "y": 7.9636497498, "z": 3.430897275}}, "m_eidParent": {"type": "SEntityTemplateReference", "value": "fffffffffffffffe"}}, "postInitProperties": {}, "editorOnly": false, "platformSpecificPropertyValues": []}}, {"op": "add", "path": "/entities/2979241bf57ed2b6", "value": {"parent": "30068d18a43f8a39", "name": "RainKillBox For Room Include for 305_Room_Indoor_Study (27147)", "template": "[assembly:/_pro/effects/templates/liquid/fx_liquid.template?/rainkillbox.entitytemplate].pc_entitytype", "blueprint": "[assembly:/_pro/effects/templates/liquid/fx_liquid.template?/rainkillbox.entitytemplate].pc_entityblueprint", "properties": {"m_mTransform": {"type": "SMatrix43", "value": {"rotation": {"x": -0.0, "y": 0.0, "z": -0.0}, "position": {"x": -4.66477, "y": 7.10493, "z": 8.25893}}}, "m_vGlobalSize": {"type": "SVector3", "value": {"x": 3.2430500984, "y": 6.042719841, "z": 3.3550300598}}, "m_eidParent": {"type": "SEntityTemplateReference", "value": "fffffffffffffffe"}}, "postInitProperties": {}, "editorOnly": false, "platformSpecificPropertyValues": []}}, {"op": "add", "path": "/entities/5afbbd8b1104835c", "value": {"parent": "30068d18a43f8a39", "name": "RainKillBox For 304_Room_Indoor_Lounge", "template": "[assembly:/_pro/effects/templates/liquid/fx_liquid.template?/rainkillbox.entitytemplate].pc_entitytype", "blueprint": "[assembly:/_pro/effects/templates/liquid/fx_liquid.template?/rainkillbox.entitytemplate].pc_entityblueprint", "properties": {"m_mTransform": {"type": "SMatrix43", "value": {"rotation": {"x": -0.0, "y": 0.0, "z": -0.0}, "position": {"x": -2.796875, "y": -14.5713300705, "z": 6.7804050446}}}, "m_vGlobalSize": {"type": "SVector3", "value": {"x": 14.074529886299999, "y": 9.854870081000001, "z": 3.3355181068}}, "m_eidParent": {"type": "SEntityTemplateReference", "value": "fffffffffffffffe"}}, "postInitProperties": {}, "editorOnly": false, "platformSpecificPropertyValues": []}}, {"op": "add", "path": "/entities/b69bab4f4be51c7f", "value": {"parent": "30068d18a43f8a39", "name": "RainKillBox For 202_Room_Indoor_InternalR", "template": "[assembly:/_pro/effects/templates/liquid/fx_liquid.template?/rainkillbox.entitytemplate].pc_entitytype", "blueprint": "[assembly:/_pro/effects/templates/liquid/fx_liquid.template?/rainkillbox.entitytemplate].pc_entityblueprint", "properties": {"m_mTransform": {"type": "SMatrix43", "value": {"rotation": {"x": -0.0, "y": 0.0, "z": -0.0}, "position": {"x": 0.437462002, "y": 5.151889801, "z": 2.8480620384}}}, "m_vGlobalSize": {"type": "SVector3", "value": {"x": 5.4311301707999995, "y": 5.1641589105, "z": 3.4760566205}}, "m_eidParent": {"type": "SEntityTemplateReference", "value": "fffffffffffffffe"}}, "postInitProperties": {}, "editorOnly": false, "platformSpecificPropertyValues": []}}, {"op": "add", "path": "/entities/6e76dc08f4f0c231", "value": {"parent": "30068d18a43f8a39", "name": "RainKillBox For Room Include for 305_Room_Indoor_Study (27147)", "template": "[assembly:/_pro/effects/templates/liquid/fx_liquid.template?/rainkillbox.entitytemplate].pc_entitytype", "blueprint": "[assembly:/_pro/effects/templates/liquid/fx_liquid.template?/rainkillbox.entitytemplate].pc_entityblueprint", "properties": {"m_mTransform": {"type": "SMatrix43", "value": {"rotation": {"x": -0.0, "y": 0.0, "z": -0.0}, "position": {"x": 6.33143, "y": 7.14099, "z": 8.30432}}}, "m_vGlobalSize": {"type": "SVector3", "value": {"x": 2.8202900887, "y": 6.0194401741, "z": 3.4137599468}}, "m_eidParent": {"type": "SEntityTemplateReference", "value": "fffffffffffffffe"}}, "postInitProperties": {}, "editorOnly": false, "platformSpecificPropertyValues": []}}, {"op": "add", "path": "/entities/3407af1177507d1c", "value": {"parent": "30068d18a43f8a39", "name": "RainKillBox For 201_Room_Indoor_Lounge", "template": "[assembly:/_pro/effects/templates/liquid/fx_liquid.template?/rainkillbox.entitytemplate].pc_entitytype", "blueprint": "[assembly:/_pro/effects/templates/liquid/fx_liquid.template?/rainkillbox.entitytemplate].pc_entityblueprint", "properties": {"m_mTransform": {"type": "SMatrix43", "value": {"rotation": {"x": -0.0, "y": 0.0, "z": -0.0}, "position": {"x": -2.6996519566, "y": 15.5144701004, "z": 2.9095950127}}}, "m_vGlobalSize": {"type": "SVector3", "value": {"x": 13.9777100086, "y": 32.8766999245, "z": 3.5450687036}}, "m_eidParent": {"type": "SEntityTemplateReference", "value": "fffffffffffffffe"}}, "postInitProperties": {}, "editorOnly": false, "platformSpecificPropertyValues": []}}, {"op": "replace", "path": "/entities/430268a30ebb43c4/properties/m_Tags/value", "value": "Rain,RainA"}], "patchVersion": 4}