{"tempHash": "0081CF067353E524", "tbluHash": "008A26DAC4733ED8", "patch": [{"op": "add", "path": "/entities/8cde7ea73673b1a4", "value": {"parent": "575013d2f86d7f3f", "name": "HitmanRainWetLogic", "template": "00FDB8565FFAA61A", "blueprint": "00609605E8B31DA5", "properties": {}, "postInitProperties": {"DryVolumes": {"type": "TArray<SEntityTemplateReference>", "value": []}}, "editorOnly": false, "platformSpecificPropertyValues": []}}, {"op": "add", "path": "/entities/89f07860792085c4", "value": {"parent": "575013d2f86d7f3f", "name": "FX_E_Rain", "template": "[assembly:/_pro/effects/templates/liquid/fx_liquid.template?/fx_e_rain.entitytemplate].pc_entitytype", "blueprint": "[assembly:/_pro/effects/templates/liquid/fx_liquid.template?/fx_e_rain.entitytemplate].pc_entityblueprint", "properties": {"m_mTransform": {"type": "SMatrix43", "value": {"rotation": {"x": 0.0, "y": 0.0, "z": 0.0}, "position": {"x": 0.0, "y": 0.0, "z": 0.0}}}, "RainWindMultiplier": {"type": "float32", "value": 1.2000000476837158}, "GroundSplashAlpha": {"type": "float32", "value": 0.20000000298023224}, "RainMinimumSize": {"type": "float32", "value": 0.800000011920929}, "RainMaximumSize": {"type": "float32", "value": 1.5}, "RainMotionStretchFactor": {"type": "float32", "value": 5}, "RainReflectivity": {"type": "float32", "value": 0.800000011920929}, "m_fCameraFadeNearDistance": {"type": "float32", "value": 1}, "m_fCameraFadeFarDistance": {"type": "float32", "value": 2}, "RainParticlesPerSecond": {"type": "float32", "value": 4000}, "RainRefraction": {"type": "float32", "value": 5}, "m_fCameraFadeSizeFactor": {"type": "float32", "value": 100}, "RainSplashesFlatGroundEnabled": {"type": "bool", "value": true}, "InfinityRadius": {"type": "float32", "value": 10}}, "postInitProperties": {"ParentHitman": {"type": "SEntityTemplateReference", "value": "20f38b849d69c51b"}, "m_eidParent": {"type": "SEntityTemplateReference", "value": "26fef03c85eaa3ca"}}, "editorOnly": false, "platformSpecificPropertyValues": []}}, {"op": "add", "path": "/entities/575013d2f86d7f3f", "value": {"parent": "fffffffffffffffe", "name": "Rain Effects", "template": "[modules:/zentity.class].pc_entitytype", "blueprint": "[modules:/zentity.class].pc_entityblueprint", "properties": {}, "postInitProperties": {}, "editorOnly": false, "platformSpecificPropertyValues": [], "propertyAliases": []}}, {"op": "replace", "path": "/entities/26fef03c85eaa3ca/properties/m_Tags/value", "value": "InfinitySnow,ColdBreath,RainA"}], "patchVersion": 4}