{"tempHash": "0070350DB311B9D9", "tbluHash": "00B6655C51182972", "patch": [{"op": "add", "path": "/entities/16c1411864f118f1", "value": {"parent": "54b2c5fd13ad125b", "name": "RainKillBox For Room_Inside_302_Gym_ChnagingRoom_A", "template": "[assembly:/_pro/effects/templates/liquid/fx_liquid.template?/rainkillbox.entitytemplate].pc_entitytype", "blueprint": "[assembly:/_pro/effects/templates/liquid/fx_liquid.template?/rainkillbox.entitytemplate].pc_entityblueprint", "properties": {"m_mTransform": {"type": "SMatrix43", "value": {"rotation": {"x": -0.0, "y": 0.0, "z": -0.0}, "position": {"x": 34.450340271, "y": 141.3677978516, "z": 6.0556769371}}}, "m_vGlobalSize": {"type": "SVector3", "value": {"x": 8.0436098576, "y": 6.703220129, "z": 4.680630967}}, "m_eidParent": {"type": "SEntityTemplateReference", "value": "fffffffffffffffe"}}, "postInitProperties": {}, "editorOnly": false, "platformSpecificPropertyValues": []}}, {"op": "add", "path": "/entities/247cc049ddc20f81", "value": {"parent": "54b2c5fd13ad125b", "name": "RainKillBox For Room_Inside_605_Villa_Corridor_A", "template": "[assembly:/_pro/effects/templates/liquid/fx_liquid.template?/rainkillbox.entitytemplate].pc_entitytype", "blueprint": "[assembly:/_pro/effects/templates/liquid/fx_liquid.template?/rainkillbox.entitytemplate].pc_entityblueprint", "properties": {"m_mTransform": {"type": "SMatrix43", "value": {"rotation": {"x": -0.0, "y": 0.0, "z": -0.0}, "position": {"x": -68.424156189, "y": 254.145401001, "z": 11.1273298264}}}, "m_vGlobalSize": {"type": "SVector3", "value": {"x": 9.8506703376, "y": 7.9536399842000005, "z": 4.9192399978}}, "m_eidParent": {"type": "SEntityTemplateReference", "value": "fffffffffffffffe"}}, "postInitProperties": {}, "editorOnly": false, "platformSpecificPropertyValues": []}}, {"op": "add", "path": "/entities/41ff6f05b13317d1", "value": {"parent": "54b2c5fd13ad125b", "name": "RainKillBox For Room_Inside_201_SPA_Massage_A", "template": "[assembly:/_pro/effects/templates/liquid/fx_liquid.template?/rainkillbox.entitytemplate].pc_entitytype", "blueprint": "[assembly:/_pro/effects/templates/liquid/fx_liquid.template?/rainkillbox.entitytemplate].pc_entityblueprint", "properties": {"m_mTransform": {"type": "SMatrix43", "value": {"rotation": {"x": -0.0, "y": 0.0, "z": -0.0}, "position": {"x": 0.5108090043, "y": 165.3383026123, "z": 2.4087030888}}}, "m_vGlobalSize": {"type": "SVector3", "value": {"x": 16.086060524, "y": 8.1020698547, "z": 4.7026736438}}, "m_eidParent": {"type": "SEntityTemplateReference", "value": "fffffffffffffffe"}}, "postInitProperties": {}, "editorOnly": false, "platformSpecificPropertyValues": []}}, {"op": "add", "path": "/entities/82c0f0f72713d688", "value": {"parent": "54b2c5fd13ad125b", "name": "RainKillBox For Room_Inside_111_Restaraunt_Toilet_D", "template": "[assembly:/_pro/effects/templates/liquid/fx_liquid.template?/rainkillbox.entitytemplate].pc_entitytype", "blueprint": "[assembly:/_pro/effects/templates/liquid/fx_liquid.template?/rainkillbox.entitytemplate].pc_entityblueprint", "properties": {"m_mTransform": {"type": "SMatrix43", "value": {"rotation": {"x": -0.0, "y": 0.0, "z": -59.999987266725334}, "position": {"x": -57.8820991516, "y": 114.7661972046, "z": 1.4232929945}}}, "m_vGlobalSize": {"type": "SVector3", "value": {"x": 4.0499299764, "y": 5.488640070000001, "z": 4.3419986442}}, "m_eidParent": {"type": "SEntityTemplateReference", "value": "fffffffffffffffe"}}, "postInitProperties": {}, "editorOnly": false, "platformSpecificPropertyValues": []}}, {"op": "add", "path": "/entities/d6069b61966d1afd", "value": {"parent": "54b2c5fd13ad125b", "name": "RainKillBox For Room_Inside_WaterHut_BathRoom_A", "template": "[assembly:/_pro/effects/templates/liquid/fx_liquid.template?/rainkillbox.entitytemplate].pc_entitytype", "blueprint": "[assembly:/_pro/effects/templates/liquid/fx_liquid.template?/rainkillbox.entitytemplate].pc_entityblueprint", "properties": {"m_mTransform": {"type": "SMatrix43", "value": {"rotation": {"x": -0.0, "y": 0.0, "z": -180.0}, "position": {"x": 10.1931295395, "y": -3.2973539829, "z": 0.0282688104}}}, "m_vGlobalSize": {"type": "SVector3", "value": {"x": 11.8680896759, "y": 5.524809837399999, "z": 4.590247944}}, "m_eidParent": {"type": "SEntityTemplateReference", "value": "fffffffffffffffe"}}, "postInitProperties": {}, "editorOnly": false, "platformSpecificPropertyValues": []}}, {"op": "add", "path": "/entities/645b5ee962e8b2e9", "value": {"parent": "54b2c5fd13ad125b", "name": "RainKillBox For Room Include for Room_Inside_703_Underground_Control_Room (46981)", "template": "[assembly:/_pro/effects/templates/liquid/fx_liquid.template?/rainkillbox.entitytemplate].pc_entitytype", "blueprint": "[assembly:/_pro/effects/templates/liquid/fx_liquid.template?/rainkillbox.entitytemplate].pc_entityblueprint", "properties": {"m_mTransform": {"type": "SMatrix43", "value": {"rotation": {"x": -0.0, "y": 0.0, "z": -0.0}, "position": {"x": -31.1093, "y": 248.652, "z": -7.1653}}}, "m_vGlobalSize": {"type": "SVector3", "value": {"x": 4.8480401039, "y": 3.6560499668, "z": 4.5138101578}}, "m_eidParent": {"type": "SEntityTemplateReference", "value": "fffffffffffffffe"}}, "postInitProperties": {}, "editorOnly": false, "platformSpecificPropertyValues": []}}, {"op": "add", "path": "/entities/a4926c7c8a9b60d8", "value": {"parent": "54b2c5fd13ad125b", "name": "RainKillBox For Room_Inside_308_Gym_Corridor_A", "template": "[assembly:/_pro/effects/templates/liquid/fx_liquid.template?/rainkillbox.entitytemplate].pc_entitytype", "blueprint": "[assembly:/_pro/effects/templates/liquid/fx_liquid.template?/rainkillbox.entitytemplate].pc_entityblueprint", "properties": {"m_mTransform": {"type": "SMatrix43", "value": {"rotation": {"x": -0.0, "y": 0.0, "z": -0.0}, "position": {"x": 40.0903892517, "y": 134.2760009766, "z": 1.7403600216}}}, "m_vGlobalSize": {"type": "SVector3", "value": {"x": 4.1468999386, "y": 10.983229637099999, "z": 4.3573940694}}, "m_eidParent": {"type": "SEntityTemplateReference", "value": "fffffffffffffffe"}}, "postInitProperties": {}, "editorOnly": false, "platformSpecificPropertyValues": []}}, {"op": "add", "path": "/entities/c06724ecca6ee2e3", "value": {"parent": "54b2c5fd13ad125b", "name": "RainKillBox For Room_Inside_207_SPA_TopRoom_C", "template": "[assembly:/_pro/effects/templates/liquid/fx_liquid.template?/rainkillbox.entitytemplate].pc_entitytype", "blueprint": "[assembly:/_pro/effects/templates/liquid/fx_liquid.template?/rainkillbox.entitytemplate].pc_entityblueprint", "properties": {"m_mTransform": {"type": "SMatrix43", "value": {"rotation": {"x": -0.0, "y": 0.0, "z": -0.0}, "position": {"x": -6.6704277992, "y": 170.6887054443, "z": 7.7702841759}}}, "m_vGlobalSize": {"type": "SVector3", "value": {"x": 8.821969986, "y": 10.3373398781, "z": 4.1043000221}}, "m_eidParent": {"type": "SEntityTemplateReference", "value": "fffffffffffffffe"}}, "postInitProperties": {}, "editorOnly": false, "platformSpecificPropertyValues": []}}, {"op": "add", "path": "/entities/f88950caad25f53f", "value": {"parent": "54b2c5fd13ad125b", "name": "RainKillBox For Room Include for Room_Inside_700_Underground_Server_Room (48779)", "template": "[assembly:/_pro/effects/templates/liquid/fx_liquid.template?/rainkillbox.entitytemplate].pc_entitytype", "blueprint": "[assembly:/_pro/effects/templates/liquid/fx_liquid.template?/rainkillbox.entitytemplate].pc_entityblueprint", "properties": {"m_mTransform": {"type": "SMatrix43", "value": {"rotation": {"x": -0.0, "y": 0.0, "z": -0.0}, "position": {"x": -60.1752, "y": 275.742, "z": -9.0798}}}, "m_vGlobalSize": {"type": "SVector3", "value": {"x": 3.8298199177, "y": 25.314699173, "z": 15.5284004211}}, "m_eidParent": {"type": "SEntityTemplateReference", "value": "fffffffffffffffe"}}, "postInitProperties": {}, "editorOnly": false, "platformSpecificPropertyValues": []}}, {"op": "add", "path": "/entities/e85e3d530fdffd92", "value": {"parent": "54b2c5fd13ad125b", "name": "RainKillBox For Room_Inside_113_Restaraunt_TopRoom_A", "template": "[assembly:/_pro/effects/templates/liquid/fx_liquid.template?/rainkillbox.entitytemplate].pc_entitytype", "blueprint": "[assembly:/_pro/effects/templates/liquid/fx_liquid.template?/rainkillbox.entitytemplate].pc_entityblueprint", "properties": {"m_mTransform": {"type": "SMatrix43", "value": {"rotation": {"x": -0.0, "y": 0.0, "z": -59.999999553538714}, "position": {"x": -50.2878608704, "y": 106.3056030273, "z": 10.3216600418}}}, "m_vGlobalSize": {"type": "SVector3", "value": {"x": 11.8075799942, "y": 19.8333997726, "z": 5.2256850303}}, "m_eidParent": {"type": "SEntityTemplateReference", "value": "fffffffffffffffe"}}, "postInitProperties": {}, "editorOnly": false, "platformSpecificPropertyValues": []}}, {"op": "add", "path": "/entities/a6877ef8ef1cefd5", "value": {"parent": "54b2c5fd13ad125b", "name": "RainKillBox For Room_Inside_602_Villa_SecurityRoom", "template": "[assembly:/_pro/effects/templates/liquid/fx_liquid.template?/rainkillbox.entitytemplate].pc_entitytype", "blueprint": "[assembly:/_pro/effects/templates/liquid/fx_liquid.template?/rainkillbox.entitytemplate].pc_entityblueprint", "properties": {"m_mTransform": {"type": "SMatrix43", "value": {"rotation": {"x": -0.0, "y": 0.0, "z": -0.0}, "position": {"x": -67.3555297852, "y": 245.0166015625, "z": 6.2197628021}}}, "m_vGlobalSize": {"type": "SVector3", "value": {"x": 9.9096798897, "y": 10.0506423712, "z": 4.5435400009}}, "m_eidParent": {"type": "SEntityTemplateReference", "value": "fffffffffffffffe"}}, "postInitProperties": {}, "editorOnly": false, "platformSpecificPropertyValues": []}}, {"op": "add", "path": "/entities/fb23ac27c88ef4a2", "value": {"parent": "54b2c5fd13ad125b", "name": "RainKillBox For Room_Inside_107_Restaraunt_Toilet_A", "template": "[assembly:/_pro/effects/templates/liquid/fx_liquid.template?/rainkillbox.entitytemplate].pc_entitytype", "blueprint": "[assembly:/_pro/effects/templates/liquid/fx_liquid.template?/rainkillbox.entitytemplate].pc_entityblueprint", "properties": {"m_mTransform": {"type": "SMatrix43", "value": {"rotation": {"x": -0.0, "y": 0.0, "z": -59.999999553538714}, "position": {"x": -65.2163925171, "y": 127.4697036743, "z": 1.4232929945}}}, "m_vGlobalSize": {"type": "SVector3", "value": {"x": 4.0272101163, "y": 5.4696400166, "z": 4.3419986442}}, "m_eidParent": {"type": "SEntityTemplateReference", "value": "fffffffffffffffe"}}, "postInitProperties": {}, "editorOnly": false, "platformSpecificPropertyValues": []}}, {"op": "add", "path": "/entities/11f502ea8fd952d0", "value": {"parent": "54b2c5fd13ad125b", "name": "RainKillBox For Room_Inside_100_Restaraunt", "template": "[assembly:/_pro/effects/templates/liquid/fx_liquid.template?/rainkillbox.entitytemplate].pc_entitytype", "blueprint": "[assembly:/_pro/effects/templates/liquid/fx_liquid.template?/rainkillbox.entitytemplate].pc_entityblueprint", "properties": {"m_mTransform": {"type": "SMatrix43", "value": {"rotation": {"x": -0.0, "y": 0.0, "z": 30.000000446461282}, "position": {"x": -63.1500396729, "y": 138.9927062988, "z": 6.1232919693}}}, "m_vGlobalSize": {"type": "SVector3", "value": {"x": 8.09491992, "y": 16.092859745, "z": 5.1346778199}}, "m_eidParent": {"type": "SEntityTemplateReference", "value": "fffffffffffffffe"}}, "postInitProperties": {}, "editorOnly": false, "platformSpecificPropertyValues": []}}, {"op": "add", "path": "/entities/c3172b62453360e0", "value": {"parent": "54b2c5fd13ad125b", "name": "RainKillBox For Room_Inside_607_Villa_Liudmila_BedRoom", "template": "[assembly:/_pro/effects/templates/liquid/fx_liquid.template?/rainkillbox.entitytemplate].pc_entitytype", "blueprint": "[assembly:/_pro/effects/templates/liquid/fx_liquid.template?/rainkillbox.entitytemplate].pc_entityblueprint", "properties": {"m_mTransform": {"type": "SMatrix43", "value": {"rotation": {"x": -0.0, "y": 0.0, "z": -0.0}, "position": {"x": -39.0079917908, "y": 267.2060852051, "z": 9.5499362946}}}, "m_vGlobalSize": {"type": "SVector3", "value": {"x": 9.8179497719, "y": 10.944640159599999, "z": 4.937640070900001}}, "m_eidParent": {"type": "SEntityTemplateReference", "value": "fffffffffffffffe"}}, "postInitProperties": {}, "editorOnly": false, "platformSpecificPropertyValues": []}}, {"op": "add", "path": "/entities/17b9150b973f5a8e", "value": {"parent": "54b2c5fd13ad125b", "name": "RainKillBox For Room_Inside_206_SPA_TopRoom_B", "template": "[assembly:/_pro/effects/templates/liquid/fx_liquid.template?/rainkillbox.entitytemplate].pc_entitytype", "blueprint": "[assembly:/_pro/effects/templates/liquid/fx_liquid.template?/rainkillbox.entitytemplate].pc_entityblueprint", "properties": {"m_mTransform": {"type": "SMatrix43", "value": {"rotation": {"x": -0.0, "y": 0.0, "z": -0.0}, "position": {"x": 9.8126811981, "y": 170.6873016357, "z": 7.7698640823}}}, "m_vGlobalSize": {"type": "SVector3", "value": {"x": 8.821969986, "y": 10.3373398781, "z": 4.1043000221}}, "m_eidParent": {"type": "SEntityTemplateReference", "value": "fffffffffffffffe"}}, "postInitProperties": {}, "editorOnly": false, "platformSpecificPropertyValues": []}}, {"op": "add", "path": "/entities/a085071e25e0f939", "value": {"parent": "54b2c5fd13ad125b", "name": "RainKillBox For Room_Inside_604_Villa_Tyson_BedRoom_Closet", "template": "[assembly:/_pro/effects/templates/liquid/fx_liquid.template?/rainkillbox.entitytemplate].pc_entitytype", "blueprint": "[assembly:/_pro/effects/templates/liquid/fx_liquid.template?/rainkillbox.entitytemplate].pc_entityblueprint", "properties": {"m_mTransform": {"type": "SMatrix43", "value": {"rotation": {"x": -0.0, "y": 0.0, "z": -0.0}, "position": {"x": -68.6469726562, "y": 268.0964050293, "z": 11.7792797089}}}, "m_vGlobalSize": {"type": "SVector3", "value": {"x": 9.880300045, "y": 3.3303198814999995, "z": 5.1288199425}}, "m_eidParent": {"type": "SEntityTemplateReference", "value": "fffffffffffffffe"}}, "postInitProperties": {}, "editorOnly": false, "platformSpecificPropertyValues": []}}, {"op": "add", "path": "/entities/1a6b653fcc049e0c", "value": {"parent": "54b2c5fd13ad125b", "name": "RainKillBox For Room_Inside_114_Restaraunt_TopRoom_B", "template": "[assembly:/_pro/effects/templates/liquid/fx_liquid.template?/rainkillbox.entitytemplate].pc_entitytype", "blueprint": "[assembly:/_pro/effects/templates/liquid/fx_liquid.template?/rainkillbox.entitytemplate].pc_entityblueprint", "properties": {"m_mTransform": {"type": "SMatrix43", "value": {"rotation": {"x": -0.0, "y": 0.0, "z": 28.999960777847658}, "position": {"x": -68.7031478882, "y": 137.257598877, "z": 10.868689537}}}, "m_vGlobalSize": {"type": "SVector3", "value": {"x": 12.477500438700002, "y": 20.6081199646, "z": 3.9874899686}}, "m_eidParent": {"type": "SEntityTemplateReference", "value": "fffffffffffffffe"}}, "postInitProperties": {}, "editorOnly": false, "platformSpecificPropertyValues": []}}, {"op": "add", "path": "/entities/af9d05fa4b64b4c6", "value": {"parent": "54b2c5fd13ad125b", "name": "RainKillBox For Room_Inside_713_Underground_Locker_Room", "template": "[assembly:/_pro/effects/templates/liquid/fx_liquid.template?/rainkillbox.entitytemplate].pc_entitytype", "blueprint": "[assembly:/_pro/effects/templates/liquid/fx_liquid.template?/rainkillbox.entitytemplate].pc_entityblueprint", "properties": {"m_mTransform": {"type": "SMatrix43", "value": {"rotation": {"x": -0.0, "y": 0.0, "z": -0.0}, "position": {"x": -37.9728012085, "y": 249.5859069824, "z": -12.6285896301}}}, "m_vGlobalSize": {"type": "SVector3", "value": {"x": 8.9777200222, "y": 6.3731701374, "z": 3.9201508761}}, "m_eidParent": {"type": "SEntityTemplateReference", "value": "fffffffffffffffe"}}, "postInitProperties": {}, "editorOnly": false, "platformSpecificPropertyValues": []}}, {"op": "add", "path": "/entities/de769b4bacad4fef", "value": {"parent": "54b2c5fd13ad125b", "name": "RainKillBox For Room_Inside_614_Villa_TopRoom_RightWing", "template": "[assembly:/_pro/effects/templates/liquid/fx_liquid.template?/rainkillbox.entitytemplate].pc_entitytype", "blueprint": "[assembly:/_pro/effects/templates/liquid/fx_liquid.template?/rainkillbox.entitytemplate].pc_entityblueprint", "properties": {"m_mTransform": {"type": "SMatrix43", "value": {"rotation": {"x": -0.0, "y": 0.0, "z": -0.0}, "position": {"x": -64.4209289551, "y": 268.6081848145, "z": 14.5886096954}}}, "m_vGlobalSize": {"type": "SVector3", "value": {"x": 10.1335418522, "y": 32.1720209122, "z": 5.0339099168}}, "m_eidParent": {"type": "SEntityTemplateReference", "value": "fffffffffffffffe"}}, "postInitProperties": {}, "editorOnly": false, "platformSpecificPropertyValues": []}}, {"op": "add", "path": "/entities/c17bf1b00ed830f2", "value": {"parent": "54b2c5fd13ad125b", "name": "RainKillBox For Room_Inside_304_Gym_TopRoom", "template": "[assembly:/_pro/effects/templates/liquid/fx_liquid.template?/rainkillbox.entitytemplate].pc_entitytype", "blueprint": "[assembly:/_pro/effects/templates/liquid/fx_liquid.template?/rainkillbox.entitytemplate].pc_entityblueprint", "properties": {"m_mTransform": {"type": "SMatrix43", "value": {"rotation": {"x": -0.0, "y": 0.0, "z": -0.0}, "position": {"x": 40.8753814697, "y": 137.6932983398, "z": 10.0881204605}}}, "m_vGlobalSize": {"type": "SVector3", "value": {"x": 18.0934796333, "y": 24.0841703415, "z": 4.9536530077}}, "m_eidParent": {"type": "SEntityTemplateReference", "value": "fffffffffffffffe"}}, "postInitProperties": {}, "editorOnly": false, "platformSpecificPropertyValues": []}}, {"op": "add", "path": "/entities/867b3fd3d8dd0e9a", "value": {"parent": "54b2c5fd13ad125b", "name": "RainKillBox For Room_Inside_711_Underground_Toilet_B", "template": "[assembly:/_pro/effects/templates/liquid/fx_liquid.template?/rainkillbox.entitytemplate].pc_entitytype", "blueprint": "[assembly:/_pro/effects/templates/liquid/fx_liquid.template?/rainkillbox.entitytemplate].pc_entityblueprint", "properties": {"m_mTransform": {"type": "SMatrix43", "value": {"rotation": {"x": -0.0, "y": 0.0, "z": -0.0}, "position": {"x": -45.1376304626, "y": 249.6112060547, "z": -13.0}}}, "m_vGlobalSize": {"type": "SVector3", "value": {"x": 2.833425939, "y": 4.1057898997999995, "z": 3.6752729714}}, "m_eidParent": {"type": "SEntityTemplateReference", "value": "fffffffffffffffe"}}, "postInitProperties": {}, "editorOnly": false, "platformSpecificPropertyValues": []}}, {"op": "add", "path": "/entities/aba43279c3de55f2", "value": {"parent": "54b2c5fd13ad125b", "name": "RainKillBox For Room_Inside_400_ScubaCenter", "template": "[assembly:/_pro/effects/templates/liquid/fx_liquid.template?/rainkillbox.entitytemplate].pc_entitytype", "blueprint": "[assembly:/_pro/effects/templates/liquid/fx_liquid.template?/rainkillbox.entitytemplate].pc_entityblueprint", "properties": {"m_mTransform": {"type": "SMatrix43", "value": {"rotation": {"x": -0.0, "y": 0.0, "z": -0.0}, "position": {"x": 37.5328598022, "y": 101.520401001, "z": 2.1639230251}}}, "m_vGlobalSize": {"type": "SVector3", "value": {"x": 7.9533100128, "y": 8.011930227299999, "z": 7.4493091702}}, "m_eidParent": {"type": "SEntityTemplateReference", "value": "fffffffffffffffe"}}, "postInitProperties": {}, "editorOnly": false, "platformSpecificPropertyValues": []}}, {"op": "add", "path": "/entities/f2372d1570791663", "value": {"parent": "54b2c5fd13ad125b", "name": "RainKillBox For Room_Inside_704_Underground_StairCase_A", "template": "[assembly:/_pro/effects/templates/liquid/fx_liquid.template?/rainkillbox.entitytemplate].pc_entitytype", "blueprint": "[assembly:/_pro/effects/templates/liquid/fx_liquid.template?/rainkillbox.entitytemplate].pc_entityblueprint", "properties": {"m_mTransform": {"type": "SMatrix43", "value": {"rotation": {"x": -0.0, "y": 0.0, "z": -0.0}, "position": {"x": -39.7671508789, "y": 247.2194976807, "z": -9.2559194565}}}, "m_vGlobalSize": {"type": "SVector3", "value": {"x": 18.375140190099998, "y": 4.9940800667000005, "z": 13.2732307464}}, "m_eidParent": {"type": "SEntityTemplateReference", "value": "fffffffffffffffe"}}, "postInitProperties": {}, "editorOnly": false, "platformSpecificPropertyValues": []}}, {"op": "add", "path": "/entities/ca9e041eac342ea2", "value": {"parent": "54b2c5fd13ad125b", "name": "RainKillBox For Room_Inside_109_Restaraunt_Bathroom_B", "template": "[assembly:/_pro/effects/templates/liquid/fx_liquid.template?/rainkillbox.entitytemplate].pc_entitytype", "blueprint": "[assembly:/_pro/effects/templates/liquid/fx_liquid.template?/rainkillbox.entitytemplate].pc_entityblueprint", "properties": {"m_mTransform": {"type": "SMatrix43", "value": {"rotation": {"x": -0.0, "y": 0.0, "z": 30.00000044646129}, "position": {"x": -51.9489097595, "y": 118.4274978638, "z": 1.4232920408}}}, "m_vGlobalSize": {"type": "SVector3", "value": {"x": 6.615139961200001, "y": 4.0122598410000005, "z": 4.4385999292}}, "m_eidParent": {"type": "SEntityTemplateReference", "value": "fffffffffffffffe"}}, "postInitProperties": {}, "editorOnly": false, "platformSpecificPropertyValues": []}}, {"op": "add", "path": "/entities/777fc616926a1821", "value": {"parent": "54b2c5fd13ad125b", "name": "RainKillBox For Room_Inside_110_Restaraunt_Toilet_C", "template": "[assembly:/_pro/effects/templates/liquid/fx_liquid.template?/rainkillbox.entitytemplate].pc_entitytype", "blueprint": "[assembly:/_pro/effects/templates/liquid/fx_liquid.template?/rainkillbox.entitytemplate].pc_entityblueprint", "properties": {"m_mTransform": {"type": "SMatrix43", "value": {"rotation": {"x": -0.0, "y": 0.0, "z": -59.999987266725334}, "position": {"x": -61.2660713196, "y": 120.6275024414, "z": 1.4232929945}}}, "m_vGlobalSize": {"type": "SVector3", "value": {"x": 4.0326701403000005, "y": 5.5271501541, "z": 4.3419986442}}, "m_eidParent": {"type": "SEntityTemplateReference", "value": "fffffffffffffffe"}}, "postInitProperties": {}, "editorOnly": false, "platformSpecificPropertyValues": []}}, {"op": "add", "path": "/entities/dd905bfe1df06201", "value": {"parent": "54b2c5fd13ad125b", "name": "RainKillBox For Room_Inside_615_Villa_TopRoom_LeftWing", "template": "[assembly:/_pro/effects/templates/liquid/fx_liquid.template?/rainkillbox.entitytemplate].pc_entitytype", "blueprint": "[assembly:/_pro/effects/templates/liquid/fx_liquid.template?/rainkillbox.entitytemplate].pc_entityblueprint", "properties": {"m_mTransform": {"type": "SMatrix43", "value": {"rotation": {"x": -0.0, "y": 0.0, "z": -0.0}, "position": {"x": -34.3469314575, "y": 268.6081848145, "z": 14.5886096954}}}, "m_vGlobalSize": {"type": "SVector3", "value": {"x": 10.2157435716, "y": 32.4054598809, "z": 4.8993499279}}, "m_eidParent": {"type": "SEntityTemplateReference", "value": "fffffffffffffffe"}}, "postInitProperties": {}, "editorOnly": false, "platformSpecificPropertyValues": []}}, {"op": "add", "path": "/entities/13db2090c429f4a2", "value": {"parent": "54b2c5fd13ad125b", "name": "RainKillBox For Room_Inside_309_Gym_Toilet_A", "template": "[assembly:/_pro/effects/templates/liquid/fx_liquid.template?/rainkillbox.entitytemplate].pc_entitytype", "blueprint": "[assembly:/_pro/effects/templates/liquid/fx_liquid.template?/rainkillbox.entitytemplate].pc_entityblueprint", "properties": {"m_mTransform": {"type": "SMatrix43", "value": {"rotation": {"x": -0.0, "y": 0.0, "z": -0.0}, "position": {"x": 43.6844406128, "y": 133.1858978271, "z": 1.4161319733}}}, "m_vGlobalSize": {"type": "SVector3", "value": {"x": 4.055599928, "y": 4.0375349522, "z": 4.2696270607999995}}, "m_eidParent": {"type": "SEntityTemplateReference", "value": "fffffffffffffffe"}}, "postInitProperties": {}, "editorOnly": false, "platformSpecificPropertyValues": []}}, {"op": "add", "path": "/entities/16e901336dd2c288", "value": {"parent": "54b2c5fd13ad125b", "name": "RainKillBox For Room_Inside_606_Villa_Tyson_BathRoom", "template": "[assembly:/_pro/effects/templates/liquid/fx_liquid.template?/rainkillbox.entitytemplate].pc_entitytype", "blueprint": "[assembly:/_pro/effects/templates/liquid/fx_liquid.template?/rainkillbox.entitytemplate].pc_entityblueprint", "properties": {"m_mTransform": {"type": "SMatrix43", "value": {"rotation": {"x": -0.0, "y": 0.0, "z": -0.0}, "position": {"x": -69.8151168823, "y": 245.766494751, "z": 8.6731929779}}}, "m_vGlobalSize": {"type": "SVector3", "value": {"x": 9.9562497139, "y": 9.4196200371, "z": 4.7589007765}}, "m_eidParent": {"type": "SEntityTemplateReference", "value": "fffffffffffffffe"}}, "postInitProperties": {}, "editorOnly": false, "platformSpecificPropertyValues": []}}, {"op": "add", "path": "/entities/a731cf8a0d9840cd", "value": {"parent": "54b2c5fd13ad125b", "name": "RainKillBox For Room Include for Room_Inside_700_Underground_Server_Room (48779)", "template": "[assembly:/_pro/effects/templates/liquid/fx_liquid.template?/rainkillbox.entitytemplate].pc_entitytype", "blueprint": "[assembly:/_pro/effects/templates/liquid/fx_liquid.template?/rainkillbox.entitytemplate].pc_entityblueprint", "properties": {"m_mTransform": {"type": "SMatrix43", "value": {"rotation": {"x": -0.0, "y": 0.0, "z": -0.0}, "position": {"x": -13.6221, "y": 276.005, "z": -8.30928}}}, "m_vGlobalSize": {"type": "SVector3", "value": {"x": 3.5010499954, "y": 26.7894001007, "z": 15.5284004211}}, "m_eidParent": {"type": "SEntityTemplateReference", "value": "fffffffffffffffe"}}, "postInitProperties": {}, "editorOnly": false, "platformSpecificPropertyValues": []}}, {"op": "add", "path": "/entities/d8fb002f56c2fa46", "value": {"parent": "54b2c5fd13ad125b", "name": "RainKillBox For Room_Inside_WaterHut_Top", "template": "[assembly:/_pro/effects/templates/liquid/fx_liquid.template?/rainkillbox.entitytemplate].pc_entitytype", "blueprint": "[assembly:/_pro/effects/templates/liquid/fx_liquid.template?/rainkillbox.entitytemplate].pc_entityblueprint", "properties": {"m_mTransform": {"type": "SMatrix43", "value": {"rotation": {"x": -0.0, "y": 0.0, "z": -180.0}, "position": {"x": 6.4114890099, "y": 1.4306789637, "z": 4.5190458298}}}, "m_vGlobalSize": {"type": "SVector3", "value": {"x": 10.5099601746, "y": 12.5921999216, "z": 4.8492641151}}, "m_eidParent": {"type": "SEntityTemplateReference", "value": "fffffffffffffffe"}}, "postInitProperties": {}, "editorOnly": false, "platformSpecificPropertyValues": []}}, {"op": "add", "path": "/entities/37df0a8fcd8c5cb5", "value": {"parent": "54b2c5fd13ad125b", "name": "RainKillBox For Room_Inside_707_Underground_StairCase_D", "template": "[assembly:/_pro/effects/templates/liquid/fx_liquid.template?/rainkillbox.entitytemplate].pc_entitytype", "blueprint": "[assembly:/_pro/effects/templates/liquid/fx_liquid.template?/rainkillbox.entitytemplate].pc_entityblueprint", "properties": {"m_mTransform": {"type": "SMatrix43", "value": {"rotation": {"x": -0.0, "y": 0.0, "z": -0.0}, "position": {"x": -15.0532903671, "y": 293.6442871094, "z": -8.8428316116}}}, "m_vGlobalSize": {"type": "SVector3", "value": {"x": 7.4180957303, "y": 3.6158399582, "z": 12.2676796913}}, "m_eidParent": {"type": "SEntityTemplateReference", "value": "fffffffffffffffe"}}, "postInitProperties": {}, "editorOnly": false, "platformSpecificPropertyValues": []}}, {"op": "add", "path": "/entities/0bf0ca610fc622b2", "value": {"parent": "54b2c5fd13ad125b", "name": "RainKillBox For Room_Inside_204_SPA_Massage_C", "template": "[assembly:/_pro/effects/templates/liquid/fx_liquid.template?/rainkillbox.entitytemplate].pc_entitytype", "blueprint": "[assembly:/_pro/effects/templates/liquid/fx_liquid.template?/rainkillbox.entitytemplate].pc_entityblueprint", "properties": {"m_mTransform": {"type": "SMatrix43", "value": {"rotation": {"x": -0.0, "y": 0.0, "z": -0.0}, "position": {"x": -6.5789151192, "y": 175.7805023193, "z": 3.6107349396}}}, "m_vGlobalSize": {"type": "SVector3", "value": {"x": 7.940050125099999, "y": 9.2426900863, "z": 4.5164899826}}, "m_eidParent": {"type": "SEntityTemplateReference", "value": "fffffffffffffffe"}}, "postInitProperties": {}, "editorOnly": false, "platformSpecificPropertyValues": []}}, {"op": "add", "path": "/entities/84abced2cb948d03", "value": {"parent": "54b2c5fd13ad125b", "name": "RainKillBox For Room_Inside_601_Villa_DinnerRoom", "template": "[assembly:/_pro/effects/templates/liquid/fx_liquid.template?/rainkillbox.entitytemplate].pc_entitytype", "blueprint": "[assembly:/_pro/effects/templates/liquid/fx_liquid.template?/rainkillbox.entitytemplate].pc_entityblueprint", "properties": {"m_mTransform": {"type": "SMatrix43", "value": {"rotation": {"x": -0.0, "y": 0.0, "z": -0.0}, "position": {"x": -69.1999664307, "y": 262.9442138672, "z": 4.6604709625}}}, "m_vGlobalSize": {"type": "SVector3", "value": {"x": 9.946219921099999, "y": 17.9986300469, "z": 4.3285630941}}, "m_eidParent": {"type": "SEntityTemplateReference", "value": "fffffffffffffffe"}}, "postInitProperties": {}, "editorOnly": false, "platformSpecificPropertyValues": []}}, {"op": "add", "path": "/entities/574b0891006f26bd", "value": {"parent": "54b2c5fd13ad125b", "name": "RainKillBox For Room Include for Room_Inside_200_SPA_Reception (39948)", "template": "[assembly:/_pro/effects/templates/liquid/fx_liquid.template?/rainkillbox.entitytemplate].pc_entitytype", "blueprint": "[assembly:/_pro/effects/templates/liquid/fx_liquid.template?/rainkillbox.entitytemplate].pc_entityblueprint", "properties": {"m_mTransform": {"type": "SMatrix43", "value": {"rotation": {"x": -0.0, "y": 0.0, "z": -0.0}, "position": {"x": -4.53401, "y": 154.728, "z": 4.6452}}}, "m_vGlobalSize": {"type": "SVector3", "value": {"x": 4.1412701607, "y": 4.0829901695, "z": 4.8692398071}}, "m_eidParent": {"type": "SEntityTemplateReference", "value": "fffffffffffffffe"}}, "postInitProperties": {}, "editorOnly": false, "platformSpecificPropertyValues": []}}, {"op": "add", "path": "/entities/3db42203197ac289", "value": {"parent": "54b2c5fd13ad125b", "name": "HitmanRainWetLogic", "template": "00FDB8565FFAA61A", "blueprint": "00609605E8B31DA5", "properties": {}, "postInitProperties": {"DryVolumes": {"type": "TArray<SEntityTemplateReference>", "value": [{"ref": "de769b4bacad4fef", "externalScene": null, "exposedEntity": "NotInRain"}, {"ref": "c3172b62453360e0", "externalScene": null, "exposedEntity": "NotInRain"}, {"ref": "8551715e28e09440", "externalScene": null, "exposedEntity": "NotInRain"}, {"ref": "abcb7e38058ef269", "externalScene": null, "exposedEntity": "NotInRain"}, {"ref": "f2372d1570791663", "externalScene": null, "exposedEntity": "NotInRain"}, {"ref": "a9555996c7a68d1d", "externalScene": null, "exposedEntity": "NotInRain"}, {"ref": "dd905bfe1df06201", "externalScene": null, "exposedEntity": "NotInRain"}, {"ref": "c17bf1b00ed830f2", "externalScene": null, "exposedEntity": "NotInRain"}, {"ref": "aba43279c3de55f2", "externalScene": null, "exposedEntity": "NotInRain"}, {"ref": "ef4f2cfe216dcca1", "externalScene": null, "exposedEntity": "NotInRain"}, {"ref": "b7c58faa4295912f", "externalScene": null, "exposedEntity": "NotInRain"}, {"ref": "9926026736b5ff45", "externalScene": null, "exposedEntity": "NotInRain"}, {"ref": "ca9e041eac342ea2", "externalScene": null, "exposedEntity": "NotInRain"}, {"ref": "01c2fb31188adf3d", "externalScene": null, "exposedEntity": "NotInRain"}, {"ref": "18b3e038a15518fb", "externalScene": null, "exposedEntity": "NotInRain"}, {"ref": "777fc616926a1821", "externalScene": null, "exposedEntity": "NotInRain"}, {"ref": "af9d05fa4b64b4c6", "externalScene": null, "exposedEntity": "NotInRain"}, {"ref": "16e901336dd2c288", "externalScene": null, "exposedEntity": "NotInRain"}, {"ref": "70e331f16a36fd0c", "externalScene": null, "exposedEntity": "NotInRain"}, {"ref": "7c97862f498a6e15", "externalScene": null, "exposedEntity": "NotInRain"}, {"ref": "c06724ecca6ee2e3", "externalScene": null, "exposedEntity": "NotInRain"}, {"ref": "238b62eb3acd0952", "externalScene": null, "exposedEntity": "NotInRain"}, {"ref": "bb3e1d3281df4223", "externalScene": null, "exposedEntity": "NotInRain"}, {"ref": "17b9150b973f5a8e", "externalScene": null, "exposedEntity": "NotInRain"}, {"ref": "0bf0ca610fc622b2", "externalScene": null, "exposedEntity": "NotInRain"}, {"ref": "a6877ef8ef1cefd5", "externalScene": null, "exposedEntity": "NotInRain"}, {"ref": "c464113caaa9b10c", "externalScene": null, "exposedEntity": "NotInRain"}, {"ref": "574b0891006f26bd", "externalScene": null, "exposedEntity": "NotInRain"}, {"ref": "2a36b1bd8fa1baa3", "externalScene": null, "exposedEntity": "NotInRain"}, {"ref": "db444af217a3465f", "externalScene": null, "exposedEntity": "NotInRain"}, {"ref": "18d75643b9c638d8", "externalScene": null, "exposedEntity": "NotInRain"}, {"ref": "867b3fd3d8dd0e9a", "externalScene": null, "exposedEntity": "NotInRain"}, {"ref": "e4fd04bdd5944c7d", "externalScene": null, "exposedEntity": "NotInRain"}, {"ref": "66bb77d9bdf4761e", "externalScene": null, "exposedEntity": "NotInRain"}, {"ref": "e85e3d530fdffd92", "externalScene": null, "exposedEntity": "NotInRain"}, {"ref": "1a6b653fcc049e0c", "externalScene": null, "exposedEntity": "NotInRain"}, {"ref": "a125a95bc91997a1", "externalScene": null, "exposedEntity": "NotInRain"}, {"ref": "37df0a8fcd8c5cb5", "externalScene": null, "exposedEntity": "NotInRain"}, {"ref": "6a9e917911749dda", "externalScene": null, "exposedEntity": "NotInRain"}, {"ref": "82c0f0f72713d688", "externalScene": null, "exposedEntity": "NotInRain"}, {"ref": "41ff6f05b13317d1", "externalScene": null, "exposedEntity": "NotInRain"}, {"ref": "8f01ddf45d23b781", "externalScene": null, "exposedEntity": "NotInRain"}, {"ref": "3c769510679ede4a", "externalScene": null, "exposedEntity": "NotInRain"}, {"ref": "3c988bb030238851", "externalScene": null, "exposedEntity": "NotInRain"}, {"ref": "4e29bfbe54d0a329", "externalScene": null, "exposedEntity": "NotInRain"}, {"ref": "c94b3c84917f9f06", "externalScene": null, "exposedEntity": "NotInRain"}, {"ref": "cca3f89ec5c3ab03", "externalScene": null, "exposedEntity": "NotInRain"}, {"ref": "1c17edba8635c3d6", "externalScene": null, "exposedEntity": "NotInRain"}, {"ref": "24f250f34e10fe6c", "externalScene": null, "exposedEntity": "NotInRain"}, {"ref": "16c1411864f118f1", "externalScene": null, "exposedEntity": "NotInRain"}, {"ref": "756057f16fe18c4e", "externalScene": null, "exposedEntity": "NotInRain"}, {"ref": "e6180f946ea2af85", "externalScene": null, "exposedEntity": "NotInRain"}, {"ref": "fb23ac27c88ef4a2", "externalScene": null, "exposedEntity": "NotInRain"}, {"ref": "5830bb5520abde1a", "externalScene": null, "exposedEntity": "NotInRain"}, {"ref": "9e84a8fcf649acd8", "externalScene": null, "exposedEntity": "NotInRain"}, {"ref": "2e6e5ee0d0e4f5e4", "externalScene": null, "exposedEntity": "NotInRain"}, {"ref": "d8fb002f56c2fa46", "externalScene": null, "exposedEntity": "NotInRain"}, {"ref": "ad7d70cf1b1e9f75", "externalScene": null, "exposedEntity": "NotInRain"}, {"ref": "046a8a0ef4383ace", "externalScene": null, "exposedEntity": "NotInRain"}, {"ref": "d6069b61966d1afd", "externalScene": null, "exposedEntity": "NotInRain"}, {"ref": "e5e92802e195a128", "externalScene": null, "exposedEntity": "NotInRain"}, {"ref": "803f00bc56fe23f9", "externalScene": null, "exposedEntity": "NotInRain"}, {"ref": "7eb779edc6488834", "externalScene": null, "exposedEntity": "NotInRain"}, {"ref": "3bf06362e75d1516", "externalScene": null, "exposedEntity": "NotInRain"}, {"ref": "273580bcae1ae547", "externalScene": null, "exposedEntity": "NotInRain"}, {"ref": "a26d639265504e8e", "externalScene": null, "exposedEntity": "NotInRain"}, {"ref": "793b82e9b388429f", "externalScene": null, "exposedEntity": "NotInRain"}, {"ref": "8ecfb82a79472452", "externalScene": null, "exposedEntity": "NotInRain"}, {"ref": "2c817af10bb1262a", "externalScene": null, "exposedEntity": "NotInRain"}, {"ref": "645b5ee962e8b2e9", "externalScene": null, "exposedEntity": "NotInRain"}, {"ref": "60fefcf58fd5dd5d", "externalScene": null, "exposedEntity": "NotInRain"}, {"ref": "247cc049ddc20f81", "externalScene": null, "exposedEntity": "NotInRain"}, {"ref": "84abced2cb948d03", "externalScene": null, "exposedEntity": "NotInRain"}, {"ref": "a4ff5ed258e481af", "externalScene": null, "exposedEntity": "NotInRain"}, {"ref": "a085071e25e0f939", "externalScene": null, "exposedEntity": "NotInRain"}, {"ref": "11f502ea8fd952d0", "externalScene": null, "exposedEntity": "NotInRain"}, {"ref": "fa7fcecd0a89235b", "externalScene": null, "exposedEntity": "NotInRain"}, {"ref": "e365507326a42149", "externalScene": null, "exposedEntity": "NotInRain"}, {"ref": "c1596cf2ac363f6b", "externalScene": null, "exposedEntity": "NotInRain"}, {"ref": "8ea8beebb680ff51", "externalScene": null, "exposedEntity": "NotInRain"}, {"ref": "0090b358e3cb64a9", "externalScene": null, "exposedEntity": "NotInRain"}, {"ref": "2df63119c8bd12c1", "externalScene": null, "exposedEntity": "NotInRain"}, {"ref": "e26525c0b52e7a2f", "externalScene": null, "exposedEntity": "NotInRain"}, {"ref": "a731cf8a0d9840cd", "externalScene": null, "exposedEntity": "NotInRain"}, {"ref": "f88950caad25f53f", "externalScene": null, "exposedEntity": "NotInRain"}, {"ref": "7abf8d22e262d96b", "externalScene": null, "exposedEntity": "NotInRain"}, {"ref": "4a781ac726ba4a24", "externalScene": null, "exposedEntity": "NotInRain"}, {"ref": "52c6c10ba95e91b6", "externalScene": null, "exposedEntity": "NotInRain"}, {"ref": "ce62987ba18b2560", "externalScene": null, "exposedEntity": "NotInRain"}, {"ref": "34f02be7555d341d", "externalScene": null, "exposedEntity": "NotInRain"}, {"ref": "fd83019fcbfb38f1", "externalScene": null, "exposedEntity": "NotInRain"}, {"ref": "f1e5674dbbc4fe80", "externalScene": null, "exposedEntity": "NotInRain"}, {"ref": "f37df193a7ca8dc4", "externalScene": null, "exposedEntity": "NotInRain"}, {"ref": "e97cc65ba177e00a", "externalScene": null, "exposedEntity": "NotInRain"}, {"ref": "a16acdbc89b0eeb8", "externalScene": null, "exposedEntity": "NotInRain"}, {"ref": "a4926c7c8a9b60d8", "externalScene": null, "exposedEntity": "NotInRain"}, {"ref": "13db2090c429f4a2", "externalScene": null, "exposedEntity": "NotInRain"}]}}, "editorOnly": false, "platformSpecificPropertyValues": []}}, {"op": "add", "path": "/entities/8ecfb82a79472452", "value": {"parent": "54b2c5fd13ad125b", "name": "RainKillBox For Room Include for Room_Inside_600_Villa_Hall (46917)", "template": "[assembly:/_pro/effects/templates/liquid/fx_liquid.template?/rainkillbox.entitytemplate].pc_entitytype", "blueprint": "[assembly:/_pro/effects/templates/liquid/fx_liquid.template?/rainkillbox.entitytemplate].pc_entityblueprint", "properties": {"m_mTransform": {"type": "SMatrix43", "value": {"rotation": {"x": -0.0, "y": 0.0, "z": -0.0}, "position": {"x": -53.9948, "y": 264.941, "z": 13.8268}}}, "m_vGlobalSize": {"type": "SVector3", "value": {"x": 20.0876998901, "y": 5.4172701836, "z": 10.5691995621}}, "m_eidParent": {"type": "SEntityTemplateReference", "value": "fffffffffffffffe"}}, "postInitProperties": {}, "editorOnly": false, "platformSpecificPropertyValues": []}}, {"op": "add", "path": "/entities/abcb7e38058ef269", "value": {"parent": "54b2c5fd13ad125b", "name": "RainKillBox For Room_Inside_608_Villa_Liudmila_BathRoom", "template": "[assembly:/_pro/effects/templates/liquid/fx_liquid.template?/rainkillbox.entitytemplate].pc_entitytype", "blueprint": "[assembly:/_pro/effects/templates/liquid/fx_liquid.template?/rainkillbox.entitytemplate].pc_entityblueprint", "properties": {"m_mTransform": {"type": "SMatrix43", "value": {"rotation": {"x": -0.0, "y": 0.0, "z": -0.0}, "position": {"x": -35.869808197, "y": 258.5404968262, "z": 10.91726017}}}, "m_vGlobalSize": {"type": "SVector3", "value": {"x": 9.935790061999999, "y": 7.7626998424, "z": 4.89199996}}, "m_eidParent": {"type": "SEntityTemplateReference", "value": "fffffffffffffffe"}}, "postInitProperties": {}, "editorOnly": false, "platformSpecificPropertyValues": []}}, {"op": "add", "path": "/entities/3bf06362e75d1516", "value": {"parent": "54b2c5fd13ad125b", "name": "RainKillBox For Room_Inside_708_Underground_StairCase_E", "template": "[assembly:/_pro/effects/templates/liquid/fx_liquid.template?/rainkillbox.entitytemplate].pc_entitytype", "blueprint": "[assembly:/_pro/effects/templates/liquid/fx_liquid.template?/rainkillbox.entitytemplate].pc_entityblueprint", "properties": {"m_mTransform": {"type": "SMatrix43", "value": {"rotation": {"x": -0.0, "y": 0.0, "z": -0.0}, "position": {"x": -71.458366394, "y": 252.6661071777, "z": -10.9822397232}}}, "m_vGlobalSize": {"type": "SVector3", "value": {"x": 9.5359398126, "y": 4.2397021056, "z": 5.2545700073}}, "m_eidParent": {"type": "SEntityTemplateReference", "value": "fffffffffffffffe"}}, "postInitProperties": {}, "editorOnly": false, "platformSpecificPropertyValues": []}}, {"op": "add", "path": "/entities/046a8a0ef4383ace", "value": {"parent": "54b2c5fd13ad125b", "name": "RainKillBox For Room_Inside_WaterHut_BedRoom_A", "template": "[assembly:/_pro/effects/templates/liquid/fx_liquid.template?/rainkillbox.entitytemplate].pc_entitytype", "blueprint": "[assembly:/_pro/effects/templates/liquid/fx_liquid.template?/rainkillbox.entitytemplate].pc_entityblueprint", "properties": {"m_mTransform": {"type": "SMatrix43", "value": {"rotation": {"x": -0.0, "y": 0.0, "z": -180.0}, "position": {"x": 13.6040000916, "y": 5.304942131, "z": 0.0282678604}}}, "m_vGlobalSize": {"type": "SVector3", "value": {"x": 7.4606199264, "y": 11.8035497665, "z": 4.818305969200001}}, "m_eidParent": {"type": "SEntityTemplateReference", "value": "fffffffffffffffe"}}, "postInitProperties": {}, "editorOnly": false, "platformSpecificPropertyValues": []}}, {"op": "add", "path": "/entities/a9555996c7a68d1d", "value": {"parent": "54b2c5fd13ad125b", "name": "RainKillBox For Room_Inside_105_Restaraunt_Storage_B", "template": "[assembly:/_pro/effects/templates/liquid/fx_liquid.template?/rainkillbox.entitytemplate].pc_entitytype", "blueprint": "[assembly:/_pro/effects/templates/liquid/fx_liquid.template?/rainkillbox.entitytemplate].pc_entityblueprint", "properties": {"m_mTransform": {"type": "SMatrix43", "value": {"rotation": {"x": -0.0, "y": 0.0, "z": 30.000063135402495}, "position": {"x": -70.1170120239, "y": 140.508102417, "z": 1.3865920305}}}, "m_vGlobalSize": {"type": "SVector3", "value": {"x": 12.045849800100001, "y": 8.051860094, "z": 4.491733014499999}}, "m_eidParent": {"type": "SEntityTemplateReference", "value": "fffffffffffffffe"}}, "postInitProperties": {}, "editorOnly": false, "platformSpecificPropertyValues": []}}, {"op": "add", "path": "/entities/f1e5674dbbc4fe80", "value": {"parent": "54b2c5fd13ad125b", "name": "RainKillBox For Room_Inside_306_Gym_Laundry", "template": "[assembly:/_pro/effects/templates/liquid/fx_liquid.template?/rainkillbox.entitytemplate].pc_entitytype", "blueprint": "[assembly:/_pro/effects/templates/liquid/fx_liquid.template?/rainkillbox.entitytemplate].pc_entityblueprint", "properties": {"m_mTransform": {"type": "SMatrix43", "value": {"rotation": {"x": -0.0, "y": 0.0, "z": -0.0}, "position": {"x": 33.8853797913, "y": 131.691192627, "z": 1.4300270081}}}, "m_vGlobalSize": {"type": "SVector3", "value": {"x": 8.0620298386, "y": 8.0146801472, "z": 4.5171202719}}, "m_eidParent": {"type": "SEntityTemplateReference", "value": "fffffffffffffffe"}}, "postInitProperties": {}, "editorOnly": false, "platformSpecificPropertyValues": []}}, {"op": "add", "path": "/entities/ad7d70cf1b1e9f75", "value": {"parent": "54b2c5fd13ad125b", "name": "RainKillBox For Room_Inside_WaterHut_LivingRoom_A", "template": "[assembly:/_pro/effects/templates/liquid/fx_liquid.template?/rainkillbox.entitytemplate].pc_entitytype", "blueprint": "[assembly:/_pro/effects/templates/liquid/fx_liquid.template?/rainkillbox.entitytemplate].pc_entityblueprint", "properties": {"m_mTransform": {"type": "SMatrix43", "value": {"rotation": {"x": -0.0, "y": 0.0, "z": -180.0}, "position": {"x": 5.276954174, "y": 6.3920760155, "z": 0.0282688104}}}, "m_vGlobalSize": {"type": "SVector3", "value": {"x": 10.0007801055, "y": 11.7595000267, "z": 4.556062013}}, "m_eidParent": {"type": "SEntityTemplateReference", "value": "fffffffffffffffe"}}, "postInitProperties": {}, "editorOnly": false, "platformSpecificPropertyValues": []}}, {"op": "add", "path": "/entities/8f01ddf45d23b781", "value": {"parent": "54b2c5fd13ad125b", "name": "RainKillBox For Room Include for Room_Inside_201_SPA_Massage_A (42857)", "template": "[assembly:/_pro/effects/templates/liquid/fx_liquid.template?/rainkillbox.entitytemplate].pc_entitytype", "blueprint": "[assembly:/_pro/effects/templates/liquid/fx_liquid.template?/rainkillbox.entitytemplate].pc_entityblueprint", "properties": {"m_mTransform": {"type": "SMatrix43", "value": {"rotation": {"x": -0.0, "y": 0.0, "z": -0.0}, "position": {"x": -4.55368, "y": 158.823, "z": 4.62767}}}, "m_vGlobalSize": {"type": "SVector3", "value": {"x": 4.1277699471, "y": 4.399310112, "z": 4.7998800278}}, "m_eidParent": {"type": "SEntityTemplateReference", "value": "fffffffffffffffe"}}, "postInitProperties": {}, "editorOnly": false, "platformSpecificPropertyValues": []}}, {"op": "add", "path": "/entities/fd83019fcbfb38f1", "value": {"parent": "54b2c5fd13ad125b", "name": "RainKillBox For Room_Inside_701_Underground_Cantina", "template": "[assembly:/_pro/effects/templates/liquid/fx_liquid.template?/rainkillbox.entitytemplate].pc_entitytype", "blueprint": "[assembly:/_pro/effects/templates/liquid/fx_liquid.template?/rainkillbox.entitytemplate].pc_entityblueprint", "properties": {"m_mTransform": {"type": "SMatrix43", "value": {"rotation": {"x": -0.0, "y": 0.0, "z": -0.0}, "position": {"x": -36.086681366, "y": 259.8352050781, "z": -12.2500095367}}}, "m_vGlobalSize": {"type": "SVector3", "value": {"x": 18.673239707900002, "y": 7.3264899254, "z": 4.7436400652}}, "m_eidParent": {"type": "SEntityTemplateReference", "value": "fffffffffffffffe"}}, "postInitProperties": {}, "editorOnly": false, "platformSpecificPropertyValues": []}}, {"op": "add", "path": "/entities/18d75643b9c638d8", "value": {"parent": "54b2c5fd13ad125b", "name": "RainKillBox For Room_Inside_612_Villa_SecretRoom_Corridor", "template": "[assembly:/_pro/effects/templates/liquid/fx_liquid.template?/rainkillbox.entitytemplate].pc_entitytype", "blueprint": "[assembly:/_pro/effects/templates/liquid/fx_liquid.template?/rainkillbox.entitytemplate].pc_entityblueprint", "properties": {"m_mTransform": {"type": "SMatrix43", "value": {"rotation": {"x": -0.0, "y": 0.0, "z": -0.0}, "position": {"x": -37.4896507263, "y": 246.396697998, "z": 4.0731930733}}}, "m_vGlobalSize": {"type": "SVector3", "value": {"x": 9.69520998, "y": 2.4787899255, "z": 4.3185789287}}, "m_eidParent": {"type": "SEntityTemplateReference", "value": "fffffffffffffffe"}}, "postInitProperties": {}, "editorOnly": false, "platformSpecificPropertyValues": []}}, {"op": "add", "path": "/entities/c1596cf2ac363f6b", "value": {"parent": "54b2c5fd13ad125b", "name": "RainKillBox For Room_Inside_116_Passage_B", "template": "[assembly:/_pro/effects/templates/liquid/fx_liquid.template?/rainkillbox.entitytemplate].pc_entitytype", "blueprint": "[assembly:/_pro/effects/templates/liquid/fx_liquid.template?/rainkillbox.entitytemplate].pc_entityblueprint", "properties": {"m_mTransform": {"type": "SMatrix43", "value": {"rotation": {"x": -0.0, "y": 0.0, "z": 30.000012733274676}, "position": {"x": -68.8546218872, "y": 131.1484069824, "z": 3.8832540512}}}, "m_vGlobalSize": {"type": "SVector3", "value": {"x": 12.167013406699999, "y": 8.025429964, "z": 4.4556900262}}, "m_eidParent": {"type": "SEntityTemplateReference", "value": "fffffffffffffffe"}}, "postInitProperties": {}, "editorOnly": false, "platformSpecificPropertyValues": []}}, {"op": "add", "path": "/entities/2e6e5ee0d0e4f5e4", "value": {"parent": "54b2c5fd13ad125b", "name": "RainKillBox For Room Include for Room_Inside_712_Underground_StairCase_F (46003)", "template": "[assembly:/_pro/effects/templates/liquid/fx_liquid.template?/rainkillbox.entitytemplate].pc_entitytype", "blueprint": "[assembly:/_pro/effects/templates/liquid/fx_liquid.template?/rainkillbox.entitytemplate].pc_entityblueprint", "properties": {"m_mTransform": {"type": "SMatrix43", "value": {"rotation": {"x": -0.0, "y": 0.0, "z": -0.0}, "position": {"x": -11.7227, "y": 245.141, "z": -6.29672}}}, "m_vGlobalSize": {"type": "SVector3", "value": {"x": 3.1717500687, "y": 6.7244000435, "z": 10.1171998978}}, "m_eidParent": {"type": "SEntityTemplateReference", "value": "fffffffffffffffe"}}, "postInitProperties": {}, "editorOnly": false, "platformSpecificPropertyValues": []}}, {"op": "add", "path": "/entities/1c17edba8635c3d6", "value": {"parent": "54b2c5fd13ad125b", "name": "RainKillBox For Room_Inside_300_Gym", "template": "[assembly:/_pro/effects/templates/liquid/fx_liquid.template?/rainkillbox.entitytemplate].pc_entitytype", "blueprint": "[assembly:/_pro/effects/templates/liquid/fx_liquid.template?/rainkillbox.entitytemplate].pc_entityblueprint", "properties": {"m_mTransform": {"type": "SMatrix43", "value": {"rotation": {"x": -0.0, "y": 0.0, "z": -0.0}, "position": {"x": 35.1516609192, "y": 130.2236022949, "z": 6.0497150421}}}, "m_vGlobalSize": {"type": "SVector3", "value": {"x": 16.057720184300003, "y": 17.4380893708, "z": 4.7018157989}}, "m_eidParent": {"type": "SEntityTemplateReference", "value": "fffffffffffffffe"}}, "postInitProperties": {}, "editorOnly": false, "platformSpecificPropertyValues": []}}, {"op": "add", "path": "/entities/2a36b1bd8fa1baa3", "value": {"parent": "54b2c5fd13ad125b", "name": "RainKillBox For Room Include for Room_Inside_200_SPA_Reception (39948)", "template": "[assembly:/_pro/effects/templates/liquid/fx_liquid.template?/rainkillbox.entitytemplate].pc_entitytype", "blueprint": "[assembly:/_pro/effects/templates/liquid/fx_liquid.template?/rainkillbox.entitytemplate].pc_entityblueprint", "properties": {"m_mTransform": {"type": "SMatrix43", "value": {"rotation": {"x": -0.0, "y": 0.0, "z": -0.0}, "position": {"x": 7.41279, "y": 154.688, "z": 4.6452}}}, "m_vGlobalSize": {"type": "SVector3", "value": {"x": 4.1538000107, "y": 4.2446298599, "z": 4.8692398071}}, "m_eidParent": {"type": "SEntityTemplateReference", "value": "fffffffffffffffe"}}, "postInitProperties": {}, "editorOnly": false, "platformSpecificPropertyValues": []}}, {"op": "add", "path": "/entities/e5e92802e195a128", "value": {"parent": "54b2c5fd13ad125b", "name": "RainKillBox For Room_Inside_900_WelcomeCenter", "template": "[assembly:/_pro/effects/templates/liquid/fx_liquid.template?/rainkillbox.entitytemplate].pc_entitytype", "blueprint": "[assembly:/_pro/effects/templates/liquid/fx_liquid.template?/rainkillbox.entitytemplate].pc_entityblueprint", "properties": {"m_mTransform": {"type": "SMatrix43", "value": {"rotation": {"x": -0.0, "y": 0.0, "z": -0.0}, "position": {"x": 1.9940619469, "y": 94.9038314819, "z": 2.4127569199}}}, "m_vGlobalSize": {"type": "SVector3", "value": {"x": 12.0418200493, "y": 20.0116305351, "z": 5.6598750353}}, "m_eidParent": {"type": "SEntityTemplateReference", "value": "fffffffffffffffe"}}, "postInitProperties": {}, "editorOnly": false, "platformSpecificPropertyValues": []}}, {"op": "add", "path": "/entities/3c988bb030238851", "value": {"parent": "54b2c5fd13ad125b", "name": "RainKillBox For Room_Inside_613_Villa_Hall_BackSide", "template": "[assembly:/_pro/effects/templates/liquid/fx_liquid.template?/rainkillbox.entitytemplate].pc_entitytype", "blueprint": "[assembly:/_pro/effects/templates/liquid/fx_liquid.template?/rainkillbox.entitytemplate].pc_entityblueprint", "properties": {"m_mTransform": {"type": "SMatrix43", "value": {"rotation": {"x": -0.0, "y": 0.0, "z": -0.0}, "position": {"x": -54.8783912659, "y": 264.8711853027, "z": 4.0761728287}}}, "m_vGlobalSize": {"type": "SVector3", "value": {"x": 19.967710495, "y": 5.3165597915, "z": 4.4615847767}}, "m_eidParent": {"type": "SEntityTemplateReference", "value": "fffffffffffffffe"}}, "postInitProperties": {}, "editorOnly": false, "platformSpecificPropertyValues": []}}, {"op": "add", "path": "/entities/e6180f946ea2af85", "value": {"parent": "54b2c5fd13ad125b", "name": "RainKillBox For Room_Inside_609_Villa_Cinema", "template": "[assembly:/_pro/effects/templates/liquid/fx_liquid.template?/rainkillbox.entitytemplate].pc_entitytype", "blueprint": "[assembly:/_pro/effects/templates/liquid/fx_liquid.template?/rainkillbox.entitytemplate].pc_entityblueprint", "properties": {"m_mTransform": {"type": "SMatrix43", "value": {"rotation": {"x": -0.0, "y": 0.0, "z": -0.0}, "position": {"x": -39.3786582947, "y": 249.5523986816, "z": 8.6731920242}}}, "m_vGlobalSize": {"type": "SVector3", "value": {"x": 9.780799865799999, "y": 13.470059871699998, "z": 4.8174788281}}, "m_eidParent": {"type": "SEntityTemplateReference", "value": "fffffffffffffffe"}}, "postInitProperties": {}, "editorOnly": false, "platformSpecificPropertyValues": []}}, {"op": "add", "path": "/entities/a26d639265504e8e", "value": {"parent": "54b2c5fd13ad125b", "name": "RainKillBox For Room Include for Room_Inside_708_Underground_StairCase_E (46860)", "template": "[assembly:/_pro/effects/templates/liquid/fx_liquid.template?/rainkillbox.entitytemplate].pc_entitytype", "blueprint": "[assembly:/_pro/effects/templates/liquid/fx_liquid.template?/rainkillbox.entitytemplate].pc_entityblueprint", "properties": {"m_mTransform": {"type": "SMatrix43", "value": {"rotation": {"x": -0.0, "y": 0.0, "z": -0.0}, "position": {"x": -80.4276, "y": 253.737, "z": -6.20947}}}, "m_vGlobalSize": {"type": "SVector3", "value": {"x": 2.4307200909, "y": 2.1511499882, "z": 16.981300354}}, "m_eidParent": {"type": "SEntityTemplateReference", "value": "fffffffffffffffe"}}, "postInitProperties": {}, "editorOnly": false, "platformSpecificPropertyValues": []}}, {"op": "add", "path": "/entities/01c2fb31188adf3d", "value": {"parent": "54b2c5fd13ad125b", "name": "RainKillBox For Room Include for Room_Inside_109_Restaraunt_Bathroom_B (35247)", "template": "[assembly:/_pro/effects/templates/liquid/fx_liquid.template?/rainkillbox.entitytemplate].pc_entitytype", "blueprint": "[assembly:/_pro/effects/templates/liquid/fx_liquid.template?/rainkillbox.entitytemplate].pc_entityblueprint", "properties": {"m_mTransform": {"type": "SMatrix43", "value": {"rotation": {"x": -0.0, "y": 0.0, "z": 30.00001156757613}, "position": {"x": -55.4654, "y": 123.689, "z": 2.45643}}}, "m_vGlobalSize": {"type": "SVector3", "value": {"x": 6.653840065, "y": 3.9469499588, "z": 6.4755997658}}, "m_eidParent": {"type": "SEntityTemplateReference", "value": "fffffffffffffffe"}}, "postInitProperties": {}, "editorOnly": false, "platformSpecificPropertyValues": []}}, {"op": "add", "path": "/entities/2df63119c8bd12c1", "value": {"parent": "54b2c5fd13ad125b", "name": "RainKillBox For Room Include for Room_Inside_700_Underground_Server_Room (48779)", "template": "[assembly:/_pro/effects/templates/liquid/fx_liquid.template?/rainkillbox.entitytemplate].pc_entitytype", "blueprint": "[assembly:/_pro/effects/templates/liquid/fx_liquid.template?/rainkillbox.entitytemplate].pc_entityblueprint", "properties": {"m_mTransform": {"type": "SMatrix43", "value": {"rotation": {"x": -0.0, "y": 0.0, "z": -0.0}, "position": {"x": -53.1683, "y": 259.519, "z": -11.2868}}}, "m_vGlobalSize": {"type": "SVector3", "value": {"x": 14.0131998062, "y": 7.9721698761, "z": 4.5792999268}}, "m_eidParent": {"type": "SEntityTemplateReference", "value": "fffffffffffffffe"}}, "postInitProperties": {}, "editorOnly": false, "platformSpecificPropertyValues": []}}, {"op": "add", "path": "/entities/9e84a8fcf649acd8", "value": {"parent": "54b2c5fd13ad125b", "name": "RainKillBox For Room Include for Room_Inside_712_Underground_StairCase_F (46003)", "template": "[assembly:/_pro/effects/templates/liquid/fx_liquid.template?/rainkillbox.entitytemplate].pc_entitytype", "blueprint": "[assembly:/_pro/effects/templates/liquid/fx_liquid.template?/rainkillbox.entitytemplate].pc_entityblueprint", "properties": {"m_mTransform": {"type": "SMatrix43", "value": {"rotation": {"x": -0.0, "y": 0.0, "z": -0.0}, "position": {"x": -11.6687, "y": 241.095, "z": -4.89191}}}, "m_vGlobalSize": {"type": "SVector3", "value": {"x": 3.2688200474, "y": 3.776540041, "z": 12.9267997742}}, "m_eidParent": {"type": "SEntityTemplateReference", "value": "fffffffffffffffe"}}, "postInitProperties": {}, "editorOnly": false, "platformSpecificPropertyValues": []}}, {"op": "add", "path": "/entities/34f02be7555d341d", "value": {"parent": "54b2c5fd13ad125b", "name": "RainKillBox For Room Include for Room_Inside_714_Undeground_Underwater (49899)", "template": "[assembly:/_pro/effects/templates/liquid/fx_liquid.template?/rainkillbox.entitytemplate].pc_entitytype", "blueprint": "[assembly:/_pro/effects/templates/liquid/fx_liquid.template?/rainkillbox.entitytemplate].pc_entityblueprint", "properties": {"m_mTransform": {"type": "SMatrix43", "value": {"rotation": {"x": -0.0, "y": 0.0, "z": -0.0}, "position": {"x": 4.97948, "y": 273.006, "z": -9.55106}}}, "m_vGlobalSize": {"type": "SVector3", "value": {"x": 35.0149993896, "y": 37.654499054, "z": 15.553899765}}, "m_eidParent": {"type": "SEntityTemplateReference", "value": "fffffffffffffffe"}}, "postInitProperties": {}, "editorOnly": false, "platformSpecificPropertyValues": []}}, {"op": "add", "path": "/entities/803f00bc56fe23f9", "value": {"parent": "54b2c5fd13ad125b", "name": "RainKillBox For Room Include for Room_Inside_900_WelcomeCenter (46206)", "template": "[assembly:/_pro/effects/templates/liquid/fx_liquid.template?/rainkillbox.entitytemplate].pc_entitytype", "blueprint": "[assembly:/_pro/effects/templates/liquid/fx_liquid.template?/rainkillbox.entitytemplate].pc_entityblueprint", "properties": {"m_mTransform": {"type": "SMatrix43", "value": {"rotation": {"x": -0.0, "y": 0.0, "z": -0.0}, "position": {"x": 1.41064, "y": 97.499, "z": 5.19309}}}, "m_vGlobalSize": {"type": "SVector3", "value": {"x": 20.1060009003, "y": 12.0165996552, "z": 6.3246898651}}, "m_eidParent": {"type": "SEntityTemplateReference", "value": "fffffffffffffffe"}}, "postInitProperties": {}, "editorOnly": false, "platformSpecificPropertyValues": []}}, {"op": "add", "path": "/entities/e365507326a42149", "value": {"parent": "54b2c5fd13ad125b", "name": "RainKillBox For Room_Inside_611_Villa_SecretRoom", "template": "[assembly:/_pro/effects/templates/liquid/fx_liquid.template?/rainkillbox.entitytemplate].pc_entitytype", "blueprint": "[assembly:/_pro/effects/templates/liquid/fx_liquid.template?/rainkillbox.entitytemplate].pc_entityblueprint", "properties": {"m_mTransform": {"type": "SMatrix43", "value": {"rotation": {"x": -0.0, "y": 0.0, "z": -0.0}, "position": {"x": -39.3069496155, "y": 250.6327972412, "z": 4.0731921196}}}, "m_vGlobalSize": {"type": "SVector3", "value": {"x": 9.9039001465, "y": 7.5798199177, "z": 4.260230250599999}}, "m_eidParent": {"type": "SEntityTemplateReference", "value": "fffffffffffffffe"}}, "postInitProperties": {}, "editorOnly": false, "platformSpecificPropertyValues": []}}, {"op": "add", "path": "/entities/52c6c10ba95e91b6", "value": {"parent": "54b2c5fd13ad125b", "name": "RainKillBox For Room Include for Room_Inside_714_Undeground_Underwater (49899)", "template": "[assembly:/_pro/effects/templates/liquid/fx_liquid.template?/rainkillbox.entitytemplate].pc_entitytype", "blueprint": "[assembly:/_pro/effects/templates/liquid/fx_liquid.template?/rainkillbox.entitytemplate].pc_entityblueprint", "properties": {"m_mTransform": {"type": "SMatrix43", "value": {"rotation": {"x": -0.0, "y": 0.0, "z": -0.0}, "position": {"x": -49.6808, "y": 246.686, "z": -8.2733}}}, "m_vGlobalSize": {"type": "SVector3", "value": {"x": 3.6352798939, "y": 4.8001098633, "z": 17.8341999054}}, "m_eidParent": {"type": "SEntityTemplateReference", "value": "fffffffffffffffe"}}, "postInitProperties": {}, "editorOnly": false, "platformSpecificPropertyValues": []}}, {"op": "add", "path": "/entities/238b62eb3acd0952", "value": {"parent": "54b2c5fd13ad125b", "name": "RainKillBox For Room_Inside_202_SPA_Changing_Room_A", "template": "[assembly:/_pro/effects/templates/liquid/fx_liquid.template?/rainkillbox.entitytemplate].pc_entitytype", "blueprint": "[assembly:/_pro/effects/templates/liquid/fx_liquid.template?/rainkillbox.entitytemplate].pc_entityblueprint", "properties": {"m_mTransform": {"type": "SMatrix43", "value": {"rotation": {"x": -0.0, "y": 0.0, "z": -0.0}, "position": {"x": 1.6683210135, "y": 158.7447967529, "z": 2.4087109566}}}, "m_vGlobalSize": {"type": "SVector3", "value": {"x": 7.955239772800001, "y": 4.0170398951, "z": 4.8049951494}}, "m_eidParent": {"type": "SEntityTemplateReference", "value": "fffffffffffffffe"}}, "postInitProperties": {}, "editorOnly": false, "platformSpecificPropertyValues": []}}, {"op": "add", "path": "/entities/e26525c0b52e7a2f", "value": {"parent": "54b2c5fd13ad125b", "name": "RainKillBox For Room Include for Room_Inside_700_Underground_Server_Room (48779)", "template": "[assembly:/_pro/effects/templates/liquid/fx_liquid.template?/rainkillbox.entitytemplate].pc_entitytype", "blueprint": "[assembly:/_pro/effects/templates/liquid/fx_liquid.template?/rainkillbox.entitytemplate].pc_entityblueprint", "properties": {"m_mTransform": {"type": "SMatrix43", "value": {"rotation": {"x": -0.0, "y": 0.0, "z": -0.0}, "position": {"x": -53.1787, "y": 257.655, "z": -5.64771}}}, "m_vGlobalSize": {"type": "SVector3", "value": {"x": 13.8756999969, "y": 14.7181997299, "z": 7.4154701233}}, "m_eidParent": {"type": "SEntityTemplateReference", "value": "fffffffffffffffe"}}, "postInitProperties": {}, "editorOnly": false, "platformSpecificPropertyValues": []}}, {"op": "add", "path": "/entities/24f250f34e10fe6c", "value": {"parent": "54b2c5fd13ad125b", "name": "RainKillBox For Room_Inside_303_Gym_ChnagingRoom_B", "template": "[assembly:/_pro/effects/templates/liquid/fx_liquid.template?/rainkillbox.entitytemplate].pc_entitytype", "blueprint": "[assembly:/_pro/effects/templates/liquid/fx_liquid.template?/rainkillbox.entitytemplate].pc_entityblueprint", "properties": {"m_mTransform": {"type": "SMatrix43", "value": {"rotation": {"x": -0.0, "y": 0.0, "z": -0.0}, "position": {"x": 42.4338188171, "y": 141.3677978516, "z": 6.0556769371}}}, "m_vGlobalSize": {"type": "SVector3", "value": {"x": 8.0436098576, "y": 6.7278900146, "z": 4.6876008958}}, "m_eidParent": {"type": "SEntityTemplateReference", "value": "fffffffffffffffe"}}, "postInitProperties": {}, "editorOnly": false, "platformSpecificPropertyValues": []}}, {"op": "add", "path": "/entities/66bb77d9bdf4761e", "value": {"parent": "54b2c5fd13ad125b", "name": "RainKillBox For Room_Inside_103_Restaraunt_Bar_Storage", "template": "[assembly:/_pro/effects/templates/liquid/fx_liquid.template?/rainkillbox.entitytemplate].pc_entitytype", "blueprint": "[assembly:/_pro/effects/templates/liquid/fx_liquid.template?/rainkillbox.entitytemplate].pc_entityblueprint", "properties": {"m_mTransform": {"type": "SMatrix43", "value": {"rotation": {"x": -0.0, "y": 0.0, "z": 30.00000044646129}, "position": {"x": -46.0279388428, "y": 109.9344024658, "z": 6.1232919693}}}, "m_vGlobalSize": {"type": "SVector3", "value": {"x": 8.1285498142, "y": 11.976240158, "z": 8.4044486098}}, "m_eidParent": {"type": "SEntityTemplateReference", "value": "fffffffffffffffe"}}, "postInitProperties": {}, "editorOnly": false, "platformSpecificPropertyValues": []}}, {"op": "add", "path": "/entities/9926026736b5ff45", "value": {"parent": "54b2c5fd13ad125b", "name": "RainKillBox For Room_Inside_106_Restaraunt_Bathroom_A", "template": "[assembly:/_pro/effects/templates/liquid/fx_liquid.template?/rainkillbox.entitytemplate].pc_entitytype", "blueprint": "[assembly:/_pro/effects/templates/liquid/fx_liquid.template?/rainkillbox.entitytemplate].pc_entityblueprint", "properties": {"m_mTransform": {"type": "SMatrix43", "value": {"rotation": {"x": -0.0, "y": 0.0, "z": 30.00000044646129}, "position": {"x": -57.7846908569, "y": 128.9606018066, "z": 1.4232929945}}}, "m_vGlobalSize": {"type": "SVector3", "value": {"x": 6.656820058799999, "y": 8.084580183, "z": 4.3746319413}}, "m_eidParent": {"type": "SEntityTemplateReference", "value": "fffffffffffffffe"}}, "postInitProperties": {}, "editorOnly": false, "platformSpecificPropertyValues": []}}, {"op": "add", "path": "/entities/7abf8d22e262d96b", "value": {"parent": "54b2c5fd13ad125b", "name": "RainKillBox For Room_Inside_101_Utility_Room", "template": "[assembly:/_pro/effects/templates/liquid/fx_liquid.template?/rainkillbox.entitytemplate].pc_entitytype", "blueprint": "[assembly:/_pro/effects/templates/liquid/fx_liquid.template?/rainkillbox.entitytemplate].pc_entityblueprint", "properties": {"m_mTransform": {"type": "SMatrix43", "value": {"rotation": {"x": -0.0, "y": 0.0, "z": 30.00000044646129}, "position": {"x": -66.4473114014, "y": 145.6098022461, "z": 6.1392917633}}}, "m_vGlobalSize": {"type": "SVector3", "value": {"x": 8.0810701847, "y": 4.0937800407, "z": 4.7029946148}}, "m_eidParent": {"type": "SEntityTemplateReference", "value": "fffffffffffffffe"}}, "postInitProperties": {}, "editorOnly": false, "platformSpecificPropertyValues": []}}, {"op": "add", "path": "/entities/6a9e917911749dda", "value": {"parent": "54b2c5fd13ad125b", "name": "RainKillBox For Room_Inside_610_Villa_LivingRoom", "template": "[assembly:/_pro/effects/templates/liquid/fx_liquid.template?/rainkillbox.entitytemplate].pc_entitytype", "blueprint": "[assembly:/_pro/effects/templates/liquid/fx_liquid.template?/rainkillbox.entitytemplate].pc_entityblueprint", "properties": {"m_mTransform": {"type": "SMatrix43", "value": {"rotation": {"x": -0.0, "y": 0.0, "z": -0.0}, "position": {"x": -37.419960022, "y": 265.2244873047, "z": 4.0731921196}}}, "m_vGlobalSize": {"type": "SVector3", "value": {"x": 9.9839401245, "y": 18.0953998566, "z": 4.521545842299999}}, "m_eidParent": {"type": "SEntityTemplateReference", "value": "fffffffffffffffe"}}, "postInitProperties": {}, "editorOnly": false, "platformSpecificPropertyValues": []}}, {"op": "add", "path": "/entities/3c769510679ede4a", "value": {"parent": "54b2c5fd13ad125b", "name": "RainKillBox For Room Include for Room_Inside_201_SPA_Massage_A (42857)", "template": "[assembly:/_pro/effects/templates/liquid/fx_liquid.template?/rainkillbox.entitytemplate].pc_entitytype", "blueprint": "[assembly:/_pro/effects/templates/liquid/fx_liquid.template?/rainkillbox.entitytemplate].pc_entityblueprint", "properties": {"m_mTransform": {"type": "SMatrix43", "value": {"rotation": {"x": -0.0, "y": 0.0, "z": -0.0}, "position": {"x": 7.36941, "y": 158.823, "z": 4.62991}}}, "m_vGlobalSize": {"type": "SVector3", "value": {"x": 4.1038298607, "y": 4.399310112, "z": 4.7627000809}}, "m_eidParent": {"type": "SEntityTemplateReference", "value": "fffffffffffffffe"}}, "postInitProperties": {}, "editorOnly": false, "platformSpecificPropertyValues": []}}, {"op": "add", "path": "/entities/e97cc65ba177e00a", "value": {"parent": "54b2c5fd13ad125b", "name": "RainKillBox For Room_Inside_305_Gym_Medical_Center", "template": "[assembly:/_pro/effects/templates/liquid/fx_liquid.template?/rainkillbox.entitytemplate].pc_entitytype", "blueprint": "[assembly:/_pro/effects/templates/liquid/fx_liquid.template?/rainkillbox.entitytemplate].pc_entityblueprint", "properties": {"m_mTransform": {"type": "SMatrix43", "value": {"rotation": {"x": -0.0, "y": 0.0, "z": -0.0}, "position": {"x": 33.3820381165, "y": 125.3788986206, "z": 1.4300260544}}}, "m_vGlobalSize": {"type": "SVector3", "value": {"x": 8.0022799969, "y": 8.0367400646, "z": 4.3939409591}}, "m_eidParent": {"type": "SEntityTemplateReference", "value": "fffffffffffffffe"}}, "postInitProperties": {}, "editorOnly": false, "platformSpecificPropertyValues": []}}, {"op": "add", "path": "/entities/273580bcae1ae547", "value": {"parent": "54b2c5fd13ad125b", "name": "RainKillBox For Room Include for Room_Inside_708_Underground_StairCase_E (46860)", "template": "[assembly:/_pro/effects/templates/liquid/fx_liquid.template?/rainkillbox.entitytemplate].pc_entitytype", "blueprint": "[assembly:/_pro/effects/templates/liquid/fx_liquid.template?/rainkillbox.entitytemplate].pc_entityblueprint", "properties": {"m_mTransform": {"type": "SMatrix43", "value": {"rotation": {"x": -0.0, "y": 0.0, "z": -0.0}, "position": {"x": -76.166, "y": 253.904, "z": -10.0128}}}, "m_vGlobalSize": {"type": "SVector3", "value": {"x": 6.8016600609, "y": 3.2342100143, "z": 9.3746500015}}, "m_eidParent": {"type": "SEntityTemplateReference", "value": "fffffffffffffffe"}}, "postInitProperties": {}, "editorOnly": false, "platformSpecificPropertyValues": []}}, {"op": "add", "path": "/entities/e4fd04bdd5944c7d", "value": {"parent": "54b2c5fd13ad125b", "name": "RainKillBox For Room_Inside_102_Restaraunt_Bar", "template": "[assembly:/_pro/effects/templates/liquid/fx_liquid.template?/rainkillbox.entitytemplate].pc_entitytype", "blueprint": "[assembly:/_pro/effects/templates/liquid/fx_liquid.template?/rainkillbox.entitytemplate].pc_entityblueprint", "properties": {"m_mTransform": {"type": "SMatrix43", "value": {"rotation": {"x": -0.0, "y": 0.0, "z": 29.75110002775826}, "position": {"x": -56.4502105713, "y": 102.6669006348, "z": 6.1232919693}}}, "m_vGlobalSize": {"type": "SVector3", "value": {"x": 12.3103098869, "y": 12.119299888699999, "z": 4.3675869555}}, "m_eidParent": {"type": "SEntityTemplateReference", "value": "fffffffffffffffe"}}, "postInitProperties": {}, "editorOnly": false, "platformSpecificPropertyValues": []}}, {"op": "add", "path": "/entities/4e29bfbe54d0a329", "value": {"parent": "54b2c5fd13ad125b", "name": "RainKillBox For Room_Inside_205_SPA_TopRoom_A", "template": "[assembly:/_pro/effects/templates/liquid/fx_liquid.template?/rainkillbox.entitytemplate].pc_entitytype", "blueprint": "[assembly:/_pro/effects/templates/liquid/fx_liquid.template?/rainkillbox.entitytemplate].pc_entityblueprint", "properties": {"m_mTransform": {"type": "SMatrix43", "value": {"rotation": {"x": -0.0, "y": 0.0, "z": -0.0}, "position": {"x": -2.5502090454, "y": 157.3769989014, "z": 7.0000019073}}}, "m_vGlobalSize": {"type": "SVector3", "value": {"x": 16.0274395943, "y": 16.4268298149, "z": 4.876001082299999}}, "m_eidParent": {"type": "SEntityTemplateReference", "value": "fffffffffffffffe"}}, "postInitProperties": {}, "editorOnly": false, "platformSpecificPropertyValues": []}}, {"op": "add", "path": "/entities/c464113caaa9b10c", "value": {"parent": "54b2c5fd13ad125b", "name": "RainKillBox For Room_Inside_200_SPA_Reception", "template": "[assembly:/_pro/effects/templates/liquid/fx_liquid.template?/rainkillbox.entitytemplate].pc_entitytype", "blueprint": "[assembly:/_pro/effects/templates/liquid/fx_liquid.template?/rainkillbox.entitytemplate].pc_entityblueprint", "properties": {"m_mTransform": {"type": "SMatrix43", "value": {"rotation": {"x": -0.0, "y": 0.0, "z": -0.0}, "position": {"x": 0.9667770267, "y": 152.3262023926, "z": 2.4123439789}}}, "m_vGlobalSize": {"type": "SVector3", "value": {"x": 8.1392197609, "y": 9.281810283599999, "z": 4.8122751266}}, "m_eidParent": {"type": "SEntityTemplateReference", "value": "fffffffffffffffe"}}, "postInitProperties": {}, "editorOnly": false, "platformSpecificPropertyValues": []}}, {"op": "add", "path": "/entities/8ea8beebb680ff51", "value": {"parent": "54b2c5fd13ad125b", "name": "RainKillBox For Room_Inside_700_Underground_Server_Room", "template": "[assembly:/_pro/effects/templates/liquid/fx_liquid.template?/rainkillbox.entitytemplate].pc_entitytype", "blueprint": "[assembly:/_pro/effects/templates/liquid/fx_liquid.template?/rainkillbox.entitytemplate].pc_entityblueprint", "properties": {"m_mTransform": {"type": "SMatrix43", "value": {"rotation": {"x": -0.0, "y": 0.0, "z": -0.0}, "position": {"x": -40.7816085815, "y": 274.970489502, "z": -13.0}}}, "m_vGlobalSize": {"type": "SVector3", "value": {"x": 44.412399292, "y": 34.7075004577, "z": 13.6640496254}}, "m_eidParent": {"type": "SEntityTemplateReference", "value": "fffffffffffffffe"}}, "postInitProperties": {}, "editorOnly": false, "platformSpecificPropertyValues": []}}, {"op": "add", "path": "/entities/f37df193a7ca8dc4", "value": {"parent": "54b2c5fd13ad125b", "name": "RainKillBox For Room_Inside_307_Gym_GardsRoom", "template": "[assembly:/_pro/effects/templates/liquid/fx_liquid.template?/rainkillbox.entitytemplate].pc_entitytype", "blueprint": "[assembly:/_pro/effects/templates/liquid/fx_liquid.template?/rainkillbox.entitytemplate].pc_entityblueprint", "properties": {"m_mTransform": {"type": "SMatrix43", "value": {"rotation": {"x": -0.0, "y": 0.0, "z": -0.0}, "position": {"x": 39.7554206848, "y": 124.5155029297, "z": 1.4307860136}}}, "m_vGlobalSize": {"type": "SVector3", "value": {"x": 8.0367598534, "y": 8.0843698979, "z": 4.5705671608000005}}, "m_eidParent": {"type": "SEntityTemplateReference", "value": "fffffffffffffffe"}}, "postInitProperties": {}, "editorOnly": false, "platformSpecificPropertyValues": []}}, {"op": "add", "path": "/entities/7eb779edc6488834", "value": {"parent": "54b2c5fd13ad125b", "name": "RainKillBox For Room_Inside_702_Underground_Corridor_A", "template": "[assembly:/_pro/effects/templates/liquid/fx_liquid.template?/rainkillbox.entitytemplate].pc_entitytype", "blueprint": "[assembly:/_pro/effects/templates/liquid/fx_liquid.template?/rainkillbox.entitytemplate].pc_entityblueprint", "properties": {"m_mTransform": {"type": "SMatrix43", "value": {"rotation": {"x": -0.0, "y": 0.0, "z": -0.0}, "position": {"x": -36.166759491, "y": 253.4066925049, "z": -13.0392398834}}}, "m_vGlobalSize": {"type": "SVector3", "value": {"x": 36.3575000763, "y": 3.7735401392, "z": 4.1199250221}}, "m_eidParent": {"type": "SEntityTemplateReference", "value": "fffffffffffffffe"}}, "postInitProperties": {}, "editorOnly": false, "platformSpecificPropertyValues": []}}, {"op": "add", "path": "/entities/cca3f89ec5c3ab03", "value": {"parent": "54b2c5fd13ad125b", "name": "RainKillBox For Room_Inside_616_Villa_Top", "template": "[assembly:/_pro/effects/templates/liquid/fx_liquid.template?/rainkillbox.entitytemplate].pc_entitytype", "blueprint": "[assembly:/_pro/effects/templates/liquid/fx_liquid.template?/rainkillbox.entitytemplate].pc_entityblueprint", "properties": {"m_mTransform": {"type": "SMatrix43", "value": {"rotation": {"x": -0.0, "y": 0.0, "z": -0.0}, "position": {"x": -54.0272483826, "y": 257.2007141113, "z": 15.6749401093}}}, "m_vGlobalSize": {"type": "SVector3", "value": {"x": 19.882159233000003, "y": 18.2936096191, "z": 3.2884540558}}, "m_eidParent": {"type": "SEntityTemplateReference", "value": "fffffffffffffffe"}}, "postInitProperties": {}, "editorOnly": false, "platformSpecificPropertyValues": []}}, {"op": "add", "path": "/entities/5830bb5520abde1a", "value": {"parent": "54b2c5fd13ad125b", "name": "RainKillBox For Room_Inside_712_Underground_StairCase_F", "template": "[assembly:/_pro/effects/templates/liquid/fx_liquid.template?/rainkillbox.entitytemplate].pc_entitytype", "blueprint": "[assembly:/_pro/effects/templates/liquid/fx_liquid.template?/rainkillbox.entitytemplate].pc_entityblueprint", "properties": {"m_mTransform": {"type": "SMatrix43", "value": {"rotation": {"x": -0.0, "y": 0.0, "z": -0.0}, "position": {"x": -13.1727600098, "y": 251.5942993164, "z": -8.3553161621}}}, "m_vGlobalSize": {"type": "SVector3", "value": {"x": 3.1427211873, "y": 6.148280143699999, "z": 5.4488601684}}, "m_eidParent": {"type": "SEntityTemplateReference", "value": "fffffffffffffffe"}}, "postInitProperties": {}, "editorOnly": false, "platformSpecificPropertyValues": []}}, {"op": "add", "path": "/entities/c94b3c84917f9f06", "value": {"parent": "54b2c5fd13ad125b", "name": "RainKillBox For Room Include for Room_Inside_205_SPA_TopRoom_A (43038)", "template": "[assembly:/_pro/effects/templates/liquid/fx_liquid.template?/rainkillbox.entitytemplate].pc_entitytype", "blueprint": "[assembly:/_pro/effects/templates/liquid/fx_liquid.template?/rainkillbox.entitytemplate].pc_entityblueprint", "properties": {"m_mTransform": {"type": "SMatrix43", "value": {"rotation": {"x": -0.0, "y": 0.0, "z": -0.0}, "position": {"x": 1.29051, "y": 150.137, "z": 8.82394}}}, "m_vGlobalSize": {"type": "SVector3", "value": {"x": 8.1042699814, "y": 5.7069101334, "z": 4.4384799004}}, "m_eidParent": {"type": "SEntityTemplateReference", "value": "fffffffffffffffe"}}, "postInitProperties": {}, "editorOnly": false, "platformSpecificPropertyValues": []}}, {"op": "add", "path": "/entities/b7c58faa4295912f", "value": {"parent": "54b2c5fd13ad125b", "name": "RainKillBox For Room_Inside_706_Underground_StairCase_C", "template": "[assembly:/_pro/effects/templates/liquid/fx_liquid.template?/rainkillbox.entitytemplate].pc_entitytype", "blueprint": "[assembly:/_pro/effects/templates/liquid/fx_liquid.template?/rainkillbox.entitytemplate].pc_entityblueprint", "properties": {"m_mTransform": {"type": "SMatrix43", "value": {"rotation": {"x": -0.0, "y": 0.0, "z": -0.0}, "position": {"x": -61.7307510376, "y": 293.313293457, "z": -8.8320026398}}}, "m_vGlobalSize": {"type": "SVector3", "value": {"x": 7.6203200817, "y": 3.7658699751, "z": 11.7551298141}}, "m_eidParent": {"type": "SEntityTemplateReference", "value": "fffffffffffffffe"}}, "postInitProperties": {}, "editorOnly": false, "platformSpecificPropertyValues": []}}, {"op": "add", "path": "/entities/18b3e038a15518fb", "value": {"parent": "54b2c5fd13ad125b", "name": "RainKillBox For Room Include for Room_Inside_109_Restaraunt_Bathroom_B (35247)", "template": "[assembly:/_pro/effects/templates/liquid/fx_liquid.template?/rainkillbox.entitytemplate].pc_entitytype", "blueprint": "[assembly:/_pro/effects/templates/liquid/fx_liquid.template?/rainkillbox.entitytemplate].pc_entityblueprint", "properties": {"m_mTransform": {"type": "SMatrix43", "value": {"rotation": {"x": -0.0, "y": 0.0, "z": 30.00001156757613}, "position": {"x": -52.8946, "y": 121.825, "z": 2.79974}}}, "m_vGlobalSize": {"type": "SVector3", "value": {"x": 4.0650801659, "y": 3.9612100124, "z": 5.78895998}}, "m_eidParent": {"type": "SEntityTemplateReference", "value": "fffffffffffffffe"}}, "postInitProperties": {}, "editorOnly": false, "platformSpecificPropertyValues": []}}, {"op": "add", "path": "/entities/4a781ac726ba4a24", "value": {"parent": "54b2c5fd13ad125b", "name": "RainKillBox For Room_Inside_714_Undeground_Underwater", "template": "[assembly:/_pro/effects/templates/liquid/fx_liquid.template?/rainkillbox.entitytemplate].pc_entitytype", "blueprint": "[assembly:/_pro/effects/templates/liquid/fx_liquid.template?/rainkillbox.entitytemplate].pc_entityblueprint", "properties": {"m_mTransform": {"type": "SMatrix43", "value": {"rotation": {"x": -0.0, "y": 0.0, "z": -0.0}, "position": {"x": -41.9087715149, "y": 301.8692932129, "z": -13.1311397552}}}, "m_vGlobalSize": {"type": "SVector3", "value": {"x": 37.8028001785, "y": 26.09389925, "z": 14.972770214}}, "m_eidParent": {"type": "SEntityTemplateReference", "value": "fffffffffffffffe"}}, "postInitProperties": {}, "editorOnly": false, "platformSpecificPropertyValues": []}}, {"op": "add", "path": "/entities/a16acdbc89b0eeb8", "value": {"parent": "54b2c5fd13ad125b", "name": "RainKillBox For Room_Inside_310_Gym_Toilet_B", "template": "[assembly:/_pro/effects/templates/liquid/fx_liquid.template?/rainkillbox.entitytemplate].pc_entitytype", "blueprint": "[assembly:/_pro/effects/templates/liquid/fx_liquid.template?/rainkillbox.entitytemplate].pc_entityblueprint", "properties": {"m_mTransform": {"type": "SMatrix43", "value": {"rotation": {"x": -0.0, "y": 0.0, "z": -0.0}, "position": {"x": 43.6844406128, "y": 128.9871063232, "z": 1.4161319733}}}, "m_vGlobalSize": {"type": "SVector3", "value": {"x": 4.0433499814000005, "y": 4.0091699957, "z": 4.2696270607999995}}, "m_eidParent": {"type": "SEntityTemplateReference", "value": "fffffffffffffffe"}}, "postInitProperties": {}, "editorOnly": false, "platformSpecificPropertyValues": []}}, {"op": "add", "path": "/entities/756057f16fe18c4e", "value": {"parent": "54b2c5fd13ad125b", "name": "RainKillBox For Room_Inside_301_Gym_TowelsRoom", "template": "[assembly:/_pro/effects/templates/liquid/fx_liquid.template?/rainkillbox.entitytemplate].pc_entitytype", "blueprint": "[assembly:/_pro/effects/templates/liquid/fx_liquid.template?/rainkillbox.entitytemplate].pc_entityblueprint", "properties": {"m_mTransform": {"type": "SMatrix43", "value": {"rotation": {"x": -0.0, "y": 0.0, "z": -0.0}, "position": {"x": 35.7956199646, "y": 130.3858947754, "z": 7.5937128067}}}, "m_vGlobalSize": {"type": "SVector3", "value": {"x": 4.0041377502, "y": 4.0397200584, "z": 4.5339399575999995}}, "m_eidParent": {"type": "SEntityTemplateReference", "value": "fffffffffffffffe"}}, "postInitProperties": {}, "editorOnly": false, "platformSpecificPropertyValues": []}}, {"op": "add", "path": "/entities/2c817af10bb1262a", "value": {"parent": "54b2c5fd13ad125b", "name": "RainKillBox For Room_Inside_703_Underground_Control_Room", "template": "[assembly:/_pro/effects/templates/liquid/fx_liquid.template?/rainkillbox.entitytemplate].pc_entitytype", "blueprint": "[assembly:/_pro/effects/templates/liquid/fx_liquid.template?/rainkillbox.entitytemplate].pc_entityblueprint", "properties": {"m_mTransform": {"type": "SMatrix43", "value": {"rotation": {"x": -0.0, "y": 0.0, "z": -0.0}, "position": {"x": -38.0480690002, "y": 255.658706665, "z": -7.7227878571}}}, "m_vGlobalSize": {"type": "SVector3", "value": {"x": 18.6451997757, "y": 14.9287900924, "z": 6.7876502275}}, "m_eidParent": {"type": "SEntityTemplateReference", "value": "fffffffffffffffe"}}, "postInitProperties": {}, "editorOnly": false, "platformSpecificPropertyValues": []}}, {"op": "add", "path": "/entities/70e331f16a36fd0c", "value": {"parent": "54b2c5fd13ad125b", "name": "RainKillBox For Room_Inside_500_Security", "template": "[assembly:/_pro/effects/templates/liquid/fx_liquid.template?/rainkillbox.entitytemplate].pc_entitytype", "blueprint": "[assembly:/_pro/effects/templates/liquid/fx_liquid.template?/rainkillbox.entitytemplate].pc_entityblueprint", "properties": {"m_mTransform": {"type": "SMatrix43", "value": {"rotation": {"x": -0.0, "y": 0.0, "z": 10.000001125326499}, "position": {"x": -44.9614906311, "y": 175.6475067139, "z": 1.4298280478}}}, "m_vGlobalSize": {"type": "SVector3", "value": {"x": 10.0111398697, "y": 9.6590099334, "z": 4.0552440435}}, "m_eidParent": {"type": "SEntityTemplateReference", "value": "fffffffffffffffe"}}, "postInitProperties": {}, "editorOnly": false, "platformSpecificPropertyValues": []}}, {"op": "add", "path": "/entities/5c5879a839fc4d12", "value": {"parent": "54b2c5fd13ad125b", "name": "FX_E_Rain", "template": "[assembly:/_pro/effects/templates/liquid/fx_liquid.template?/fx_e_rain.entitytemplate].pc_entitytype", "blueprint": "[assembly:/_pro/effects/templates/liquid/fx_liquid.template?/fx_e_rain.entitytemplate].pc_entityblueprint", "properties": {"m_mTransform": {"type": "SMatrix43", "value": {"rotation": {"x": 0.0, "y": 0.0, "z": 0.0}, "position": {"x": 0.0, "y": 0.0, "z": 0.0}}}, "RainWindMultiplier": {"type": "float32", "value": 1.2000000476837158}, "GroundSplashAlpha": {"type": "float32", "value": 0.20000000298023224}, "RainMinimumSize": {"type": "float32", "value": 0.800000011920929}, "RainMaximumSize": {"type": "float32", "value": 1.5}, "RainMotionStretchFactor": {"type": "float32", "value": 5}, "RainReflectivity": {"type": "float32", "value": 0.800000011920929}, "m_fCameraFadeNearDistance": {"type": "float32", "value": 1}, "m_fCameraFadeFarDistance": {"type": "float32", "value": 2}, "RainParticlesPerSecond": {"type": "float32", "value": 4000}, "RainRefraction": {"type": "float32", "value": 5}, "m_fCameraFadeSizeFactor": {"type": "float32", "value": 100}, "RainSplashesFlatGroundEnabled": {"type": "bool", "value": true}, "InfinityRadius": {"type": "float32", "value": 10}}, "postInitProperties": {"ParentHitman": {"type": "SEntityTemplateReference", "value": "11b420629d3ee72e"}, "m_eidParent": {"type": "SEntityTemplateReference", "value": "d6d4c1ac2f63f1d8"}}, "editorOnly": false, "platformSpecificPropertyValues": []}}, {"op": "add", "path": "/entities/7c97862f498a6e15", "value": {"parent": "54b2c5fd13ad125b", "name": "RainKillBox For Room_Inside_705_Underground_StairCase_B", "template": "[assembly:/_pro/effects/templates/liquid/fx_liquid.template?/rainkillbox.entitytemplate].pc_entitytype", "blueprint": "[assembly:/_pro/effects/templates/liquid/fx_liquid.template?/rainkillbox.entitytemplate].pc_entityblueprint", "properties": {"m_mTransform": {"type": "SMatrix43", "value": {"rotation": {"x": -0.0, "y": 0.0, "z": -0.0}, "position": {"x": -33.4726791382, "y": 256.1657104492, "z": -0.5434550047}}}, "m_vGlobalSize": {"type": "SVector3", "value": {"x": 9.7735798359, "y": 9.1957201958, "z": 6.7366001606}}, "m_eidParent": {"type": "SEntityTemplateReference", "value": "fffffffffffffffe"}}, "postInitProperties": {}, "editorOnly": false, "platformSpecificPropertyValues": []}}, {"op": "add", "path": "/entities/db444af217a3465f", "value": {"parent": "54b2c5fd13ad125b", "name": "RainKillBox For Room_Inside_115_Passage_A", "template": "[assembly:/_pro/effects/templates/liquid/fx_liquid.template?/rainkillbox.entitytemplate].pc_entitytype", "blueprint": "[assembly:/_pro/effects/templates/liquid/fx_liquid.template?/rainkillbox.entitytemplate].pc_entityblueprint", "properties": {"m_mTransform": {"type": "SMatrix43", "value": {"rotation": {"x": -0.0, "y": 0.0, "z": 29.999933089912666}, "position": {"x": -49.818649292, "y": 111.8018035889, "z": 1.4332840443}}}, "m_vGlobalSize": {"type": "SVector3", "value": {"x": 12.060400009199999, "y": 7.4328098297, "z": 4.4114141166}}, "m_eidParent": {"type": "SEntityTemplateReference", "value": "fffffffffffffffe"}}, "postInitProperties": {}, "editorOnly": false, "platformSpecificPropertyValues": []}}, {"op": "add", "path": "/entities/60fefcf58fd5dd5d", "value": {"parent": "54b2c5fd13ad125b", "name": "RainKillBox For Room_Inside_108_Restaraunt_Toilet_B", "template": "[assembly:/_pro/effects/templates/liquid/fx_liquid.template?/rainkillbox.entitytemplate].pc_entitytype", "blueprint": "[assembly:/_pro/effects/templates/liquid/fx_liquid.template?/rainkillbox.entitytemplate].pc_entityblueprint", "properties": {"m_mTransform": {"type": "SMatrix43", "value": {"rotation": {"x": -0.0, "y": 0.0, "z": -59.999987266725334}, "position": {"x": -63.2134017944, "y": 124.0003967285, "z": 1.4232929945}}}, "m_vGlobalSize": {"type": "SVector3", "value": {"x": 4.064060092, "y": 5.4567298889, "z": 4.3419986442}}, "m_eidParent": {"type": "SEntityTemplateReference", "value": "fffffffffffffffe"}}, "postInitProperties": {}, "editorOnly": false, "platformSpecificPropertyValues": []}}, {"op": "add", "path": "/entities/bb3e1d3281df4223", "value": {"parent": "54b2c5fd13ad125b", "name": "RainKillBox For Room_Inside_203_SPA_Massage_B", "template": "[assembly:/_pro/effects/templates/liquid/fx_liquid.template?/rainkillbox.entitytemplate].pc_entitytype", "blueprint": "[assembly:/_pro/effects/templates/liquid/fx_liquid.template?/rainkillbox.entitytemplate].pc_entityblueprint", "properties": {"m_mTransform": {"type": "SMatrix43", "value": {"rotation": {"x": -0.0, "y": 0.0, "z": -0.0}, "position": {"x": 9.5906906128, "y": 172.7028045654, "z": 2.4087018967}}}, "m_vGlobalSize": {"type": "SVector3", "value": {"x": 8.0343399048, "y": 9.5104498863, "z": 4.4504143596}}, "m_eidParent": {"type": "SEntityTemplateReference", "value": "fffffffffffffffe"}}, "postInitProperties": {}, "editorOnly": false, "platformSpecificPropertyValues": []}}, {"op": "add", "path": "/entities/a4ff5ed258e481af", "value": {"parent": "54b2c5fd13ad125b", "name": "RainKillBox For Room_Inside_603_Villa_Tyson_BedRoom", "template": "[assembly:/_pro/effects/templates/liquid/fx_liquid.template?/rainkillbox.entitytemplate].pc_entitytype", "blueprint": "[assembly:/_pro/effects/templates/liquid/fx_liquid.template?/rainkillbox.entitytemplate].pc_entityblueprint", "properties": {"m_mTransform": {"type": "SMatrix43", "value": {"rotation": {"x": -0.0, "y": 0.0, "z": -0.0}, "position": {"x": -68.6469726562, "y": 270.6379089355, "z": 11.7792797089}}}, "m_vGlobalSize": {"type": "SVector3", "value": {"x": 9.880300045, "y": 11.9737598896, "z": 5.1541398764}}, "m_eidParent": {"type": "SEntityTemplateReference", "value": "fffffffffffffffe"}}, "postInitProperties": {}, "editorOnly": false, "platformSpecificPropertyValues": []}}, {"op": "add", "path": "/entities/54b2c5fd13ad125b", "value": {"parent": "fffffffffffffffe", "name": "Rain Effects", "template": "[modules:/zentity.class].pc_entitytype", "blueprint": "[modules:/zentity.class].pc_entityblueprint", "properties": {}, "postInitProperties": {}, "editorOnly": false, "platformSpecificPropertyValues": [], "propertyAliases": []}}, {"op": "add", "path": "/entities/ce62987ba18b2560", "value": {"parent": "54b2c5fd13ad125b", "name": "RainKillBox For Room Include for Room_Inside_714_Undeground_Underwater (49899)", "template": "[assembly:/_pro/effects/templates/liquid/fx_liquid.template?/rainkillbox.entitytemplate].pc_entitytype", "blueprint": "[assembly:/_pro/effects/templates/liquid/fx_liquid.template?/rainkillbox.entitytemplate].pc_entityblueprint", "properties": {"m_mTransform": {"type": "SMatrix43", "value": {"rotation": {"x": -0.0, "y": 0.0, "z": -0.0}, "position": {"x": -77.3258, "y": 274.906, "z": -9.08103}}}, "m_vGlobalSize": {"type": "SVector3", "value": {"x": 31.511100769, "y": 34.5612983704, "z": 16.0102005005}}, "m_eidParent": {"type": "SEntityTemplateReference", "value": "fffffffffffffffe"}}, "postInitProperties": {}, "editorOnly": false, "platformSpecificPropertyValues": []}}, {"op": "add", "path": "/entities/793b82e9b388429f", "value": {"parent": "54b2c5fd13ad125b", "name": "RainKillBox For Room_Inside_600_Villa_Hall", "template": "[assembly:/_pro/effects/templates/liquid/fx_liquid.template?/rainkillbox.entitytemplate].pc_entitytype", "blueprint": "[assembly:/_pro/effects/templates/liquid/fx_liquid.template?/rainkillbox.entitytemplate].pc_entityblueprint", "properties": {"m_mTransform": {"type": "SMatrix43", "value": {"rotation": {"x": -0.0, "y": 0.0, "z": -0.0}, "position": {"x": -54.0999984741, "y": 256.200012207, "z": 4.5}}}, "m_vGlobalSize": {"type": "SVector3", "value": {"x": 20.0616903305, "y": 15.1647801399, "z": 14.9898329973}}, "m_eidParent": {"type": "SEntityTemplateReference", "value": "fffffffffffffffe"}}, "postInitProperties": {}, "editorOnly": false, "platformSpecificPropertyValues": []}}, {"op": "add", "path": "/entities/ef4f2cfe216dcca1", "value": {"parent": "54b2c5fd13ad125b", "name": "RainKillBox For Room_Inside_710_Underground_Toilet_A", "template": "[assembly:/_pro/effects/templates/liquid/fx_liquid.template?/rainkillbox.entitytemplate].pc_entitytype", "blueprint": "[assembly:/_pro/effects/templates/liquid/fx_liquid.template?/rainkillbox.entitytemplate].pc_entityblueprint", "properties": {"m_mTransform": {"type": "SMatrix43", "value": {"rotation": {"x": -0.0, "y": 0.0, "z": -0.0}, "position": {"x": -29.2238292694, "y": 249.3773956299, "z": -13.0}}}, "m_vGlobalSize": {"type": "SVector3", "value": {"x": 2.7153499127, "y": 4.4787100553000005, "z": 3.6146392374999996}}, "m_eidParent": {"type": "SEntityTemplateReference", "value": "fffffffffffffffe"}}, "postInitProperties": {}, "editorOnly": false, "platformSpecificPropertyValues": []}}, {"op": "add", "path": "/entities/fa7fcecd0a89235b", "value": {"parent": "54b2c5fd13ad125b", "name": "RainKillBox For Room Include for Room_Inside_100_Restaraunt (48565)", "template": "[assembly:/_pro/effects/templates/liquid/fx_liquid.template?/rainkillbox.entitytemplate].pc_entitytype", "blueprint": "[assembly:/_pro/effects/templates/liquid/fx_liquid.template?/rainkillbox.entitytemplate].pc_entityblueprint", "properties": {"m_mTransform": {"type": "SMatrix43", "value": {"rotation": {"x": -0.0, "y": 0.0, "z": -59.999988432423876}, "position": {"x": -69.2276, "y": 134.18, "z": 8.36857}}}, "m_vGlobalSize": {"type": "SVector3", "value": {"x": 20.0503005981, "y": 4.1594901085, "z": 4.7730398178}}, "m_eidParent": {"type": "SEntityTemplateReference", "value": "fffffffffffffffe"}}, "postInitProperties": {}, "editorOnly": false, "platformSpecificPropertyValues": []}}, {"op": "add", "path": "/entities/a125a95bc91997a1", "value": {"parent": "54b2c5fd13ad125b", "name": "RainKillBox For Room_Inside_104_Restaraunt_Storage_A", "template": "[assembly:/_pro/effects/templates/liquid/fx_liquid.template?/rainkillbox.entitytemplate].pc_entitytype", "blueprint": "[assembly:/_pro/effects/templates/liquid/fx_liquid.template?/rainkillbox.entitytemplate].pc_entityblueprint", "properties": {"m_mTransform": {"type": "SMatrix43", "value": {"rotation": {"x": -0.0, "y": 0.0, "z": 30.00000044646129}, "position": {"x": -49.1182899475, "y": 104.1371994019, "z": 1.3865920305}}}, "m_vGlobalSize": {"type": "SVector3", "value": {"x": 12.143540382400001, "y": 8.0153200627, "z": 4.491733014499999}}, "m_eidParent": {"type": "SEntityTemplateReference", "value": "fffffffffffffffe"}}, "postInitProperties": {}, "editorOnly": false, "platformSpecificPropertyValues": []}}, {"op": "add", "path": "/entities/0090b358e3cb64a9", "value": {"parent": "54b2c5fd13ad125b", "name": "RainKillBox For Room Include for Room_Inside_700_Underground_Server_Room (48779)", "template": "[assembly:/_pro/effects/templates/liquid/fx_liquid.template?/rainkillbox.entitytemplate].pc_entitytype", "blueprint": "[assembly:/_pro/effects/templates/liquid/fx_liquid.template?/rainkillbox.entitytemplate].pc_entityblueprint", "properties": {"m_mTransform": {"type": "SMatrix43", "value": {"rotation": {"x": -0.0, "y": 0.0, "z": -0.0}, "position": {"x": -20.4476, "y": 255.014, "z": -7.58726}}}, "m_vGlobalSize": {"type": "SVector3", "value": {"x": 14.7831001282, "y": 16.0321998596, "z": 11.6694002151}}, "m_eidParent": {"type": "SEntityTemplateReference", "value": "fffffffffffffffe"}}, "postInitProperties": {}, "editorOnly": false, "platformSpecificPropertyValues": []}}, {"op": "add", "path": "/entities/8551715e28e09440", "value": {"parent": "54b2c5fd13ad125b", "name": "RainKillBox For Room_Inside_709_Underground_Storage_A", "template": "[assembly:/_pro/effects/templates/liquid/fx_liquid.template?/rainkillbox.entitytemplate].pc_entitytype", "blueprint": "[assembly:/_pro/effects/templates/liquid/fx_liquid.template?/rainkillbox.entitytemplate].pc_entityblueprint", "properties": {"m_mTransform": {"type": "SMatrix43", "value": {"rotation": {"x": -0.0, "y": 0.0, "z": -0.0}, "position": {"x": -67.8012237549, "y": 250.8397064209, "z": -8.5174045563}}}, "m_vGlobalSize": {"type": "SVector3", "value": {"x": 9.6623101235, "y": 7.064089775, "z": 4.6987029315}}, "m_eidParent": {"type": "SEntityTemplateReference", "value": "fffffffffffffffe"}}, "postInitProperties": {}, "editorOnly": false, "platformSpecificPropertyValues": []}}, {"op": "replace", "path": "/entities/d6d4c1ac2f63f1d8/properties/m_Tags/value", "value": "DustA,RainA"}], "patchVersion": 4}