{
    "tempHash": "00526DD63BDB30CF",
    "tbluHash": "007F4CE64FE76ACC",
    "patch":
    [
        {
            "op": "add",
            "path": "/entities/abcdb27718c9fd63",
            "value":
            {
                "parent": "fffffffffffffffe",
                "name": "Rain Effects",
                "template": "[modules:/zentity.class].pc_entitytype",
                "blueprint": "[modules:/zentity.class].pc_entityblueprint",
                "properties":
                {},
                "postInitProperties":
                {},
                "editorOnly": false,
                "platformSpecificPropertyValues":
                [],
                "propertyAliases":
                []
            }
        },
        {
            "op": "add",
            "path": "/entities/abcd77bb6624601b",
            "value":
            {
                "parent": "abcdb27718c9fd63",
                "name": "FX_E_Rain",
                "template": "[assembly:/_pro/effects/templates/liquid/fx_liquid.template?/fx_e_rain.entitytemplate].pc_entitytype",
                "blueprint": "[assembly:/_pro/effects/templates/liquid/fx_liquid.template?/fx_e_rain.entitytemplate].pc_entityblueprint",
                "properties":
                {
                    "m_mTransform":
                    {
                        "type": "SMatrix43",
                        "value":
                        {
                            "rotation":
                            {
                                "x": 0.0,
                                "y": 0.0,
                                "z": 0.0
                            },
                            "position":
                            {
                                "x": 0.0,
                                "y": 0.0,
                                "z": 0.0
                            }
                        }
                    },
                    "RainWindMultiplier":
                    {
                        "type": "float32",
                        "value": 1.2000000476837158
                    },
                    "GroundSplashAlpha":
                    {
                        "type": "float32",
                        "value": 0.20000000298023224
                    },
                    "RainMinimumSize":
                    {
                        "type": "float32",
                        "value": 0.800000011920929
                    },
                    "RainMaximumSize":
                    {
                        "type": "float32",
                        "value": 1.5
                    },
                    "RainMotionStretchFactor":
                    {
                        "type": "float32",
                        "value": 5
                    },
                    "RainReflectivity":
                    {
                        "type": "float32",
                        "value": 0.800000011920929
                    },
                    "m_fCameraFadeNearDistance":
                    {
                        "type": "float32",
                        "value": 1
                    },
                    "m_fCameraFadeFarDistance":
                    {
                        "type": "float32",
                        "value": 2
                    },
                    "RainParticlesPerSecond":
                    {
                        "type": "float32",
                        "value": 4000
                    },
                    "RainRefraction":
                    {
                        "type": "float32",
                        "value": 5
                    },
                    "m_fCameraFadeSizeFactor":
                    {
                        "type": "float32",
                        "value": 100
                    },
                    "RainSplashesFlatGroundEnabled":
                    {
                        "type": "bool",
                        "value": true
                    },
                    "InfinityRadius":
                    {
                        "type": "float32",
                        "value": 10
                    }
                },
                "postInitProperties":
                {
                    "ParentHitman":
                    {
                        "type": "SEntityTemplateReference",
                        "value": "37af9fd7a9b26938"
                    },
                    "m_eidParent":
                    {
                        "type": "SEntityTemplateReference",
                        "value":
                        {
                            "ref": "3ac25f2657314528",
                            "externalScene": "[assembly:/_pro/scenes/missions/hawk/scenario_hawk.brick].pc_entitytype"
                        }
                    }
                },
                "editorOnly": false,
                "platformSpecificPropertyValues":
                []
            }
        },
        {
            "op": "add",
            "path": "/entities/abcdf9da9d95a6f1",
            "value":
            {
                "parent": "abcdb27718c9fd63",
                "name": "HitmanRainWetLogic",
                "template": "00FDB8565FFAA61A",
                "blueprint": "00609605E8B31DA5",
                "properties":
                {},
                "postInitProperties":
                {
                    "DryVolumes":
                    {
                        "type": "TArray<SEntityTemplateReference>",
                        "value":
                        [
                            {
                                "ref": "abcd47e460d6be8d",
                                "externalScene": null,
                                "exposedEntity": "NotInRain"
                            },
                            {
                                "ref": "abcd04225159858b",
                                "externalScene": null,
                                "exposedEntity": "NotInRain"
                            },
                            {
                                "ref": "abcdd2b47e349965",
                                "externalScene": null,
                                "exposedEntity": "NotInRain"
                            },
                            {
                                "ref": "abcd6e2ffe230519",
                                "externalScene": null,
                                "exposedEntity": "NotInRain"
                            },
                            {
                                "ref": "abcda9250bb4bef8",
                                "externalScene": null,
                                "exposedEntity": "NotInRain"
                            },
                            {
                                "ref": "abcdd4fcf8a204f8",
                                "externalScene": null,
                                "exposedEntity": "NotInRain"
                            },
                            {
                                "ref": "abcdce029238c8a9",
                                "externalScene": null,
                                "exposedEntity": "NotInRain"
                            },
                            {
                                "ref": "abcd3ab9ec0927e4",
                                "externalScene": null,
                                "exposedEntity": "NotInRain"
                            }
                        ]
                    }
                },
                "editorOnly": false,
                "platformSpecificPropertyValues":
                []
            }
        },
        {
            "op": "add",
            "path": "/entities/abcd47e460d6be8d",
            "value":
            {
                "parent": "abcdb27718c9fd63",
                "name": "RainKillBox For 100_Room_Guard_Building",
                "template": "[assembly:/_pro/effects/templates/liquid/fx_liquid.template?/rainkillbox.entitytemplate].pc_entitytype",
                "blueprint": "[assembly:/_pro/effects/templates/liquid/fx_liquid.template?/rainkillbox.entitytemplate].pc_entityblueprint",
                "properties":
                {
                    "m_mTransform":
                    {
                        "type": "SMatrix43",
                        "value":
                        {
                            "rotation":
                            {
                                "x": -0.0,
                                "y": 0.0,
                                "z": -0.0
                            },
                            "position":
                            {
                                "x": -17.8517608643,
                                "y": 105.6397018433,
                                "z": 8.5392665863
                            }
                        }
                    },
                    "m_vGlobalSize":
                    {
                        "type": "SVector3",
                        "value":
                        {
                            "x": 11.8198599816,
                            "y": 11.9848799706,
                            "z": 7.9568400383
                        }
                    }
                },
                "postInitProperties":
                {},
                "editorOnly": false,
                "platformSpecificPropertyValues":
                []
            }
        },
        {
            "op": "add",
            "path": "/entities/abcd04225159858b",
            "value":
            {
                "parent": "abcdb27718c9fd63",
                "name": "RainKillBox For 600_Room_Gulag_Hut_B",
                "template": "[assembly:/_pro/effects/templates/liquid/fx_liquid.template?/rainkillbox.entitytemplate].pc_entitytype",
                "blueprint": "[assembly:/_pro/effects/templates/liquid/fx_liquid.template?/rainkillbox.entitytemplate].pc_entityblueprint",
                "properties":
                {
                    "m_mTransform":
                    {
                        "type": "SMatrix43",
                        "value":
                        {
                            "rotation":
                            {
                                "x": -0.0,
                                "y": 0.0,
                                "z": 9.999930895803997
                            },
                            "position":
                            {
                                "x": 49.4248580933,
                                "y": 112.3970031738,
                                "z": 1.9999860525
                            }
                        }
                    },
                    "m_vGlobalSize":
                    {
                        "type": "SVector3",
                        "value":
                        {
                            "x": 6.648599862999999,
                            "y": 5.0509001017,
                            "z": 2.7191710919
                        }
                    }
                },
                "postInitProperties":
                {},
                "editorOnly": false,
                "platformSpecificPropertyValues":
                []
            }
        },
        {
            "op": "add",
            "path": "/entities/abcdd2b47e349965",
            "value":
            {
                "parent": "abcdb27718c9fd63",
                "name": "RainKillBox For 300_Room_Main_Prison_Building",
                "template": "[assembly:/_pro/effects/templates/liquid/fx_liquid.template?/rainkillbox.entitytemplate].pc_entitytype",
                "blueprint": "[assembly:/_pro/effects/templates/liquid/fx_liquid.template?/rainkillbox.entitytemplate].pc_entityblueprint",
                "properties":
                {
                    "m_mTransform":
                    {
                        "type": "SMatrix43",
                        "value":
                        {
                            "rotation":
                            {
                                "x": -0.0,
                                "y": 0.0,
                                "z": -0.0
                            },
                            "position":
                            {
                                "x": 2.5641069412,
                                "y": -11.9941596985,
                                "z": 15.3111495972
                            }
                        }
                    },
                    "m_vGlobalSize":
                    {
                        "type": "SVector3",
                        "value":
                        {
                            "x": 53.990600586,
                            "y": 29.836349964199997,
                            "z": 8.550899982499999
                        }
                    }
                },
                "postInitProperties":
                {},
                "editorOnly": false,
                "platformSpecificPropertyValues":
                []
            }
        },
        {
            "op": "add",
            "path": "/entities/abcd6e2ffe230519",
            "value":
            {
                "parent": "abcdb27718c9fd63",
                "name": "RainKillBox For Room",
                "template": "[assembly:/_pro/effects/templates/liquid/fx_liquid.template?/rainkillbox.entitytemplate].pc_entitytype",
                "blueprint": "[assembly:/_pro/effects/templates/liquid/fx_liquid.template?/rainkillbox.entitytemplate].pc_entityblueprint",
                "properties":
                {
                    "m_mTransform":
                    {
                        "type": "SMatrix43",
                        "value":
                        {
                            "rotation":
                            {
                                "x": -0.0,
                                "y": 0.0,
                                "z": -0.0
                            },
                            "position":
                            {
                                "x": -1.2234669924,
                                "y": -2.3078589439,
                                "z": 12.9859695435
                            }
                        }
                    },
                    "m_vGlobalSize":
                    {
                        "type": "SVector3",
                        "value":
                        {
                            "x": 5.844039917,
                            "y": 5.7466437816000004,
                            "z": 2.7767489105
                        }
                    }
                },
                "postInitProperties":
                {},
                "editorOnly": false,
                "platformSpecificPropertyValues":
                []
            }
        },
        {
            "op": "add",
            "path": "/entities/abcda9250bb4bef8",
            "value":
            {
                "parent": "abcdb27718c9fd63",
                "name": "RainKillBox For 400_Room_Prison_Building_B",
                "template": "[assembly:/_pro/effects/templates/liquid/fx_liquid.template?/rainkillbox.entitytemplate].pc_entitytype",
                "blueprint": "[assembly:/_pro/effects/templates/liquid/fx_liquid.template?/rainkillbox.entitytemplate].pc_entityblueprint",
                "properties":
                {
                    "m_mTransform":
                    {
                        "type": "SMatrix43",
                        "value":
                        {
                            "rotation":
                            {
                                "x": -0.0,
                                "y": 0.0,
                                "z": -0.0
                            },
                            "position":
                            {
                                "x": 56.0188789368,
                                "y": 16.1316509247,
                                "z": 8.5392665863
                            }
                        }
                    },
                    "m_vGlobalSize":
                    {
                        "type": "SVector3",
                        "value":
                        {
                            "x": 18.1614599228,
                            "y": 18.6304904222,
                            "z": 12.443950176200001
                        }
                    }
                },
                "postInitProperties":
                {},
                "editorOnly": false,
                "platformSpecificPropertyValues":
                []
            }
        },
        {
            "op": "add",
            "path": "/entities/abcdd4fcf8a204f8",
            "value":
            {
                "parent": "abcdb27718c9fd63",
                "name": "RainKillBox For 600_Room_Gulag_Hut_A",
                "template": "[assembly:/_pro/effects/templates/liquid/fx_liquid.template?/rainkillbox.entitytemplate].pc_entitytype",
                "blueprint": "[assembly:/_pro/effects/templates/liquid/fx_liquid.template?/rainkillbox.entitytemplate].pc_entityblueprint",
                "properties":
                {
                    "m_mTransform":
                    {
                        "type": "SMatrix43",
                        "value":
                        {
                            "rotation":
                            {
                                "x": -0.0,
                                "y": 0.0,
                                "z": -0.0
                            },
                            "position":
                            {
                                "x": 46.5782203674,
                                "y": 75.0421829224,
                                "z": 1.9999860525
                            }
                        }
                    },
                    "m_vGlobalSize":
                    {
                        "type": "SVector3",
                        "value":
                        {
                            "x": 6.6471799612,
                            "y": 5.065269947,
                            "z": 2.7191710919
                        }
                    }
                },
                "postInitProperties":
                {},
                "editorOnly": false,
                "platformSpecificPropertyValues":
                []
            }
        },
        {
            "op": "add",
            "path": "/entities/abcdce029238c8a9",
            "value":
            {
                "parent": "abcdb27718c9fd63",
                "name": "RainKillBox For 500_Room_Factory_Building_A",
                "template": "[assembly:/_pro/effects/templates/liquid/fx_liquid.template?/rainkillbox.entitytemplate].pc_entitytype",
                "blueprint": "[assembly:/_pro/effects/templates/liquid/fx_liquid.template?/rainkillbox.entitytemplate].pc_entityblueprint",
                "properties":
                {
                    "m_mTransform":
                    {
                        "type": "SMatrix43",
                        "value":
                        {
                            "rotation":
                            {
                                "x": -0.0,
                                "y": 0.0,
                                "z": -0.0
                            },
                            "position":
                            {
                                "x": -65.0105895996,
                                "y": 16.1316509247,
                                "z": 8.5392665863
                            }
                        }
                    },
                    "m_vGlobalSize":
                    {
                        "type": "SVector3",
                        "value":
                        {
                            "x": 36.8299999237,
                            "y": 21.659099578899998,
                            "z": 12.443950176200001
                        }
                    }
                },
                "postInitProperties":
                {},
                "editorOnly": false,
                "platformSpecificPropertyValues":
                []
            }
        },
        {
            "op": "add",
            "path": "/entities/abcd3ab9ec0927e4",
            "value":
            {
                "parent": "abcdb27718c9fd63",
                "name": "RainKillBox For 200_Room_Prison_Yard_Building",
                "template": "[assembly:/_pro/effects/templates/liquid/fx_liquid.template?/rainkillbox.entitytemplate].pc_entitytype",
                "blueprint": "[assembly:/_pro/effects/templates/liquid/fx_liquid.template?/rainkillbox.entitytemplate].pc_entityblueprint",
                "properties":
                {
                    "m_mTransform":
                    {
                        "type": "SMatrix43",
                        "value":
                        {
                            "rotation":
                            {
                                "x": -0.0,
                                "y": 0.0,
                                "z": -0.0
                            },
                            "position":
                            {
                                "x": -8.9635543823,
                                "y": 60.1975784302,
                                "z": 8.5392665863
                            }
                        }
                    },
                    "m_vGlobalSize":
                    {
                        "type": "SVector3",
                        "value":
                        {
                            "x": 9.9011998177,
                            "y": 9.9642899037,
                            "z": 15.7123498917
                        }
                    }
                },
                "postInitProperties":
                {},
                "editorOnly": false,
                "platformSpecificPropertyValues":
                []
            }
        }
    ],
    "patchVersion": 4
}