{"tempHash": "00E01DF9C7926AB6", "tbluHash": "002FDDA08897E498", "patch": [{"op": "add", "path": "/entities/9352b0ecfc0175e0", "value": {"parent": "38da44d804d52b0f", "name": "RainKillBox For Passenger_ext_Armored_Office", "template": "[assembly:/_pro/effects/templates/liquid/fx_liquid.template?/rainkillbox.entitytemplate].pc_entitytype", "blueprint": "[assembly:/_pro/effects/templates/liquid/fx_liquid.template?/rainkillbox.entitytemplate].pc_entityblueprint", "properties": {"m_mTransform": {"type": "SMatrix43", "value": {"rotation": {"x": -0.0, "y": 0.0, "z": -0.0}, "position": {"x": 0.0, "y": 6.0, "z": 0.0}}}, "m_vGlobalSize": {"type": "SVector3", "value": {"x": 4.7999999523, "y": 13.0302541852, "z": 3.680499889}}, "m_eidParent": {"type": "SEntityTemplateReference", "value": "fffffffffffffffe"}}, "postInitProperties": {}, "editorOnly": false, "platformSpecificPropertyValues": []}}, {"op": "add", "path": "/entities/94957a43dea705ee", "value": {"parent": "38da44d804d52b0f", "name": "RainKillBox For Passenger_TestModule_A_Room_B", "template": "[assembly:/_pro/effects/templates/liquid/fx_liquid.template?/rainkillbox.entitytemplate].pc_entitytype", "blueprint": "[assembly:/_pro/effects/templates/liquid/fx_liquid.template?/rainkillbox.entitytemplate].pc_entityblueprint", "properties": {"m_mTransform": {"type": "SMatrix43", "value": {"rotation": {"x": -0.0, "y": 0.0, "z": -0.0}, "position": {"x": -0.9999809861, "y": 2.4999899864, "z": 0.0}}}, "m_vGlobalSize": {"type": "SVector3", "value": {"x": 2.5999999046, "y": 4.0, "z": 2.7500000969}}, "m_eidParent": {"type": "SEntityTemplateReference", "value": "fffffffffffffffe"}}, "postInitProperties": {}, "editorOnly": false, "platformSpecificPropertyValues": []}}, {"op": "add", "path": "/entities/3579c2a9f16b49fb", "value": {"parent": "38da44d804d52b0f", "name": "RainKillBox For Room Include for Master_Outside_Room (12406)/Moving train (14268)/Passenger_Office_A (2945)/Passenger_TestModule_A (47086)", "template": "[assembly:/_pro/effects/templates/liquid/fx_liquid.template?/rainkillbox.entitytemplate].pc_entitytype", "blueprint": "[assembly:/_pro/effects/templates/liquid/fx_liquid.template?/rainkillbox.entitytemplate].pc_entityblueprint", "properties": {"m_mTransform": {"type": "SMatrix43", "value": {"rotation": {"x": -0.0, "y": 0.0, "z": -0.0}, "position": {"x": 1.3, "y": 627.025, "z": 2.4}}}, "m_vGlobalSize": {"type": "SVector3", "value": {"x": 2.0, "y": 16.1499996185, "z": 2.9000000954}}, "m_eidParent": {"type": "SEntityTemplateReference", "value": "fffffffffffffffe"}}, "postInitProperties": {}, "editorOnly": false, "platformSpecificPropertyValues": []}}, {"op": "add", "path": "/entities/e89232ecfe35c0d3", "value": {"parent": "38da44d804d52b0f", "name": "RainKillBox For *DONTUSE* Cargo_Int_Lab_C", "template": "[assembly:/_pro/effects/templates/liquid/fx_liquid.template?/rainkillbox.entitytemplate].pc_entitytype", "blueprint": "[assembly:/_pro/effects/templates/liquid/fx_liquid.template?/rainkillbox.entitytemplate].pc_entityblueprint", "properties": {"m_mTransform": {"type": "SMatrix43", "value": {"rotation": {"x": -0.0, "y": 0.0, "z": -0.0}, "position": {"x": 0.0, "y": 0.0, "z": 0.0}}}, "m_vGlobalSize": {"type": "SVector3", "value": {"x": 4.0, "y": 20.0, "z": 3.1000000015}}, "m_eidParent": {"type": "SEntityTemplateReference", "value": "fffffffffffffffe"}}, "postInitProperties": {}, "editorOnly": false, "platformSpecificPropertyValues": []}}, {"op": "add", "path": "/entities/d40a7e6f420c301e", "value": {"parent": "38da44d804d52b0f", "name": "RainKillBox For Passenger_Unlockable_Unlockable", "template": "[assembly:/_pro/effects/templates/liquid/fx_liquid.template?/rainkillbox.entitytemplate].pc_entitytype", "blueprint": "[assembly:/_pro/effects/templates/liquid/fx_liquid.template?/rainkillbox.entitytemplate].pc_entityblueprint", "properties": {"m_mTransform": {"type": "SMatrix43", "value": {"rotation": {"x": -0.0, "y": 0.0, "z": -0.0}, "position": {"x": -1.0, "y": 3.0, "z": 0.0}}}, "m_vGlobalSize": {"type": "SVector3", "value": {"x": 2.3999999761, "y": 5.0549600124000005, "z": 2.7500000969}}, "m_eidParent": {"type": "SEntityTemplateReference", "value": "fffffffffffffffe"}}, "postInitProperties": {}, "editorOnly": false, "platformSpecificPropertyValues": []}}, {"op": "add", "path": "/entities/d784c255d97edb8e", "value": {"parent": "38da44d804d52b0f", "name": "RainKillBox For 07 Blood dream", "template": "[assembly:/_pro/effects/templates/liquid/fx_liquid.template?/rainkillbox.entitytemplate].pc_entitytype", "blueprint": "[assembly:/_pro/effects/templates/liquid/fx_liquid.template?/rainkillbox.entitytemplate].pc_entityblueprint", "properties": {"m_mTransform": {"type": "SMatrix43", "value": {"rotation": {"x": -0.0, "y": 0.0, "z": -0.0}, "position": {"x": -500.0, "y": 650.0, "z": 500.0}}}, "m_vGlobalSize": {"type": "SVector3", "value": {"x": 200.0, "y": 200.0, "z": 200.0}}, "m_eidParent": {"type": "SEntityTemplateReference", "value": "fffffffffffffffe"}}, "postInitProperties": {}, "editorOnly": false, "platformSpecificPropertyValues": []}}, {"op": "add", "path": "/entities/e81c2d23504fd367", "value": {"parent": "38da44d804d52b0f", "name": "RainKillBox For Passenger_Coupes_B_Corridor", "template": "[assembly:/_pro/effects/templates/liquid/fx_liquid.template?/rainkillbox.entitytemplate].pc_entitytype", "blueprint": "[assembly:/_pro/effects/templates/liquid/fx_liquid.template?/rainkillbox.entitytemplate].pc_entityblueprint", "properties": {"m_mTransform": {"type": "SMatrix43", "value": {"rotation": {"x": -0.0, "y": 0.0, "z": 180.0}, "position": {"x": 0.0, "y": 0.0, "z": 0.0}}}, "m_vGlobalSize": {"type": "SVector3", "value": {"x": 1.9999999404, "y": 23.0, "z": 2.7500000969}}, "m_eidParent": {"type": "SEntityTemplateReference", "value": "fffffffffffffffe"}}, "postInitProperties": {}, "editorOnly": false, "platformSpecificPropertyValues": []}}, {"op": "add", "path": "/entities/10321d4725cdd8f0", "value": {"parent": "38da44d804d52b0f", "name": "RainKillBox For Room Include for Master_Outside_Room (12406)/Moving train (14268)/Passenger_TestModule_A (13253)/Passenger_TestModule_A (60709)", "template": "[assembly:/_pro/effects/templates/liquid/fx_liquid.template?/rainkillbox.entitytemplate].pc_entitytype", "blueprint": "[assembly:/_pro/effects/templates/liquid/fx_liquid.template?/rainkillbox.entitytemplate].pc_entityblueprint", "properties": {"m_mTransform": {"type": "SMatrix43", "value": {"rotation": {"x": -0.0, "y": 0.0, "z": -0.0}, "position": {"x": 0.0, "y": 233.5, "z": 2.4}}}, "m_vGlobalSize": {"type": "SVector3", "value": {"x": 4.5549998283, "y": 4.0, "z": 2.9000000954}}, "m_eidParent": {"type": "SEntityTemplateReference", "value": "fffffffffffffffe"}}, "postInitProperties": {}, "editorOnly": false, "platformSpecificPropertyValues": []}}, {"op": "add", "path": "/entities/c0fd0a838aad3b00", "value": {"parent": "38da44d804d52b0f", "name": "HitmanRainWetLogic", "template": "00FDB8565FFAA61A", "blueprint": "00609605E8B31DA5", "properties": {}, "postInitProperties": {"DryVolumes": {"type": "TArray<SEntityTemplateReference>", "value": [{"ref": "3260f8af304d24d1", "externalScene": null, "exposedEntity": "NotInRain"}, {"ref": "293e889902ff7f71", "externalScene": null, "exposedEntity": "NotInRain"}, {"ref": "95487dd7b3325163", "externalScene": null, "exposedEntity": "NotInRain"}, {"ref": "23728278433e2501", "externalScene": null, "exposedEntity": "NotInRain"}, {"ref": "c2a60ff29e6a467f", "externalScene": null, "exposedEntity": "NotInRain"}, {"ref": "3327ee9fff9aa630", "externalScene": null, "exposedEntity": "NotInRain"}, {"ref": "9352b0ecfc0175e0", "externalScene": null, "exposedEntity": "NotInRain"}, {"ref": "4277c9a597d8e38f", "externalScene": null, "exposedEntity": "NotInRain"}, {"ref": "e4b2597dca6f1c8e", "externalScene": null, "exposedEntity": "NotInRain"}, {"ref": "040b86afcef57935", "externalScene": null, "exposedEntity": "NotInRain"}, {"ref": "392ae69251041a67", "externalScene": null, "exposedEntity": "NotInRain"}, {"ref": "59cef4bf0f5241fe", "externalScene": null, "exposedEntity": "NotInRain"}, {"ref": "d36743d71285de1d", "externalScene": null, "exposedEntity": "NotInRain"}, {"ref": "2772dea4d8e3a727", "externalScene": null, "exposedEntity": "NotInRain"}, {"ref": "93345b8abf0e83c0", "externalScene": null, "exposedEntity": "NotInRain"}, {"ref": "3579c2a9f16b49fb", "externalScene": null, "exposedEntity": "NotInRain"}, {"ref": "a41a3c9a972d5ace", "externalScene": null, "exposedEntity": "NotInRain"}, {"ref": "bca2faa47479fee8", "externalScene": null, "exposedEntity": "NotInRain"}, {"ref": "3ac515dec3d9ab05", "externalScene": null, "exposedEntity": "NotInRain"}, {"ref": "7e8e16d1d8bdadc0", "externalScene": null, "exposedEntity": "NotInRain"}, {"ref": "7d2f15fc8a5897c6", "externalScene": null, "exposedEntity": "NotInRain"}, {"ref": "e52476fe25fc8615", "externalScene": null, "exposedEntity": "NotInRain"}, {"ref": "d62cf638c1f69669", "externalScene": null, "exposedEntity": "NotInRain"}, {"ref": "5cade538b84815f1", "externalScene": null, "exposedEntity": "NotInRain"}, {"ref": "7385f34332495e57", "externalScene": null, "exposedEntity": "NotInRain"}, {"ref": "2e1ad2375d1820b7", "externalScene": null, "exposedEntity": "NotInRain"}, {"ref": "b371beca346aa35c", "externalScene": null, "exposedEntity": "NotInRain"}, {"ref": "01ae5c0bba5dee34", "externalScene": null, "exposedEntity": "NotInRain"}, {"ref": "029119bc07b4908c", "externalScene": null, "exposedEntity": "NotInRain"}, {"ref": "e81c2d23504fd367", "externalScene": null, "exposedEntity": "NotInRain"}, {"ref": "d0ce52c26e8df4cc", "externalScene": null, "exposedEntity": "NotInRain"}, {"ref": "68e8a1d6b2917430", "externalScene": null, "exposedEntity": "NotInRain"}, {"ref": "4a3d546257fe5e96", "externalScene": null, "exposedEntity": "NotInRain"}, {"ref": "e89232ecfe35c0d3", "externalScene": null, "exposedEntity": "NotInRain"}, {"ref": "e08728b0ec01e965", "externalScene": null, "exposedEntity": "NotInRain"}, {"ref": "1a6f3a5cfd547666", "externalScene": null, "exposedEntity": "NotInRain"}, {"ref": "d17e00d79424bb9d", "externalScene": null, "exposedEntity": "NotInRain"}, {"ref": "115daee87d39f368", "externalScene": null, "exposedEntity": "NotInRain"}, {"ref": "0f492cff64cd8914", "externalScene": null, "exposedEntity": "NotInRain"}, {"ref": "20061eeddab2cad4", "externalScene": null, "exposedEntity": "NotInRain"}, {"ref": "8012d224a593a7f1", "externalScene": null, "exposedEntity": "NotInRain"}, {"ref": "c848eacbd0aa2541", "externalScene": null, "exposedEntity": "NotInRain"}, {"ref": "10321d4725cdd8f0", "externalScene": null, "exposedEntity": "NotInRain"}, {"ref": "b2c0555bbe7c9026", "externalScene": null, "exposedEntity": "NotInRain"}, {"ref": "94957a43dea705ee", "externalScene": null, "exposedEntity": "NotInRain"}, {"ref": "5549a5c817287d9d", "externalScene": null, "exposedEntity": "NotInRain"}, {"ref": "f7b2d7e6b11b1216", "externalScene": null, "exposedEntity": "NotInRain"}, {"ref": "5f9b5ef30f042409", "externalScene": null, "exposedEntity": "NotInRain"}, {"ref": "aab8a819e4723f15", "externalScene": null, "exposedEntity": "NotInRain"}, {"ref": "f04e6fd968f5e01f", "externalScene": null, "exposedEntity": "NotInRain"}, {"ref": "85338525464f7b63", "externalScene": null, "exposedEntity": "NotInRain"}, {"ref": "3653567d5fc97210", "externalScene": null, "exposedEntity": "NotInRain"}, {"ref": "3c5cee0c4df05f03", "externalScene": null, "exposedEntity": "NotInRain"}, {"ref": "d0c34cd1785d87ab", "externalScene": null, "exposedEntity": "NotInRain"}, {"ref": "d40a7e6f420c301e", "externalScene": null, "exposedEntity": "NotInRain"}, {"ref": "d784c255d97edb8e", "externalScene": null, "exposedEntity": "NotInRain"}]}}, "editorOnly": false, "platformSpecificPropertyValues": []}}, {"op": "add", "path": "/entities/b2c0555bbe7c9026", "value": {"parent": "38da44d804d52b0f", "name": "RainKillBox For Room Include for Master_Outside_Room (12406)/Moving train (14268)/Passenger_TestModule_A (13253)/Passenger_TestModule_A (60709)", "template": "[assembly:/_pro/effects/templates/liquid/fx_liquid.template?/rainkillbox.entitytemplate].pc_entitytype", "blueprint": "[assembly:/_pro/effects/templates/liquid/fx_liquid.template?/rainkillbox.entitytemplate].pc_entityblueprint", "properties": {"m_mTransform": {"type": "SMatrix43", "value": {"rotation": {"x": -0.0, "y": 0.0, "z": -0.0}, "position": {"x": 1.3, "y": 243.525, "z": 2.4}}}, "m_vGlobalSize": {"type": "SVector3", "value": {"x": 2.0, "y": 16.1499996185, "z": 2.9000000954}}, "m_eidParent": {"type": "SEntityTemplateReference", "value": "fffffffffffffffe"}}, "postInitProperties": {}, "editorOnly": false, "platformSpecificPropertyValues": []}}, {"op": "add", "path": "/entities/c848eacbd0aa2541", "value": {"parent": "38da44d804d52b0f", "name": "RainKillBox For Passenger_TestModule_A", "template": "[assembly:/_pro/effects/templates/liquid/fx_liquid.template?/rainkillbox.entitytemplate].pc_entitytype", "blueprint": "[assembly:/_pro/effects/templates/liquid/fx_liquid.template?/rainkillbox.entitytemplate].pc_entityblueprint", "properties": {"m_mTransform": {"type": "SMatrix43", "value": {"rotation": {"x": -0.0, "y": 0.0, "z": -0.0}, "position": {"x": 0.0, "y": 0.0, "z": 0.0}}}, "m_vGlobalSize": {"type": "SVector3", "value": {"x": 4.5999999046, "y": 2.9667100905999995, "z": 2.7500000969}}, "m_eidParent": {"type": "SEntityTemplateReference", "value": "fffffffffffffffe"}}, "postInitProperties": {}, "editorOnly": false, "platformSpecificPropertyValues": []}}, {"op": "add", "path": "/entities/8012d224a593a7f1", "value": {"parent": "38da44d804d52b0f", "name": "RainKillBox For Passenger_TestModule_A_Room_D", "template": "[assembly:/_pro/effects/templates/liquid/fx_liquid.template?/rainkillbox.entitytemplate].pc_entitytype", "blueprint": "[assembly:/_pro/effects/templates/liquid/fx_liquid.template?/rainkillbox.entitytemplate].pc_entityblueprint", "properties": {"m_mTransform": {"type": "SMatrix43", "value": {"rotation": {"x": -0.0, "y": 0.0, "z": -0.0}, "position": {"x": -1.000007987, "y": -5.4999780655, "z": 0.0}}}, "m_vGlobalSize": {"type": "SVector3", "value": {"x": 2.5999999046, "y": 4.0, "z": 2.7500000969}}, "m_eidParent": {"type": "SEntityTemplateReference", "value": "fffffffffffffffe"}}, "postInitProperties": {}, "editorOnly": false, "platformSpecificPropertyValues": []}}, {"op": "add", "path": "/entities/115daee87d39f368", "value": {"parent": "38da44d804d52b0f", "name": "RainKillBox For Passenger_Seatings_A_Room_B", "template": "[assembly:/_pro/effects/templates/liquid/fx_liquid.template?/rainkillbox.entitytemplate].pc_entitytype", "blueprint": "[assembly:/_pro/effects/templates/liquid/fx_liquid.template?/rainkillbox.entitytemplate].pc_entityblueprint", "properties": {"m_mTransform": {"type": "SMatrix43", "value": {"rotation": {"x": -0.0, "y": 0.0, "z": -0.0}, "position": {"x": 0.0, "y": -9.9999990463, "z": 0.0}}}, "m_vGlobalSize": {"type": "SVector3", "value": {"x": 4.5999999046, "y": 2.5, "z": 2.7500000969}}, "m_eidParent": {"type": "SEntityTemplateReference", "value": "fffffffffffffffe"}}, "postInitProperties": {}, "editorOnly": false, "platformSpecificPropertyValues": []}}, {"op": "add", "path": "/entities/5549a5c817287d9d", "value": {"parent": "38da44d804d52b0f", "name": "RainKillBox For Passenger_ext_OpenMiddle_D_Room_B", "template": "[assembly:/_pro/effects/templates/liquid/fx_liquid.template?/rainkillbox.entitytemplate].pc_entitytype", "blueprint": "[assembly:/_pro/effects/templates/liquid/fx_liquid.template?/rainkillbox.entitytemplate].pc_entityblueprint", "properties": {"m_mTransform": {"type": "SMatrix43", "value": {"rotation": {"x": -0.0, "y": 0.0, "z": -0.0}, "position": {"x": 0.0, "y": -10.0, "z": 0.0}}}, "m_vGlobalSize": {"type": "SVector3", "value": {"x": 4.5999999046, "y": 3.0, "z": 2.7500000969}}, "m_eidParent": {"type": "SEntityTemplateReference", "value": "fffffffffffffffe"}}, "postInitProperties": {}, "editorOnly": false, "platformSpecificPropertyValues": []}}, {"op": "add", "path": "/entities/3ac515dec3d9ab05", "value": {"parent": "38da44d804d52b0f", "name": "RainKillBox For *DONTUSE* Cargo_Int_Blank_B", "template": "[assembly:/_pro/effects/templates/liquid/fx_liquid.template?/rainkillbox.entitytemplate].pc_entitytype", "blueprint": "[assembly:/_pro/effects/templates/liquid/fx_liquid.template?/rainkillbox.entitytemplate].pc_entityblueprint", "properties": {"m_mTransform": {"type": "SMatrix43", "value": {"rotation": {"x": -0.0, "y": 0.0, "z": -0.0}, "position": {"x": 0.0, "y": 0.0, "z": 0.0}}}, "m_vGlobalSize": {"type": "SVector3", "value": {"x": 4.0, "y": 20.0, "z": 3.3200000301}}, "m_eidParent": {"type": "SEntityTemplateReference", "value": "fffffffffffffffe"}}, "postInitProperties": {}, "editorOnly": false, "platformSpecificPropertyValues": []}}, {"op": "add", "path": "/entities/23728278433e2501", "value": {"parent": "38da44d804d52b0f", "name": "RainKillBox For Passenger_ext_Armored_Office", "template": "[assembly:/_pro/effects/templates/liquid/fx_liquid.template?/rainkillbox.entitytemplate].pc_entitytype", "blueprint": "[assembly:/_pro/effects/templates/liquid/fx_liquid.template?/rainkillbox.entitytemplate].pc_entityblueprint", "properties": {"m_mTransform": {"type": "SMatrix43", "value": {"rotation": {"x": -0.0, "y": 0.0, "z": -0.0}, "position": {"x": 0.0, "y": 6.0, "z": 0.0}}}, "m_vGlobalSize": {"type": "SVector3", "value": {"x": 4.7999999523, "y": 12.021632716100001, "z": 3.680499889}}, "m_eidParent": {"type": "SEntityTemplateReference", "value": "fffffffffffffffe"}}, "postInitProperties": {}, "editorOnly": false, "platformSpecificPropertyValues": []}}, {"op": "add", "path": "/entities/7d2f15fc8a5897c6", "value": {"parent": "38da44d804d52b0f", "name": "RainKillBox For Passenger_ext_Bar_A", "template": "[assembly:/_pro/effects/templates/liquid/fx_liquid.template?/rainkillbox.entitytemplate].pc_entitytype", "blueprint": "[assembly:/_pro/effects/templates/liquid/fx_liquid.template?/rainkillbox.entitytemplate].pc_entityblueprint", "properties": {"m_mTransform": {"type": "SMatrix43", "value": {"rotation": {"x": -0.0, "y": 0.0, "z": -0.0}, "position": {"x": 0.0, "y": 6.0, "z": 0.0}}}, "m_vGlobalSize": {"type": "SVector3", "value": {"x": 4.5999999046, "y": 17.0, "z": 2.7500000969}}, "m_eidParent": {"type": "SEntityTemplateReference", "value": "fffffffffffffffe"}}, "postInitProperties": {}, "editorOnly": false, "platformSpecificPropertyValues": []}}, {"op": "add", "path": "/entities/b371beca346aa35c", "value": {"parent": "38da44d804d52b0f", "name": "RainKillBox For Passenger_Coupes_B_Room_A", "template": "[assembly:/_pro/effects/templates/liquid/fx_liquid.template?/rainkillbox.entitytemplate].pc_entitytype", "blueprint": "[assembly:/_pro/effects/templates/liquid/fx_liquid.template?/rainkillbox.entitytemplate].pc_entityblueprint", "properties": {"m_mTransform": {"type": "SMatrix43", "value": {"rotation": {"x": -0.0, "y": 0.0, "z": 180.0}, "position": {"x": 1.0, "y": -5.0, "z": 0.0}}}, "m_vGlobalSize": {"type": "SVector3", "value": {"x": 2.5999999046, "y": 4.0207500458, "z": 2.7500000969}}, "m_eidParent": {"type": "SEntityTemplateReference", "value": "fffffffffffffffe"}}, "postInitProperties": {}, "editorOnly": false, "platformSpecificPropertyValues": []}}, {"op": "add", "path": "/entities/01ae5c0bba5dee34", "value": {"parent": "38da44d804d52b0f", "name": "RainKillBox For Passenger_Coupes_B_Room_C", "template": "[assembly:/_pro/effects/templates/liquid/fx_liquid.template?/rainkillbox.entitytemplate].pc_entitytype", "blueprint": "[assembly:/_pro/effects/templates/liquid/fx_liquid.template?/rainkillbox.entitytemplate].pc_entityblueprint", "properties": {"m_mTransform": {"type": "SMatrix43", "value": {"rotation": {"x": -0.0, "y": 0.0, "z": 180.0}, "position": {"x": 1.0, "y": 2.5, "z": 0.0}}}, "m_vGlobalSize": {"type": "SVector3", "value": {"x": 2.5999999046, "y": 4.0, "z": 2.7500000969}}, "m_eidParent": {"type": "SEntityTemplateReference", "value": "fffffffffffffffe"}}, "postInitProperties": {}, "editorOnly": false, "platformSpecificPropertyValues": []}}, {"op": "add", "path": "/entities/2e1ad2375d1820b7", "value": {"parent": "38da44d804d52b0f", "name": "RainKillBox For *DONTUSE* Cargo_Int_Lab_B_Freezer", "template": "[assembly:/_pro/effects/templates/liquid/fx_liquid.template?/rainkillbox.entitytemplate].pc_entitytype", "blueprint": "[assembly:/_pro/effects/templates/liquid/fx_liquid.template?/rainkillbox.entitytemplate].pc_entityblueprint", "properties": {"m_mTransform": {"type": "SMatrix43", "value": {"rotation": {"x": -0.0, "y": 0.0, "z": -0.0}, "position": {"x": 0.0, "y": 0.0, "z": 0.0}}}, "m_vGlobalSize": {"type": "SVector3", "value": {"x": 4.0, "y": 6.5, "z": 3.1000000015}}, "m_eidParent": {"type": "SEntityTemplateReference", "value": "fffffffffffffffe"}}, "postInitProperties": {}, "editorOnly": false, "platformSpecificPropertyValues": []}}, {"op": "add", "path": "/entities/4277c9a597d8e38f", "value": {"parent": "38da44d804d52b0f", "name": "RainKillBox For Passenger_ext_Armored_Office_Room_B", "template": "[assembly:/_pro/effects/templates/liquid/fx_liquid.template?/rainkillbox.entitytemplate].pc_entitytype", "blueprint": "[assembly:/_pro/effects/templates/liquid/fx_liquid.template?/rainkillbox.entitytemplate].pc_entityblueprint", "properties": {"m_mTransform": {"type": "SMatrix43", "value": {"rotation": {"x": -0.0, "y": 0.0, "z": -0.0}, "position": {"x": 0.0, "y": -10.0, "z": 0.0}}}, "m_vGlobalSize": {"type": "SVector3", "value": {"x": 4.5999999046, "y": 5.0155599117000005, "z": 3.2119101063000004}}, "m_eidParent": {"type": "SEntityTemplateReference", "value": "fffffffffffffffe"}}, "postInitProperties": {}, "editorOnly": false, "platformSpecificPropertyValues": []}}, {"op": "add", "path": "/entities/029119bc07b4908c", "value": {"parent": "38da44d804d52b0f", "name": "RainKillBox For Passenger_Coupes_B_Room_D", "template": "[assembly:/_pro/effects/templates/liquid/fx_liquid.template?/rainkillbox.entitytemplate].pc_entitytype", "blueprint": "[assembly:/_pro/effects/templates/liquid/fx_liquid.template?/rainkillbox.entitytemplate].pc_entityblueprint", "properties": {"m_mTransform": {"type": "SMatrix43", "value": {"rotation": {"x": -0.0, "y": 0.0, "z": 180.0}, "position": {"x": 1.0, "y": 6.5, "z": 0.0}}}, "m_vGlobalSize": {"type": "SVector3", "value": {"x": 2.5999999046, "y": 4.0, "z": 2.7500000969}}, "m_eidParent": {"type": "SEntityTemplateReference", "value": "fffffffffffffffe"}}, "postInitProperties": {}, "editorOnly": false, "platformSpecificPropertyValues": []}}, {"op": "add", "path": "/entities/e52476fe25fc8615", "value": {"parent": "38da44d804d52b0f", "name": "RainKillBox For Passenger_ext_Bar_A_Room_B", "template": "[assembly:/_pro/effects/templates/liquid/fx_liquid.template?/rainkillbox.entitytemplate].pc_entitytype", "blueprint": "[assembly:/_pro/effects/templates/liquid/fx_liquid.template?/rainkillbox.entitytemplate].pc_entityblueprint", "properties": {"m_mTransform": {"type": "SMatrix43", "value": {"rotation": {"x": -0.0, "y": 0.0, "z": -0.0}, "position": {"x": 0.0, "y": -9.9999990463, "z": 0.0}}}, "m_vGlobalSize": {"type": "SVector3", "value": {"x": 4.5999999046, "y": 3.0, "z": 2.7500000969}}, "m_eidParent": {"type": "SEntityTemplateReference", "value": "fffffffffffffffe"}}, "postInitProperties": {}, "editorOnly": false, "platformSpecificPropertyValues": []}}, {"op": "add", "path": "/entities/a41a3c9a972d5ace", "value": {"parent": "38da44d804d52b0f", "name": "RainKillBox For Passenger_TestModule_A_Room_A", "template": "[assembly:/_pro/effects/templates/liquid/fx_liquid.template?/rainkillbox.entitytemplate].pc_entitytype", "blueprint": "[assembly:/_pro/effects/templates/liquid/fx_liquid.template?/rainkillbox.entitytemplate].pc_entityblueprint", "properties": {"m_mTransform": {"type": "SMatrix43", "value": {"rotation": {"x": -0.0, "y": 0.0, "z": -0.0}, "position": {"x": -0.9999309778, "y": 5.9999790192, "z": 0.0}}}, "m_vGlobalSize": {"type": "SVector3", "value": {"x": 2.5999999046, "y": 4.0207500458, "z": 2.7500000969}}, "m_eidParent": {"type": "SEntityTemplateReference", "value": "fffffffffffffffe"}}, "postInitProperties": {}, "editorOnly": false, "platformSpecificPropertyValues": []}}, {"op": "add", "path": "/entities/293e889902ff7f71", "value": {"parent": "38da44d804d52b0f", "name": "RainKillBox For Asylum", "template": "[assembly:/_pro/effects/templates/liquid/fx_liquid.template?/rainkillbox.entitytemplate].pc_entitytype", "blueprint": "[assembly:/_pro/effects/templates/liquid/fx_liquid.template?/rainkillbox.entitytemplate].pc_entityblueprint", "properties": {"m_mTransform": {"type": "SMatrix43", "value": {"rotation": {"x": -0.0, "y": 0.0, "z": -0.0}, "position": {"x": -500.0, "y": -100.0, "z": 500.0}}}, "m_vGlobalSize": {"type": "SVector3", "value": {"x": 6.1389398574, "y": 9.4049901962, "z": 6.163758780799999}}, "m_eidParent": {"type": "SEntityTemplateReference", "value": "fffffffffffffffe"}}, "postInitProperties": {}, "editorOnly": false, "platformSpecificPropertyValues": []}}, {"op": "add", "path": "/entities/d17e00d79424bb9d", "value": {"parent": "38da44d804d52b0f", "name": "RainKillBox For Passenger_Seatings_A_Room_A", "template": "[assembly:/_pro/effects/templates/liquid/fx_liquid.template?/rainkillbox.entitytemplate].pc_entitytype", "blueprint": "[assembly:/_pro/effects/templates/liquid/fx_liquid.template?/rainkillbox.entitytemplate].pc_entityblueprint", "properties": {"m_mTransform": {"type": "SMatrix43", "value": {"rotation": {"x": -0.0, "y": 0.0, "z": -0.0}, "position": {"x": 0.0, "y": 10.0, "z": 0.0}}}, "m_vGlobalSize": {"type": "SVector3", "value": {"x": 4.5999999046, "y": 5.0, "z": 2.7500000969}}, "m_eidParent": {"type": "SEntityTemplateReference", "value": "fffffffffffffffe"}}, "postInitProperties": {}, "editorOnly": false, "platformSpecificPropertyValues": []}}, {"op": "add", "path": "/entities/3260f8af304d24d1", "value": {"parent": "38da44d804d52b0f", "name": "RainKillBox For *DONTUSE* Wolverine_Dream", "template": "[assembly:/_pro/effects/templates/liquid/fx_liquid.template?/rainkillbox.entitytemplate].pc_entitytype", "blueprint": "[assembly:/_pro/effects/templates/liquid/fx_liquid.template?/rainkillbox.entitytemplate].pc_entityblueprint", "properties": {"m_mTransform": {"type": "SMatrix43", "value": {"rotation": {"x": -0.0, "y": 0.0, "z": -0.0}, "position": {"x": 0.0, "y": 0.0, "z": 0.0}}}, "m_vGlobalSize": {"type": "SVector3", "value": {"x": 100.0, "y": 100.0, "z": 100.0}}, "m_eidParent": {"type": "SEntityTemplateReference", "value": "fffffffffffffffe"}}, "postInitProperties": {}, "editorOnly": false, "platformSpecificPropertyValues": []}}, {"op": "add", "path": "/entities/f04e6fd968f5e01f", "value": {"parent": "38da44d804d52b0f", "name": "RainKillBox For Army_Container", "template": "[assembly:/_pro/effects/templates/liquid/fx_liquid.template?/rainkillbox.entitytemplate].pc_entitytype", "blueprint": "[assembly:/_pro/effects/templates/liquid/fx_liquid.template?/rainkillbox.entitytemplate].pc_entityblueprint", "properties": {"m_mTransform": {"type": "SMatrix43", "value": {"rotation": {"x": -0.0, "y": 0.0, "z": -0.0}, "position": {"x": 0.0, "y": 445.0, "z": 1.0}}}, "m_vGlobalSize": {"type": "SVector3", "value": {"x": 2.9200000762, "y": 7.0336899757, "z": 3.0505800247}}, "m_eidParent": {"type": "SEntityTemplateReference", "value": "fffffffffffffffe"}}, "postInitProperties": {}, "editorOnly": false, "platformSpecificPropertyValues": []}}, {"op": "add", "path": "/entities/93345b8abf0e83c0", "value": {"parent": "38da44d804d52b0f", "name": "RainKillBox For Room Include for Master_Outside_Room (12406)/Moving train (14268)/Passenger_Office_A (2945)/Passenger_TestModule_A (47086)", "template": "[assembly:/_pro/effects/templates/liquid/fx_liquid.template?/rainkillbox.entitytemplate].pc_entitytype", "blueprint": "[assembly:/_pro/effects/templates/liquid/fx_liquid.template?/rainkillbox.entitytemplate].pc_entityblueprint", "properties": {"m_mTransform": {"type": "SMatrix43", "value": {"rotation": {"x": -0.0, "y": 0.0, "z": -0.0}, "position": {"x": 0.0, "y": 617.0, "z": 2.4}}}, "m_vGlobalSize": {"type": "SVector3", "value": {"x": 4.5549998283, "y": 4.0, "z": 2.9000000954}}, "m_eidParent": {"type": "SEntityTemplateReference", "value": "fffffffffffffffe"}}, "postInitProperties": {}, "editorOnly": false, "platformSpecificPropertyValues": []}}, {"op": "add", "path": "/entities/5f9b5ef30f042409", "value": {"parent": "38da44d804d52b0f", "name": "RainKillBox For Passenger_ext_OpenMiddle_D_Room_C", "template": "[assembly:/_pro/effects/templates/liquid/fx_liquid.template?/rainkillbox.entitytemplate].pc_entitytype", "blueprint": "[assembly:/_pro/effects/templates/liquid/fx_liquid.template?/rainkillbox.entitytemplate].pc_entityblueprint", "properties": {"m_mTransform": {"type": "SMatrix43", "value": {"rotation": {"x": -0.0, "y": 0.0, "z": -0.0}, "position": {"x": -1.0, "y": -6.5, "z": 0.0}}}, "m_vGlobalSize": {"type": "SVector3", "value": {"x": 2.5999999046, "y": 3.8999999762, "z": 2.7500000969}}, "m_eidParent": {"type": "SEntityTemplateReference", "value": "fffffffffffffffe"}}, "postInitProperties": {}, "editorOnly": false, "platformSpecificPropertyValues": []}}, {"op": "add", "path": "/entities/7385f34332495e57", "value": {"parent": "38da44d804d52b0f", "name": "RainKillBox For Passenger_ext_OpenMiddle_B", "template": "[assembly:/_pro/effects/templates/liquid/fx_liquid.template?/rainkillbox.entitytemplate].pc_entitytype", "blueprint": "[assembly:/_pro/effects/templates/liquid/fx_liquid.template?/rainkillbox.entitytemplate].pc_entityblueprint", "properties": {"m_mTransform": {"type": "SMatrix43", "value": {"rotation": {"x": -0.0, "y": 0.0, "z": -0.0}, "position": {"x": 0.0, "y": 0.0, "z": 0.0}}}, "m_vGlobalSize": {"type": "SVector3", "value": {"x": 4.5999999046, "y": 23.0, "z": 2.7500000969}}, "m_eidParent": {"type": "SEntityTemplateReference", "value": "fffffffffffffffe"}}, "postInitProperties": {}, "editorOnly": false, "platformSpecificPropertyValues": []}}, {"op": "add", "path": "/entities/5cade538b84815f1", "value": {"parent": "38da44d804d52b0f", "name": "RainKillBox For Passenger_ext_OpenMiddle_B", "template": "[assembly:/_pro/effects/templates/liquid/fx_liquid.template?/rainkillbox.entitytemplate].pc_entitytype", "blueprint": "[assembly:/_pro/effects/templates/liquid/fx_liquid.template?/rainkillbox.entitytemplate].pc_entityblueprint", "properties": {"m_mTransform": {"type": "SMatrix43", "value": {"rotation": {"x": -0.0, "y": 0.0, "z": -0.0}, "position": {"x": 0.0, "y": 0.0, "z": 0.0}}}, "m_vGlobalSize": {"type": "SVector3", "value": {"x": 4.5999999046, "y": 23.0, "z": 2.7500000969}}, "m_eidParent": {"type": "SEntityTemplateReference", "value": "fffffffffffffffe"}}, "postInitProperties": {}, "editorOnly": false, "platformSpecificPropertyValues": []}}, {"op": "add", "path": "/entities/3653567d5fc97210", "value": {"parent": "38da44d804d52b0f", "name": "RainKillBox For Passenger_Unlockable_Room_B", "template": "[assembly:/_pro/effects/templates/liquid/fx_liquid.template?/rainkillbox.entitytemplate].pc_entitytype", "blueprint": "[assembly:/_pro/effects/templates/liquid/fx_liquid.template?/rainkillbox.entitytemplate].pc_entityblueprint", "properties": {"m_mTransform": {"type": "SMatrix43", "value": {"rotation": {"x": -0.0, "y": 0.0, "z": -0.0}, "position": {"x": 0.0, "y": -10.0, "z": 0.0}}}, "m_vGlobalSize": {"type": "SVector3", "value": {"x": 4.5999999046, "y": 6.0, "z": 2.7500000969}}, "m_eidParent": {"type": "SEntityTemplateReference", "value": "fffffffffffffffe"}}, "postInitProperties": {}, "editorOnly": false, "platformSpecificPropertyValues": []}}, {"op": "add", "path": "/entities/040b86afcef57935", "value": {"parent": "38da44d804d52b0f", "name": "RainKillBox For *DONTUSE* Cargo_Int_Blank_A", "template": "[assembly:/_pro/effects/templates/liquid/fx_liquid.template?/rainkillbox.entitytemplate].pc_entitytype", "blueprint": "[assembly:/_pro/effects/templates/liquid/fx_liquid.template?/rainkillbox.entitytemplate].pc_entityblueprint", "properties": {"m_mTransform": {"type": "SMatrix43", "value": {"rotation": {"x": -0.0, "y": 0.0, "z": -0.0}, "position": {"x": 0.0, "y": 0.0, "z": 0.0}}}, "m_vGlobalSize": {"type": "SVector3", "value": {"x": 4.0, "y": 20.0, "z": 3.0784801021000003}}, "m_eidParent": {"type": "SEntityTemplateReference", "value": "fffffffffffffffe"}}, "postInitProperties": {}, "editorOnly": false, "platformSpecificPropertyValues": []}}, {"op": "add", "path": "/entities/aab8a819e4723f15", "value": {"parent": "38da44d804d52b0f", "name": "RainKillBox For Passenger_ext_OpenMiddle_D", "template": "[assembly:/_pro/effects/templates/liquid/fx_liquid.template?/rainkillbox.entitytemplate].pc_entitytype", "blueprint": "[assembly:/_pro/effects/templates/liquid/fx_liquid.template?/rainkillbox.entitytemplate].pc_entityblueprint", "properties": {"m_mTransform": {"type": "SMatrix43", "value": {"rotation": {"x": -0.0, "y": 0.0, "z": -0.0}, "position": {"x": 0.0, "y": 6.0, "z": 0.0}}}, "m_vGlobalSize": {"type": "SVector3", "value": {"x": 4.5999999046, "y": 16.0438699723, "z": 2.7500000969}}, "m_eidParent": {"type": "SEntityTemplateReference", "value": "fffffffffffffffe"}}, "postInitProperties": {}, "editorOnly": false, "platformSpecificPropertyValues": []}}, {"op": "add", "path": "/entities/20061eeddab2cad4", "value": {"parent": "38da44d804d52b0f", "name": "RainKillBox For Passenger_TestModule_A_Room_A", "template": "[assembly:/_pro/effects/templates/liquid/fx_liquid.template?/rainkillbox.entitytemplate].pc_entitytype", "blueprint": "[assembly:/_pro/effects/templates/liquid/fx_liquid.template?/rainkillbox.entitytemplate].pc_entityblueprint", "properties": {"m_mTransform": {"type": "SMatrix43", "value": {"rotation": {"x": -0.0, "y": 0.0, "z": -0.0}, "position": {"x": -0.9999309778, "y": 5.9999790192, "z": 0.0}}}, "m_vGlobalSize": {"type": "SVector3", "value": {"x": 2.5999999046, "y": 4.0207500458, "z": 2.7500000969}}, "m_eidParent": {"type": "SEntityTemplateReference", "value": "fffffffffffffffe"}}, "postInitProperties": {}, "editorOnly": false, "platformSpecificPropertyValues": []}}, {"op": "add", "path": "/entities/4a3d546257fe5e96", "value": {"parent": "38da44d804d52b0f", "name": "RainKillBox For *DONTUSE* Cargo_Int_Openceiling_A", "template": "[assembly:/_pro/effects/templates/liquid/fx_liquid.template?/rainkillbox.entitytemplate].pc_entitytype", "blueprint": "[assembly:/_pro/effects/templates/liquid/fx_liquid.template?/rainkillbox.entitytemplate].pc_entityblueprint", "properties": {"m_mTransform": {"type": "SMatrix43", "value": {"rotation": {"x": -0.0, "y": 0.0, "z": -0.0}, "position": {"x": 0.0, "y": 0.0, "z": 0.0}}}, "m_vGlobalSize": {"type": "SVector3", "value": {"x": 4.0, "y": 20.0, "z": 3.3200000301}}, "m_eidParent": {"type": "SEntityTemplateReference", "value": "fffffffffffffffe"}}, "postInitProperties": {}, "editorOnly": false, "platformSpecificPropertyValues": []}}, {"op": "add", "path": "/entities/d0c34cd1785d87ab", "value": {"parent": "38da44d804d52b0f", "name": "RainKillBox For Passenger_Unlockable_Room_C", "template": "[assembly:/_pro/effects/templates/liquid/fx_liquid.template?/rainkillbox.entitytemplate].pc_entitytype", "blueprint": "[assembly:/_pro/effects/templates/liquid/fx_liquid.template?/rainkillbox.entitytemplate].pc_entityblueprint", "properties": {"m_mTransform": {"type": "SMatrix43", "value": {"rotation": {"x": -0.0, "y": 0.0, "z": -0.0}, "position": {"x": 0.0, "y": -11.5, "z": 0.0}}}, "m_vGlobalSize": {"type": "SVector3", "value": {"x": 4.5999999046, "y": 3.0, "z": 2.7500000969}}, "m_eidParent": {"type": "SEntityTemplateReference", "value": "fffffffffffffffe"}}, "postInitProperties": {}, "editorOnly": false, "platformSpecificPropertyValues": []}}, {"op": "add", "path": "/entities/7e8e16d1d8bdadc0", "value": {"parent": "38da44d804d52b0f", "name": "RainKillBox For Passenger_ext_Bar_A_Room_A", "template": "[assembly:/_pro/effects/templates/liquid/fx_liquid.template?/rainkillbox.entitytemplate].pc_entitytype", "blueprint": "[assembly:/_pro/effects/templates/liquid/fx_liquid.template?/rainkillbox.entitytemplate].pc_entityblueprint", "properties": {"m_mTransform": {"type": "SMatrix43", "value": {"rotation": {"x": -0.0, "y": 0.0, "z": -0.0}, "position": {"x": 0.0, "y": 9.9999990463, "z": 0.0}}}, "m_vGlobalSize": {"type": "SVector3", "value": {"x": 4.5999999046, "y": 3.0, "z": 2.7500000969}}, "m_eidParent": {"type": "SEntityTemplateReference", "value": "fffffffffffffffe"}}, "postInitProperties": {}, "editorOnly": false, "platformSpecificPropertyValues": []}}, {"op": "add", "path": "/entities/2772dea4d8e3a727", "value": {"parent": "38da44d804d52b0f", "name": "RainKillBox For Passenger_TestModule_A", "template": "[assembly:/_pro/effects/templates/liquid/fx_liquid.template?/rainkillbox.entitytemplate].pc_entitytype", "blueprint": "[assembly:/_pro/effects/templates/liquid/fx_liquid.template?/rainkillbox.entitytemplate].pc_entityblueprint", "properties": {"m_mTransform": {"type": "SMatrix43", "value": {"rotation": {"x": -0.0, "y": 0.0, "z": -0.0}, "position": {"x": 0.0, "y": 0.0, "z": 0.0}}}, "m_vGlobalSize": {"type": "SVector3", "value": {"x": 4.5999999046, "y": 2.8999996185000008, "z": 2.7500000969}}, "m_eidParent": {"type": "SEntityTemplateReference", "value": "fffffffffffffffe"}}, "postInitProperties": {}, "editorOnly": false, "platformSpecificPropertyValues": []}}, {"op": "add", "path": "/entities/d0ce52c26e8df4cc", "value": {"parent": "38da44d804d52b0f", "name": "RainKillBox For Passenger_Coupes_B_Room_B", "template": "[assembly:/_pro/effects/templates/liquid/fx_liquid.template?/rainkillbox.entitytemplate].pc_entitytype", "blueprint": "[assembly:/_pro/effects/templates/liquid/fx_liquid.template?/rainkillbox.entitytemplate].pc_entityblueprint", "properties": {"m_mTransform": {"type": "SMatrix43", "value": {"rotation": {"x": -0.0, "y": 0.0, "z": 180.0}, "position": {"x": 1.0, "y": -1.5, "z": 0.0}}}, "m_vGlobalSize": {"type": "SVector3", "value": {"x": 2.5999999046, "y": 4.0, "z": 2.7500000969}}, "m_eidParent": {"type": "SEntityTemplateReference", "value": "fffffffffffffffe"}}, "postInitProperties": {}, "editorOnly": false, "platformSpecificPropertyValues": []}}, {"op": "add", "path": "/entities/c2a60ff29e6a467f", "value": {"parent": "38da44d804d52b0f", "name": "RainKillBox For Passenger_ext_Armored_Office_Room_B", "template": "[assembly:/_pro/effects/templates/liquid/fx_liquid.template?/rainkillbox.entitytemplate].pc_entitytype", "blueprint": "[assembly:/_pro/effects/templates/liquid/fx_liquid.template?/rainkillbox.entitytemplate].pc_entityblueprint", "properties": {"m_mTransform": {"type": "SMatrix43", "value": {"rotation": {"x": -0.0, "y": 0.0, "z": -0.0}, "position": {"x": 0.0, "y": -10.0, "z": 0.0}}}, "m_vGlobalSize": {"type": "SVector3", "value": {"x": 4.5999999046, "y": 5.5112900734, "z": 3.2119101063000004}}, "m_eidParent": {"type": "SEntityTemplateReference", "value": "fffffffffffffffe"}}, "postInitProperties": {}, "editorOnly": false, "platformSpecificPropertyValues": []}}, {"op": "add", "path": "/entities/d36743d71285de1d", "value": {"parent": "38da44d804d52b0f", "name": "RainKillBox For Passenger_TestModule_A_Room_D", "template": "[assembly:/_pro/effects/templates/liquid/fx_liquid.template?/rainkillbox.entitytemplate].pc_entitytype", "blueprint": "[assembly:/_pro/effects/templates/liquid/fx_liquid.template?/rainkillbox.entitytemplate].pc_entityblueprint", "properties": {"m_mTransform": {"type": "SMatrix43", "value": {"rotation": {"x": -0.0, "y": 0.0, "z": -0.0}, "position": {"x": -1.000007987, "y": -5.4999780655, "z": 0.0}}}, "m_vGlobalSize": {"type": "SVector3", "value": {"x": 2.5999999046, "y": 4.0, "z": 2.7500000969}}, "m_eidParent": {"type": "SEntityTemplateReference", "value": "fffffffffffffffe"}}, "postInitProperties": {}, "editorOnly": false, "platformSpecificPropertyValues": []}}, {"op": "add", "path": "/entities/69bc72652d196bb1", "value": {"parent": "38da44d804d52b0f", "name": "FX_E_Rain", "template": "[assembly:/_pro/effects/templates/liquid/fx_liquid.template?/fx_e_rain.entitytemplate].pc_entitytype", "blueprint": "[assembly:/_pro/effects/templates/liquid/fx_liquid.template?/fx_e_rain.entitytemplate].pc_entityblueprint", "properties": {"m_mTransform": {"type": "SMatrix43", "value": {"rotation": {"x": 0.0, "y": 0.0, "z": 0.0}, "position": {"x": 0.0, "y": 0.0, "z": 0.0}}}, "RainWindMultiplier": {"type": "float32", "value": 1.2000000476837158}, "GroundSplashAlpha": {"type": "float32", "value": 0.20000000298023224}, "RainMinimumSize": {"type": "float32", "value": 0.800000011920929}, "RainMaximumSize": {"type": "float32", "value": 1.5}, "RainMotionStretchFactor": {"type": "float32", "value": 5}, "RainReflectivity": {"type": "float32", "value": 0.800000011920929}, "m_fCameraFadeNearDistance": {"type": "float32", "value": 1}, "m_fCameraFadeFarDistance": {"type": "float32", "value": 2}, "RainParticlesPerSecond": {"type": "float32", "value": 4000}, "RainRefraction": {"type": "float32", "value": 5}, "m_fCameraFadeSizeFactor": {"type": "float32", "value": 100}, "RainSplashesFlatGroundEnabled": {"type": "bool", "value": true}, "InfinityRadius": {"type": "float32", "value": 10}}, "postInitProperties": {"ParentHitman": {"type": "SEntityTemplateReference", "value": "4d303f40c374e64a"}, "m_eidParent": {"type": "SEntityTemplateReference", "value": "eff3dd48a957b8f4"}}, "editorOnly": false, "platformSpecificPropertyValues": []}}, {"op": "add", "path": "/entities/1a6f3a5cfd547666", "value": {"parent": "38da44d804d52b0f", "name": "RainKillBox For Passenger_Seatings_A", "template": "[assembly:/_pro/effects/templates/liquid/fx_liquid.template?/rainkillbox.entitytemplate].pc_entitytype", "blueprint": "[assembly:/_pro/effects/templates/liquid/fx_liquid.template?/rainkillbox.entitytemplate].pc_entityblueprint", "properties": {"m_mTransform": {"type": "SMatrix43", "value": {"rotation": {"x": -0.0, "y": 0.0, "z": -0.0}, "position": {"x": 0.0, "y": 6.0, "z": 0.0}}}, "m_vGlobalSize": {"type": "SVector3", "value": {"x": 4.5999999046, "y": 15.5, "z": 2.7500000969}}, "m_eidParent": {"type": "SEntityTemplateReference", "value": "fffffffffffffffe"}}, "postInitProperties": {}, "editorOnly": false, "platformSpecificPropertyValues": []}}, {"op": "add", "path": "/entities/3c5cee0c4df05f03", "value": {"parent": "38da44d804d52b0f", "name": "RainKillBox For Passenger_Unlockable", "template": "[assembly:/_pro/effects/templates/liquid/fx_liquid.template?/rainkillbox.entitytemplate].pc_entitytype", "blueprint": "[assembly:/_pro/effects/templates/liquid/fx_liquid.template?/rainkillbox.entitytemplate].pc_entityblueprint", "properties": {"m_mTransform": {"type": "SMatrix43", "value": {"rotation": {"x": -0.0, "y": 0.0, "z": -0.0}, "position": {"x": 0.0, "y": 6.0, "z": 0.0}}}, "m_vGlobalSize": {"type": "SVector3", "value": {"x": 4.5999999046, "y": 14.0, "z": 2.7500000969}}, "m_eidParent": {"type": "SEntityTemplateReference", "value": "fffffffffffffffe"}}, "postInitProperties": {}, "editorOnly": false, "platformSpecificPropertyValues": []}}, {"op": "add", "path": "/entities/bca2faa47479fee8", "value": {"parent": "38da44d804d52b0f", "name": "RainKillBox For Passenger_TestModule_A_Room_B", "template": "[assembly:/_pro/effects/templates/liquid/fx_liquid.template?/rainkillbox.entitytemplate].pc_entitytype", "blueprint": "[assembly:/_pro/effects/templates/liquid/fx_liquid.template?/rainkillbox.entitytemplate].pc_entityblueprint", "properties": {"m_mTransform": {"type": "SMatrix43", "value": {"rotation": {"x": -0.0, "y": 0.0, "z": -0.0}, "position": {"x": -0.9999809861, "y": 2.4999899864, "z": 0.0}}}, "m_vGlobalSize": {"type": "SVector3", "value": {"x": 2.5999999046, "y": 4.0, "z": 2.7500000969}}, "m_eidParent": {"type": "SEntityTemplateReference", "value": "fffffffffffffffe"}}, "postInitProperties": {}, "editorOnly": false, "platformSpecificPropertyValues": []}}, {"op": "add", "path": "/entities/d62cf638c1f69669", "value": {"parent": "38da44d804d52b0f", "name": "RainKillBox For Passenger_ext_OpenMiddle_C", "template": "[assembly:/_pro/effects/templates/liquid/fx_liquid.template?/rainkillbox.entitytemplate].pc_entitytype", "blueprint": "[assembly:/_pro/effects/templates/liquid/fx_liquid.template?/rainkillbox.entitytemplate].pc_entityblueprint", "properties": {"m_mTransform": {"type": "SMatrix43", "value": {"rotation": {"x": -0.0, "y": 0.0, "z": -0.0}, "position": {"x": 0.0, "y": 0.0, "z": 0.0}}}, "m_vGlobalSize": {"type": "SVector3", "value": {"x": 4.5999999046, "y": 23.0, "z": 2.7500000969}}, "m_eidParent": {"type": "SEntityTemplateReference", "value": "fffffffffffffffe"}}, "postInitProperties": {}, "editorOnly": false, "platformSpecificPropertyValues": []}}, {"op": "add", "path": "/entities/e4b2597dca6f1c8e", "value": {"parent": "38da44d804d52b0f", "name": "RainKillBox For *DONTUSE* Cargo_Int_Lab_A", "template": "[assembly:/_pro/effects/templates/liquid/fx_liquid.template?/rainkillbox.entitytemplate].pc_entitytype", "blueprint": "[assembly:/_pro/effects/templates/liquid/fx_liquid.template?/rainkillbox.entitytemplate].pc_entityblueprint", "properties": {"m_mTransform": {"type": "SMatrix43", "value": {"rotation": {"x": -0.0, "y": 0.0, "z": -0.0}, "position": {"x": 0.0, "y": 0.0, "z": 0.0}}}, "m_vGlobalSize": {"type": "SVector3", "value": {"x": 4.0, "y": 20.0, "z": 3.1000000015}}, "m_eidParent": {"type": "SEntityTemplateReference", "value": "fffffffffffffffe"}}, "postInitProperties": {}, "editorOnly": false, "platformSpecificPropertyValues": []}}, {"op": "add", "path": "/entities/85338525464f7b63", "value": {"parent": "38da44d804d52b0f", "name": "RainKillBox For *DONTUSE* Cargo_Int_Lab_B", "template": "[assembly:/_pro/effects/templates/liquid/fx_liquid.template?/rainkillbox.entitytemplate].pc_entitytype", "blueprint": "[assembly:/_pro/effects/templates/liquid/fx_liquid.template?/rainkillbox.entitytemplate].pc_entityblueprint", "properties": {"m_mTransform": {"type": "SMatrix43", "value": {"rotation": {"x": -0.0, "y": 0.0, "z": -0.0}, "position": {"x": 0.0, "y": 0.0, "z": 0.0}}}, "m_vGlobalSize": {"type": "SVector3", "value": {"x": 4.0, "y": 7.2000000477, "z": 3.1000000015}}, "m_eidParent": {"type": "SEntityTemplateReference", "value": "fffffffffffffffe"}}, "postInitProperties": {}, "editorOnly": false, "platformSpecificPropertyValues": []}}, {"op": "add", "path": "/entities/e08728b0ec01e965", "value": {"parent": "38da44d804d52b0f", "name": "RainKillBox For Room", "template": "[assembly:/_pro/effects/templates/liquid/fx_liquid.template?/rainkillbox.entitytemplate].pc_entitytype", "blueprint": "[assembly:/_pro/effects/templates/liquid/fx_liquid.template?/rainkillbox.entitytemplate].pc_entityblueprint", "properties": {"m_mTransform": {"type": "SMatrix43", "value": {"rotation": {"x": -0.0, "y": 0.0, "z": -0.0}, "position": {"x": 1.0, "y": -2.0, "z": 0.0}}}, "m_vGlobalSize": {"type": "SVector3", "value": {"x": 2.1499999762, "y": 4.0, "z": 3.1000000015}}, "m_eidParent": {"type": "SEntityTemplateReference", "value": "fffffffffffffffe"}}, "postInitProperties": {}, "editorOnly": false, "platformSpecificPropertyValues": []}}, {"op": "add", "path": "/entities/68e8a1d6b2917430", "value": {"parent": "38da44d804d52b0f", "name": "RainKillBox For *DONTUSE* Cargo_Int_Openceiling_B", "template": "[assembly:/_pro/effects/templates/liquid/fx_liquid.template?/rainkillbox.entitytemplate].pc_entitytype", "blueprint": "[assembly:/_pro/effects/templates/liquid/fx_liquid.template?/rainkillbox.entitytemplate].pc_entityblueprint", "properties": {"m_mTransform": {"type": "SMatrix43", "value": {"rotation": {"x": -0.0, "y": 0.0, "z": -0.0}, "position": {"x": 0.0, "y": 0.0, "z": 0.0}}}, "m_vGlobalSize": {"type": "SVector3", "value": {"x": 4.0, "y": 20.0, "z": 3.3200000301}}, "m_eidParent": {"type": "SEntityTemplateReference", "value": "fffffffffffffffe"}}, "postInitProperties": {}, "editorOnly": false, "platformSpecificPropertyValues": []}}, {"op": "add", "path": "/entities/392ae69251041a67", "value": {"parent": "38da44d804d52b0f", "name": "RainKillBox For Passenger_ext_OpenMiddle_B", "template": "[assembly:/_pro/effects/templates/liquid/fx_liquid.template?/rainkillbox.entitytemplate].pc_entitytype", "blueprint": "[assembly:/_pro/effects/templates/liquid/fx_liquid.template?/rainkillbox.entitytemplate].pc_entityblueprint", "properties": {"m_mTransform": {"type": "SMatrix43", "value": {"rotation": {"x": -0.0, "y": 0.0, "z": -0.0}, "position": {"x": 0.0, "y": 0.0, "z": 0.0}}}, "m_vGlobalSize": {"type": "SVector3", "value": {"x": 4.5999999046, "y": 23.0, "z": 2.7500000969}}, "m_eidParent": {"type": "SEntityTemplateReference", "value": "fffffffffffffffe"}}, "postInitProperties": {}, "editorOnly": false, "platformSpecificPropertyValues": []}}, {"op": "add", "path": "/entities/0f492cff64cd8914", "value": {"parent": "38da44d804d52b0f", "name": "RainKillBox For Passenger_TestModule_A_Room_C", "template": "[assembly:/_pro/effects/templates/liquid/fx_liquid.template?/rainkillbox.entitytemplate].pc_entitytype", "blueprint": "[assembly:/_pro/effects/templates/liquid/fx_liquid.template?/rainkillbox.entitytemplate].pc_entityblueprint", "properties": {"m_mTransform": {"type": "SMatrix43", "value": {"rotation": {"x": -0.0, "y": 0.0, "z": -0.0}, "position": {"x": -0.9999769926, "y": -1.5, "z": 0.0}}}, "m_vGlobalSize": {"type": "SVector3", "value": {"x": 2.5999999046, "y": 4.0, "z": 2.7500000969}}, "m_eidParent": {"type": "SEntityTemplateReference", "value": "fffffffffffffffe"}}, "postInitProperties": {}, "editorOnly": false, "platformSpecificPropertyValues": []}}, {"op": "add", "path": "/entities/59cef4bf0f5241fe", "value": {"parent": "38da44d804d52b0f", "name": "RainKillBox For Passenger_TestModule_A_Room_C", "template": "[assembly:/_pro/effects/templates/liquid/fx_liquid.template?/rainkillbox.entitytemplate].pc_entitytype", "blueprint": "[assembly:/_pro/effects/templates/liquid/fx_liquid.template?/rainkillbox.entitytemplate].pc_entityblueprint", "properties": {"m_mTransform": {"type": "SMatrix43", "value": {"rotation": {"x": -0.0, "y": 0.0, "z": -0.0}, "position": {"x": -0.9999769926, "y": -1.5, "z": 0.0}}}, "m_vGlobalSize": {"type": "SVector3", "value": {"x": 2.5999999046, "y": 4.0, "z": 2.7500000969}}, "m_eidParent": {"type": "SEntityTemplateReference", "value": "fffffffffffffffe"}}, "postInitProperties": {}, "editorOnly": false, "platformSpecificPropertyValues": []}}, {"op": "add", "path": "/entities/38da44d804d52b0f", "value": {"parent": "fffffffffffffffe", "name": "Rain Effects", "template": "[modules:/zentity.class].pc_entitytype", "blueprint": "[modules:/zentity.class].pc_entityblueprint", "properties": {}, "postInitProperties": {}, "editorOnly": false, "platformSpecificPropertyValues": [], "propertyAliases": []}}, {"op": "add", "path": "/entities/95487dd7b3325163", "value": {"parent": "38da44d804d52b0f", "name": "RainKillBox For Passenger_ext_Armored_Office_Room_A", "template": "[assembly:/_pro/effects/templates/liquid/fx_liquid.template?/rainkillbox.entitytemplate].pc_entitytype", "blueprint": "[assembly:/_pro/effects/templates/liquid/fx_liquid.template?/rainkillbox.entitytemplate].pc_entityblueprint", "properties": {"m_mTransform": {"type": "SMatrix43", "value": {"rotation": {"x": -0.0, "y": 0.0, "z": -0.0}, "position": {"x": 0.0, "y": 9.9999990463, "z": 0.0}}}, "m_vGlobalSize": {"type": "SVector3", "value": {"x": 4.5999999046, "y": 5.5181899071, "z": 3.2015000358}}, "m_eidParent": {"type": "SEntityTemplateReference", "value": "fffffffffffffffe"}}, "postInitProperties": {}, "editorOnly": false, "platformSpecificPropertyValues": []}}, {"op": "add", "path": "/entities/f7b2d7e6b11b1216", "value": {"parent": "38da44d804d52b0f", "name": "RainKillBox For Room Include for Master_Outside_Room (12406)/Moving train (14268)/passenger_ext_openmiddle_d (15001)/Passenger_ext_OpenMiddle_D_Room_B (62670)", "template": "[assembly:/_pro/effects/templates/liquid/fx_liquid.template?/rainkillbox.entitytemplate].pc_entitytype", "blueprint": "[assembly:/_pro/effects/templates/liquid/fx_liquid.template?/rainkillbox.entitytemplate].pc_entityblueprint", "properties": {"m_mTransform": {"type": "SMatrix43", "value": {"rotation": {"x": -0.0, "y": 0.0, "z": -0.0}, "position": {"x": 1.3, "y": 343.555, "z": 2.3}}}, "m_vGlobalSize": {"type": "SVector3", "value": {"x": 2.0, "y": 4.1106600761, "z": 2.5999999046}}, "m_eidParent": {"type": "SEntityTemplateReference", "value": "fffffffffffffffe"}}, "postInitProperties": {}, "editorOnly": false, "platformSpecificPropertyValues": []}}, {"op": "add", "path": "/entities/3327ee9fff9aa630", "value": {"parent": "38da44d804d52b0f", "name": "RainKillBox For Passenger_ext_Armored_Office_Room_A", "template": "[assembly:/_pro/effects/templates/liquid/fx_liquid.template?/rainkillbox.entitytemplate].pc_entitytype", "blueprint": "[assembly:/_pro/effects/templates/liquid/fx_liquid.template?/rainkillbox.entitytemplate].pc_entityblueprint", "properties": {"m_mTransform": {"type": "SMatrix43", "value": {"rotation": {"x": -0.0, "y": 0.0, "z": -0.0}, "position": {"x": 0.0, "y": 9.9999990463, "z": 0.0}}}, "m_vGlobalSize": {"type": "SVector3", "value": {"x": 4.5999999046, "y": 5.002229929, "z": 3.2015000358}}, "m_eidParent": {"type": "SEntityTemplateReference", "value": "fffffffffffffffe"}}, "postInitProperties": {}, "editorOnly": false, "platformSpecificPropertyValues": []}}, {"op": "replace", "path": "/entities/eff3dd48a957b8f4/properties/m_Tags/value", "value": "snowa,RainA"}], "patchVersion": 4}