{"tempHash": "00B6CEDD6778F19C", "tbluHash": "00AE87315CD24E96", "patch": [{"op": "add", "path": "/entities/62624f056a8e0cc1", "value": {"parent": "56d67ae4fb571c05", "name": "RainKillBox For Room Include for 315_Archways (70372)", "template": "[assembly:/_pro/effects/templates/liquid/fx_liquid.template?/rainkillbox.entitytemplate].pc_entitytype", "blueprint": "[assembly:/_pro/effects/templates/liquid/fx_liquid.template?/rainkillbox.entitytemplate].pc_entityblueprint", "properties": {"m_mTransform": {"type": "SMatrix43", "value": {"rotation": {"x": -0.0, "y": 0.0, "z": -0.0}, "position": {"x": -299.962, "y": 59.0496, "z": -4.94336}}}, "m_vGlobalSize": {"type": "SVector3", "value": {"x": 22.658700943, "y": 12.9236001968, "z": 5.3272199631}}, "m_eidParent": {"type": "SEntityTemplateReference", "value": "fffffffffffffffe"}}, "postInitProperties": {}, "editorOnly": false, "platformSpecificPropertyValues": []}}, {"op": "add", "path": "/entities/347586ae66bc0d38", "value": {"parent": "56d67ae4fb571c05", "name": "RainKillBox For 204_1st_Toilet_A", "template": "[assembly:/_pro/effects/templates/liquid/fx_liquid.template?/rainkillbox.entitytemplate].pc_entitytype", "blueprint": "[assembly:/_pro/effects/templates/liquid/fx_liquid.template?/rainkillbox.entitytemplate].pc_entityblueprint", "properties": {"m_mTransform": {"type": "SMatrix43", "value": {"rotation": {"x": -0.0, "y": 0.0, "z": -0.0}, "position": {"x": -166.5688934326, "y": -8.1034765244, "z": -0.057}}}, "m_vGlobalSize": {"type": "SVector3", "value": {"x": 3.814565897, "y": 5.2279400826, "z": 7.6345121264}}, "m_eidParent": {"type": "SEntityTemplateReference", "value": "fffffffffffffffe"}}, "postInitProperties": {}, "editorOnly": false, "platformSpecificPropertyValues": []}}, {"op": "add", "path": "/entities/4217f5e6ae68c3f0", "value": {"parent": "56d67ae4fb571c05", "name": "RainKillBox For 290_Basement_Storage_E", "template": "[assembly:/_pro/effects/templates/liquid/fx_liquid.template?/rainkillbox.entitytemplate].pc_entitytype", "blueprint": "[assembly:/_pro/effects/templates/liquid/fx_liquid.template?/rainkillbox.entitytemplate].pc_entityblueprint", "properties": {"m_mTransform": {"type": "SMatrix43", "value": {"rotation": {"x": -0.0, "y": 0.0, "z": -0.0}, "position": {"x": -212.196395874, "y": 12.4652099609, "z": -1.542181015}}}, "m_vGlobalSize": {"type": "SVector3", "value": {"x": 8.7656798362, "y": 14.0184879303, "z": 4.337638780500001}}, "m_eidParent": {"type": "SEntityTemplateReference", "value": "fffffffffffffffe"}}, "postInitProperties": {}, "editorOnly": false, "platformSpecificPropertyValues": []}}, {"op": "add", "path": "/entities/b3806351f5496407", "value": {"parent": "56d67ae4fb571c05", "name": "RainKillBox For 296_Basement_Corridor_Exit_A", "template": "[assembly:/_pro/effects/templates/liquid/fx_liquid.template?/rainkillbox.entitytemplate].pc_entitytype", "blueprint": "[assembly:/_pro/effects/templates/liquid/fx_liquid.template?/rainkillbox.entitytemplate].pc_entityblueprint", "properties": {"m_mTransform": {"type": "SMatrix43", "value": {"rotation": {"x": -0.0, "y": 0.0, "z": -0.0}, "position": {"x": -244.1062011719, "y": 25.6588401794, "z": -5.4912118912}}}, "m_vGlobalSize": {"type": "SVector3", "value": {"x": 1.2714489996, "y": 6.0053488761, "z": 3.8484998941999997}}, "m_eidParent": {"type": "SEntityTemplateReference", "value": "fffffffffffffffe"}}, "postInitProperties": {}, "editorOnly": false, "platformSpecificPropertyValues": []}}, {"op": "add", "path": "/entities/a13254d7bbf975d8", "value": {"parent": "56d67ae4fb571c05", "name": "RainKillBox For 280_Basement_Wine_Cell_A", "template": "[assembly:/_pro/effects/templates/liquid/fx_liquid.template?/rainkillbox.entitytemplate].pc_entitytype", "blueprint": "[assembly:/_pro/effects/templates/liquid/fx_liquid.template?/rainkillbox.entitytemplate].pc_entityblueprint", "properties": {"m_mTransform": {"type": "SMatrix43", "value": {"rotation": {"x": -0.0, "y": 0.0, "z": -0.0}, "position": {"x": -236.7259063721, "y": 22.2951602936, "z": -4.5649552345}}}, "m_vGlobalSize": {"type": "SVector3", "value": {"x": 7.6068319082, "y": 8.2569601536, "z": 4.353929877300001}}, "m_eidParent": {"type": "SEntityTemplateReference", "value": "fffffffffffffffe"}}, "postInitProperties": {}, "editorOnly": false, "platformSpecificPropertyValues": []}}, {"op": "add", "path": "/entities/1a83d2768a4ef539", "value": {"parent": "56d67ae4fb571c05", "name": "RainKillBox For 252_3rd_Attic_Left", "template": "[assembly:/_pro/effects/templates/liquid/fx_liquid.template?/rainkillbox.entitytemplate].pc_entitytype", "blueprint": "[assembly:/_pro/effects/templates/liquid/fx_liquid.template?/rainkillbox.entitytemplate].pc_entityblueprint", "properties": {"m_mTransform": {"type": "SMatrix43", "value": {"rotation": {"x": -0.0, "y": 0.0, "z": -0.0}, "position": {"x": -202.137802124, "y": 31.0835609436, "z": 16.3819408417}}}, "m_vGlobalSize": {"type": "SVector3", "value": {"x": 20.2949603796, "y": 19.4563298226, "z": 5.6485199928}}, "m_eidParent": {"type": "SEntityTemplateReference", "value": "fffffffffffffffe"}}, "postInitProperties": {}, "editorOnly": false, "platformSpecificPropertyValues": []}}, {"op": "add", "path": "/entities/d5501cf6b91eb3a6", "value": {"parent": "56d67ae4fb571c05", "name": "RainKillBox For 210_1st_Corridor_B", "template": "[assembly:/_pro/effects/templates/liquid/fx_liquid.template?/rainkillbox.entitytemplate].pc_entitytype", "blueprint": "[assembly:/_pro/effects/templates/liquid/fx_liquid.template?/rainkillbox.entitytemplate].pc_entityblueprint", "properties": {"m_mTransform": {"type": "SMatrix43", "value": {"rotation": {"x": -0.0, "y": 0.0, "z": -0.0}, "position": {"x": -169.0753936768, "y": 33.1542396545, "z": 0.3874999881}}}, "m_vGlobalSize": {"type": "SVector3", "value": {"x": 8.9410202503, "y": 4.7150900363999995, "z": 7.631000042}}, "m_eidParent": {"type": "SEntityTemplateReference", "value": "fffffffffffffffe"}}, "postInitProperties": {}, "editorOnly": false, "platformSpecificPropertyValues": []}}, {"op": "add", "path": "/entities/c7bf84d1cff4c5e2", "value": {"parent": "56d67ae4fb571c05", "name": "RainKillBox For Room Include for 200_1st_Entrance (76445)", "template": "[assembly:/_pro/effects/templates/liquid/fx_liquid.template?/rainkillbox.entitytemplate].pc_entitytype", "blueprint": "[assembly:/_pro/effects/templates/liquid/fx_liquid.template?/rainkillbox.entitytemplate].pc_entityblueprint", "properties": {"m_mTransform": {"type": "SMatrix43", "value": {"rotation": {"x": -0.0, "y": 0.0, "z": -0.0}, "position": {"x": -145.475, "y": 14.9159, "z": 3.27594}}}, "m_vGlobalSize": {"type": "SVector3", "value": {"x": 3.2080900669, "y": 6.7152199745, "z": 8.0610399246}}, "m_eidParent": {"type": "SEntityTemplateReference", "value": "fffffffffffffffe"}}, "postInitProperties": {}, "editorOnly": false, "platformSpecificPropertyValues": []}}, {"op": "add", "path": "/entities/8431b07ba3b4066a", "value": {"parent": "56d67ae4fb571c05", "name": "RainKillBox For 225_1st_Toilet_F", "template": "[assembly:/_pro/effects/templates/liquid/fx_liquid.template?/rainkillbox.entitytemplate].pc_entitytype", "blueprint": "[assembly:/_pro/effects/templates/liquid/fx_liquid.template?/rainkillbox.entitytemplate].pc_entityblueprint", "properties": {"m_mTransform": {"type": "SMatrix43", "value": {"rotation": {"x": -0.0, "y": 0.0, "z": -0.0}, "position": {"x": -229.8630981445, "y": 23.7497901917, "z": 0.4255630076}}}, "m_vGlobalSize": {"type": "SVector3", "value": {"x": 5.0702190399, "y": 4.8913670778, "z": 5.1882600784}}, "m_eidParent": {"type": "SEntityTemplateReference", "value": "fffffffffffffffe"}}, "postInitProperties": {}, "editorOnly": false, "platformSpecificPropertyValues": []}}, {"op": "add", "path": "/entities/09f32a3a3c8e054f", "value": {"parent": "56d67ae4fb571c05", "name": "RainKillBox For 208_1st_WaitingRoom_A", "template": "[assembly:/_pro/effects/templates/liquid/fx_liquid.template?/rainkillbox.entitytemplate].pc_entitytype", "blueprint": "[assembly:/_pro/effects/templates/liquid/fx_liquid.template?/rainkillbox.entitytemplate].pc_entityblueprint", "properties": {"m_mTransform": {"type": "SMatrix43", "value": {"rotation": {"x": -0.0, "y": 0.0, "z": -0.0}, "position": {"x": -178.8031005859, "y": 13.520359993, "z": -0.5392699838}}}, "m_vGlobalSize": {"type": "SVector3", "value": {"x": 9.8569097519, "y": 24.282699585, "z": 7.9533705973}}, "m_eidParent": {"type": "SEntityTemplateReference", "value": "fffffffffffffffe"}}, "postInitProperties": {}, "editorOnly": false, "platformSpecificPropertyValues": []}}, {"op": "add", "path": "/entities/9307babd407c0f9e", "value": {"parent": "56d67ae4fb571c05", "name": "RainKillBox For Room Include for 200_1st_Entrance (76445)", "template": "[assembly:/_pro/effects/templates/liquid/fx_liquid.template?/rainkillbox.entitytemplate].pc_entitytype", "blueprint": "[assembly:/_pro/effects/templates/liquid/fx_liquid.template?/rainkillbox.entitytemplate].pc_entityblueprint", "properties": {"m_mTransform": {"type": "SMatrix43", "value": {"rotation": {"x": -0.0, "y": 0.0, "z": -0.0}, "position": {"x": -163.57, "y": 14.824, "z": 15.9647}}}, "m_vGlobalSize": {"type": "SVector3", "value": {"x": 35.3489227295, "y": 20.4390563965, "z": 3.0045340061}}, "m_eidParent": {"type": "SEntityTemplateReference", "value": "fffffffffffffffe"}}, "postInitProperties": {}, "editorOnly": false, "platformSpecificPropertyValues": []}}, {"op": "add", "path": "/entities/e7d3024fdd7a8310", "value": {"parent": "56d67ae4fb571c05", "name": "RainKillBox For 295_Basement_Corridor_C_00", "template": "[assembly:/_pro/effects/templates/liquid/fx_liquid.template?/rainkillbox.entitytemplate].pc_entitytype", "blueprint": "[assembly:/_pro/effects/templates/liquid/fx_liquid.template?/rainkillbox.entitytemplate].pc_entityblueprint", "properties": {"m_mTransform": {"type": "SMatrix43", "value": {"rotation": {"x": -0.0, "y": 0.0, "z": -90.0}, "position": {"x": -177.8979034424, "y": -7.6289758682, "z": -5.5392279625}}}, "m_vGlobalSize": {"type": "SVector3", "value": {"x": 63.16790008539999, "y": 6.6921799183, "z": 4.2572150976}}, "m_eidParent": {"type": "SEntityTemplateReference", "value": "fffffffffffffffe"}}, "postInitProperties": {}, "editorOnly": false, "platformSpecificPropertyValues": []}}, {"op": "add", "path": "/entities/481645087f3b478e", "value": {"parent": "56d67ae4fb571c05", "name": "RainKillBox For 292_Basement_Canteen_A", "template": "[assembly:/_pro/effects/templates/liquid/fx_liquid.template?/rainkillbox.entitytemplate].pc_entitytype", "blueprint": "[assembly:/_pro/effects/templates/liquid/fx_liquid.template?/rainkillbox.entitytemplate].pc_entityblueprint", "properties": {"m_mTransform": {"type": "SMatrix43", "value": {"rotation": {"x": -0.0, "y": 0.0, "z": -0.0}, "position": {"x": -205.4945068359, "y": 5.5595889091, "z": -4.2237129211}}}, "m_vGlobalSize": {"type": "SVector3", "value": {"x": 13.8237700463, "y": 16.185680151, "z": 4.316169858}}, "m_eidParent": {"type": "SEntityTemplateReference", "value": "fffffffffffffffe"}}, "postInitProperties": {}, "editorOnly": false, "platformSpecificPropertyValues": []}}, {"op": "add", "path": "/entities/62c3fee7734b1d89", "value": {"parent": "56d67ae4fb571c05", "name": "RainKillBox For 244_2nd_Cabinet_C", "template": "[assembly:/_pro/effects/templates/liquid/fx_liquid.template?/rainkillbox.entitytemplate].pc_entitytype", "blueprint": "[assembly:/_pro/effects/templates/liquid/fx_liquid.template?/rainkillbox.entitytemplate].pc_entityblueprint", "properties": {"m_mTransform": {"type": "SMatrix43", "value": {"rotation": {"x": -0.0, "y": 0.0, "z": -0.0}, "position": {"x": -214.8802032471, "y": -6.915596962, "z": 7.4607038498}}}, "m_vGlobalSize": {"type": "SVector3", "value": {"x": 11.9041600228, "y": 22.2906899452, "z": 7.248281180799999}}, "m_eidParent": {"type": "SEntityTemplateReference", "value": "fffffffffffffffe"}}, "postInitProperties": {}, "editorOnly": false, "platformSpecificPropertyValues": []}}, {"op": "add", "path": "/entities/1abb9397be39bff3", "value": {"parent": "56d67ae4fb571c05", "name": "RainKillBox For 285_Basement_Kitchen", "template": "[assembly:/_pro/effects/templates/liquid/fx_liquid.template?/rainkillbox.entitytemplate].pc_entitytype", "blueprint": "[assembly:/_pro/effects/templates/liquid/fx_liquid.template?/rainkillbox.entitytemplate].pc_entityblueprint", "properties": {"m_mTransform": {"type": "SMatrix43", "value": {"rotation": {"x": -0.0, "y": 0.0, "z": -0.0}, "position": {"x": -237.7427978516, "y": -0.3851230145, "z": -2.301500082}}}, "m_vGlobalSize": {"type": "SVector3", "value": {"x": 15.8467350006, "y": 12.7775478363, "z": 4.730232954}}, "m_eidParent": {"type": "SEntityTemplateReference", "value": "fffffffffffffffe"}}, "postInitProperties": {}, "editorOnly": false, "platformSpecificPropertyValues": []}}, {"op": "add", "path": "/entities/ff7f3a1a4fdf01f0", "value": {"parent": "56d67ae4fb571c05", "name": "RainKillBox For 220_1st_Corridor_D", "template": "[assembly:/_pro/effects/templates/liquid/fx_liquid.template?/rainkillbox.entitytemplate].pc_entitytype", "blueprint": "[assembly:/_pro/effects/templates/liquid/fx_liquid.template?/rainkillbox.entitytemplate].pc_entityblueprint", "properties": {"m_mTransform": {"type": "SMatrix43", "value": {"rotation": {"x": -0.0, "y": 0.0, "z": -0.0}, "position": {"x": -229.6443023682, "y": 1.9068100452, "z": -0.5392699838}}}, "m_vGlobalSize": {"type": "SVector3", "value": {"x": 11.8190310001, "y": 5.5730810165, "z": 7.7171232179}}, "m_eidParent": {"type": "SEntityTemplateReference", "value": "fffffffffffffffe"}}, "postInitProperties": {}, "editorOnly": false, "platformSpecificPropertyValues": []}}, {"op": "add", "path": "/entities/7477f263d69854fd", "value": {"parent": "56d67ae4fb571c05", "name": "RainKillBox For Room Include for 232_2nd_StairCase_B (77278)", "template": "[assembly:/_pro/effects/templates/liquid/fx_liquid.template?/rainkillbox.entitytemplate].pc_entitytype", "blueprint": "[assembly:/_pro/effects/templates/liquid/fx_liquid.template?/rainkillbox.entitytemplate].pc_entityblueprint", "properties": {"m_mTransform": {"type": "SMatrix43", "value": {"rotation": {"x": -0.0, "y": 0.0, "z": -0.0}, "position": {"x": -229.253, "y": 35.2396, "z": 17.7067}}}, "m_vGlobalSize": {"type": "SVector3", "value": {"x": 16.4302997589, "y": 20.0468006134, "z": 4.8449401855}}, "m_eidParent": {"type": "SEntityTemplateReference", "value": "fffffffffffffffe"}}, "postInitProperties": {}, "editorOnly": false, "platformSpecificPropertyValues": []}}, {"op": "add", "path": "/entities/b5c0449296e78dc1", "value": {"parent": "56d67ae4fb571c05", "name": "RainKillBox For 701_Room_Building_Gardener", "template": "[assembly:/_pro/effects/templates/liquid/fx_liquid.template?/rainkillbox.entitytemplate].pc_entitytype", "blueprint": "[assembly:/_pro/effects/templates/liquid/fx_liquid.template?/rainkillbox.entitytemplate].pc_entityblueprint", "properties": {"m_mTransform": {"type": "SMatrix43", "value": {"rotation": {"x": -0.0, "y": 0.0, "z": 180.0}, "position": {"x": -268.9179077148, "y": 61.8181991577, "z": -0.4900209904}}}, "m_vGlobalSize": {"type": "SVector3", "value": {"x": 10.189920187, "y": 7.3733169064, "z": 4.5315999985}}, "m_eidParent": {"type": "SEntityTemplateReference", "value": "fffffffffffffffe"}}, "postInitProperties": {}, "editorOnly": false, "platformSpecificPropertyValues": []}}, {"op": "add", "path": "/entities/9d57cc8e6c63f620", "value": {"parent": "56d67ae4fb571c05", "name": "RainKillBox For Room Include for 201_1st_Museum_A (76097)", "template": "[assembly:/_pro/effects/templates/liquid/fx_liquid.template?/rainkillbox.entitytemplate].pc_entitytype", "blueprint": "[assembly:/_pro/effects/templates/liquid/fx_liquid.template?/rainkillbox.entitytemplate].pc_entityblueprint", "properties": {"m_mTransform": {"type": "SMatrix43", "value": {"rotation": {"x": -0.0, "y": 0.0, "z": -0.0}, "position": {"x": -155.023, "y": -3.24074, "z": 3.23721}}}, "m_vGlobalSize": {"type": "SVector3", "value": {"x": 21.3232002258, "y": 15.0005998611, "z": 7.9021100998}}, "m_eidParent": {"type": "SEntityTemplateReference", "value": "fffffffffffffffe"}}, "postInitProperties": {}, "editorOnly": false, "platformSpecificPropertyValues": []}}, {"op": "add", "path": "/entities/ef05bf1364a99035", "value": {"parent": "56d67ae4fb571c05", "name": "RainKillBox For 288_Basement_Storage_C", "template": "[assembly:/_pro/effects/templates/liquid/fx_liquid.template?/rainkillbox.entitytemplate].pc_entitytype", "blueprint": "[assembly:/_pro/effects/templates/liquid/fx_liquid.template?/rainkillbox.entitytemplate].pc_entityblueprint", "properties": {"m_mTransform": {"type": "SMatrix43", "value": {"rotation": {"x": -0.0, "y": 0.0, "z": -0.0}, "position": {"x": -221.8208007812, "y": 14.0963697433, "z": -2.3534469604}}}, "m_vGlobalSize": {"type": "SVector3", "value": {"x": 14.319981575, "y": 14.0461997986, "z": 4.2888309956}}, "m_eidParent": {"type": "SEntityTemplateReference", "value": "fffffffffffffffe"}}, "postInitProperties": {}, "editorOnly": false, "platformSpecificPropertyValues": []}}, {"op": "add", "path": "/entities/696fda64f5d50330", "value": {"parent": "56d67ae4fb571c05", "name": "RainKillBox For 231_2nd_StairCase_C", "template": "[assembly:/_pro/effects/templates/liquid/fx_liquid.template?/rainkillbox.entitytemplate].pc_entitytype", "blueprint": "[assembly:/_pro/effects/templates/liquid/fx_liquid.template?/rainkillbox.entitytemplate].pc_entityblueprint", "properties": {"m_mTransform": {"type": "SMatrix43", "value": {"rotation": {"x": -0.0, "y": 0.0, "z": -0.0}, "position": {"x": -228.6264038086, "y": -4.8445711136, "z": 15.2969703674}}}, "m_vGlobalSize": {"type": "SVector3", "value": {"x": 16.6173896789, "y": 20.3426494598, "z": 5.043746084}}, "m_eidParent": {"type": "SEntityTemplateReference", "value": "fffffffffffffffe"}}, "postInitProperties": {}, "editorOnly": false, "platformSpecificPropertyValues": []}}, {"op": "add", "path": "/entities/9204e326a589243a", "value": {"parent": "56d67ae4fb571c05", "name": "RainKillBox For Room Include for 222_1st_Entrance_Back (70255)", "template": "[assembly:/_pro/effects/templates/liquid/fx_liquid.template?/rainkillbox.entitytemplate].pc_entitytype", "blueprint": "[assembly:/_pro/effects/templates/liquid/fx_liquid.template?/rainkillbox.entitytemplate].pc_entityblueprint", "properties": {"m_mTransform": {"type": "SMatrix43", "value": {"rotation": {"x": -0.0, "y": 0.0, "z": -0.0}, "position": {"x": -254.766, "y": 14.8416, "z": 3.18844}}}, "m_vGlobalSize": {"type": "SVector3", "value": {"x": 4.4857602119, "y": 34.4580001831, "z": 7.8021101952}}, "m_eidParent": {"type": "SEntityTemplateReference", "value": "fffffffffffffffe"}}, "postInitProperties": {}, "editorOnly": false, "platformSpecificPropertyValues": []}}, {"op": "add", "path": "/entities/1de91c9fe13119b1", "value": {"parent": "56d67ae4fb571c05", "name": "FX_E_Rain", "template": "[assembly:/_pro/effects/templates/liquid/fx_liquid.template?/fx_e_rain.entitytemplate].pc_entitytype", "blueprint": "[assembly:/_pro/effects/templates/liquid/fx_liquid.template?/fx_e_rain.entitytemplate].pc_entityblueprint", "properties": {"m_mTransform": {"type": "SMatrix43", "value": {"rotation": {"x": 0.0, "y": 0.0, "z": 0.0}, "position": {"x": 0.0, "y": 0.0, "z": 0.0}}}, "RainWindMultiplier": {"type": "float32", "value": 1.2000000476837158}, "GroundSplashAlpha": {"type": "float32", "value": 0.20000000298023224}, "RainMinimumSize": {"type": "float32", "value": 0.800000011920929}, "RainMaximumSize": {"type": "float32", "value": 1.5}, "RainMotionStretchFactor": {"type": "float32", "value": 5}, "RainReflectivity": {"type": "float32", "value": 0.800000011920929}, "m_fCameraFadeNearDistance": {"type": "float32", "value": 1}, "m_fCameraFadeFarDistance": {"type": "float32", "value": 2}, "RainParticlesPerSecond": {"type": "float32", "value": 4000}, "RainRefraction": {"type": "float32", "value": 5}, "m_fCameraFadeSizeFactor": {"type": "float32", "value": 100}, "RainSplashesFlatGroundEnabled": {"type": "bool", "value": true}, "InfinityRadius": {"type": "float32", "value": 10}}, "postInitProperties": {"ParentHitman": {"type": "SEntityTemplateReference", "value": "69bdf7f855ea15e0"}, "m_eidParent": {"type": "SEntityTemplateReference", "value": "7e6db811b82cef18"}}, "editorOnly": false, "platformSpecificPropertyValues": []}}, {"op": "add", "path": "/entities/4ab295c0f2884fff", "value": {"parent": "56d67ae4fb571c05", "name": "RainKillBox For 240_2nd_Museum_Storage_A", "template": "[assembly:/_pro/effects/templates/liquid/fx_liquid.template?/rainkillbox.entitytemplate].pc_entitytype", "blueprint": "[assembly:/_pro/effects/templates/liquid/fx_liquid.template?/rainkillbox.entitytemplate].pc_entityblueprint", "properties": {"m_mTransform": {"type": "SMatrix43", "value": {"rotation": {"x": -0.0, "y": 0.0, "z": -0.0}, "position": {"x": -159.9467926025, "y": -4.7590990067, "z": 8.3804445267}}}, "m_vGlobalSize": {"type": "SVector3", "value": {"x": 29.651299476600002, "y": 10.3115797043, "z": 7.1588301659}}, "m_eidParent": {"type": "SEntityTemplateReference", "value": "fffffffffffffffe"}}, "postInitProperties": {}, "editorOnly": false, "platformSpecificPropertyValues": []}}, {"op": "add", "path": "/entities/24c3917c1a0b6d22", "value": {"parent": "56d67ae4fb571c05", "name": "RainKillBox For Room Include for 202_1st_Museum_Store (77232)", "template": "[assembly:/_pro/effects/templates/liquid/fx_liquid.template?/rainkillbox.entitytemplate].pc_entitytype", "blueprint": "[assembly:/_pro/effects/templates/liquid/fx_liquid.template?/rainkillbox.entitytemplate].pc_entityblueprint", "properties": {"m_mTransform": {"type": "SMatrix43", "value": {"rotation": {"x": -0.0, "y": 0.0, "z": -0.0}, "position": {"x": -154.911, "y": 32.964, "z": 3.29037}}}, "m_vGlobalSize": {"type": "SVector3", "value": {"x": 21.2717990875, "y": 14.8247995377, "z": 7.795800209}}, "m_eidParent": {"type": "SEntityTemplateReference", "value": "fffffffffffffffe"}}, "postInitProperties": {}, "editorOnly": false, "platformSpecificPropertyValues": []}}, {"op": "add", "path": "/entities/8e660b7a9b4ec314", "value": {"parent": "56d67ae4fb571c05", "name": "RainKillBox For 284_Basement_Corridor_B", "template": "[assembly:/_pro/effects/templates/liquid/fx_liquid.template?/rainkillbox.entitytemplate].pc_entitytype", "blueprint": "[assembly:/_pro/effects/templates/liquid/fx_liquid.template?/rainkillbox.entitytemplate].pc_entityblueprint", "properties": {"m_mTransform": {"type": "SMatrix43", "value": {"rotation": {"x": -0.0, "y": 0.0, "z": -0.0}, "position": {"x": -221.7212982178, "y": 24.7814903259, "z": -2.3417649269}}}, "m_vGlobalSize": {"type": "SVector3", "value": {"x": 14.1314601898, "y": 7.1936498879999995, "z": 4.3416900635}}, "m_eidParent": {"type": "SEntityTemplateReference", "value": "fffffffffffffffe"}}, "postInitProperties": {}, "editorOnly": false, "platformSpecificPropertyValues": []}}, {"op": "add", "path": "/entities/7b0fb393be429dc2", "value": {"parent": "56d67ae4fb571c05", "name": "RainKillBox For 256_3rd_Attic_Room_A", "template": "[assembly:/_pro/effects/templates/liquid/fx_liquid.template?/rainkillbox.entitytemplate].pc_entitytype", "blueprint": "[assembly:/_pro/effects/templates/liquid/fx_liquid.template?/rainkillbox.entitytemplate].pc_entityblueprint", "properties": {"m_mTransform": {"type": "SMatrix43", "value": {"rotation": {"x": -0.0, "y": 0.0, "z": -0.0}, "position": {"x": -205.5892944336, "y": 47.9507713318, "z": 16.3370990753}}}, "m_vGlobalSize": {"type": "SVector3", "value": {"x": 19.1664800644, "y": 7.5730500222, "z": 5.4348502159}}, "m_eidParent": {"type": "SEntityTemplateReference", "value": "fffffffffffffffe"}}, "postInitProperties": {}, "editorOnly": false, "platformSpecificPropertyValues": []}}, {"op": "add", "path": "/entities/3a228c5b07a26ac2", "value": {"parent": "56d67ae4fb571c05", "name": "RainKillBox For Room Include for 200_1st_Entrance (76445)", "template": "[assembly:/_pro/effects/templates/liquid/fx_liquid.template?/rainkillbox.entitytemplate].pc_entitytype", "blueprint": "[assembly:/_pro/effects/templates/liquid/fx_liquid.template?/rainkillbox.entitytemplate].pc_entityblueprint", "properties": {"m_mTransform": {"type": "SMatrix43", "value": {"rotation": {"x": -0.0, "y": 0.0, "z": -0.0}, "position": {"x": -146.271, "y": 18.8805, "z": 3.27594}}}, "m_vGlobalSize": {"type": "SVector3", "value": {"x": 1.6643899679, "y": 2.053260088, "z": 8.0610399246}}, "m_eidParent": {"type": "SEntityTemplateReference", "value": "fffffffffffffffe"}}, "postInitProperties": {}, "editorOnly": false, "platformSpecificPropertyValues": []}}, {"op": "add", "path": "/entities/107f907cd29a1bf6", "value": {"parent": "56d67ae4fb571c05", "name": "RainKillBox For 200_1st_Entrance", "template": "[assembly:/_pro/effects/templates/liquid/fx_liquid.template?/rainkillbox.entitytemplate].pc_entitytype", "blueprint": "[assembly:/_pro/effects/templates/liquid/fx_liquid.template?/rainkillbox.entitytemplate].pc_entityblueprint", "properties": {"m_mTransform": {"type": "SMatrix43", "value": {"rotation": {"x": -0.0, "y": 0.0, "z": -0.0}, "position": {"x": -165.4627990723, "y": 15.1073303223, "z": -0.1393959969}}}, "m_vGlobalSize": {"type": "SVector3", "value": {"x": 35.544500350999996, "y": 30.7798995972, "z": 7.642050266300001}}, "m_eidParent": {"type": "SEntityTemplateReference", "value": "fffffffffffffffe"}}, "postInitProperties": {}, "editorOnly": false, "platformSpecificPropertyValues": []}}, {"op": "add", "path": "/entities/905294eb17cb75e2", "value": {"parent": "56d67ae4fb571c05", "name": "RainKillBox For 257_3rd_Attic_Room_D", "template": "[assembly:/_pro/effects/templates/liquid/fx_liquid.template?/rainkillbox.entitytemplate].pc_entitytype", "blueprint": "[assembly:/_pro/effects/templates/liquid/fx_liquid.template?/rainkillbox.entitytemplate].pc_entityblueprint", "properties": {"m_mTransform": {"type": "SMatrix43", "value": {"rotation": {"x": -0.0, "y": 0.0, "z": -0.0}, "position": {"x": -136.6591949463, "y": 35.9169197083, "z": 16.3657207489}}}, "m_vGlobalSize": {"type": "SVector3", "value": {"x": 16.178830146800003, "y": 13.0882596969, "z": 4.1482498646}}, "m_eidParent": {"type": "SEntityTemplateReference", "value": "fffffffffffffffe"}}, "postInitProperties": {}, "editorOnly": false, "platformSpecificPropertyValues": []}}, {"op": "add", "path": "/entities/3749b1e760e6964c", "value": {"parent": "56d67ae4fb571c05", "name": "RainKillBox For 232_2nd_StairCase_B", "template": "[assembly:/_pro/effects/templates/liquid/fx_liquid.template?/rainkillbox.entitytemplate].pc_entitytype", "blueprint": "[assembly:/_pro/effects/templates/liquid/fx_liquid.template?/rainkillbox.entitytemplate].pc_entityblueprint", "properties": {"m_mTransform": {"type": "SMatrix43", "value": {"rotation": {"x": -0.0, "y": 0.0, "z": -0.0}, "position": {"x": -225.6560058594, "y": 37.4771194458, "z": 13.163359642}}}, "m_vGlobalSize": {"type": "SVector3", "value": {"x": 16.0571899414, "y": 18.4528803825, "z": 8.0778501033}}, "m_eidParent": {"type": "SEntityTemplateReference", "value": "fffffffffffffffe"}}, "postInitProperties": {}, "editorOnly": false, "platformSpecificPropertyValues": []}}, {"op": "add", "path": "/entities/3ebebfbedaa259ac", "value": {"parent": "56d67ae4fb571c05", "name": "RainKillBox For 201_1st_Museum_A", "template": "[assembly:/_pro/effects/templates/liquid/fx_liquid.template?/rainkillbox.entitytemplate].pc_entitytype", "blueprint": "[assembly:/_pro/effects/templates/liquid/fx_liquid.template?/rainkillbox.entitytemplate].pc_entityblueprint", "properties": {"m_mTransform": {"type": "SMatrix43", "value": {"rotation": {"x": -0.0, "y": 0.0, "z": -0.0}, "position": {"x": -137.3383026123, "y": -5.430369854, "z": 3.210570097}}}, "m_vGlobalSize": {"type": "SVector3", "value": {"x": 18.7021503449, "y": 19.153679847699998, "z": 7.875299930600001}}, "m_eidParent": {"type": "SEntityTemplateReference", "value": "fffffffffffffffe"}}, "postInitProperties": {}, "editorOnly": false, "platformSpecificPropertyValues": []}}, {"op": "add", "path": "/entities/7d3140c07f4d0068", "value": {"parent": "56d67ae4fb571c05", "name": "RainKillBox For 243_2nd_LivingRoom_D", "template": "[assembly:/_pro/effects/templates/liquid/fx_liquid.template?/rainkillbox.entitytemplate].pc_entitytype", "blueprint": "[assembly:/_pro/effects/templates/liquid/fx_liquid.template?/rainkillbox.entitytemplate].pc_entityblueprint", "properties": {"m_mTransform": {"type": "SMatrix43", "value": {"rotation": {"x": -0.0, "y": 0.0, "z": -0.0}, "position": {"x": -201.8695983887, "y": -13.6596097946, "z": 8.3907527924}}}, "m_vGlobalSize": {"type": "SVector3", "value": {"x": 20.3734297753, "y": 22.4276399612, "z": 7.1359400749}}, "m_eidParent": {"type": "SEntityTemplateReference", "value": "fffffffffffffffe"}}, "postInitProperties": {}, "editorOnly": false, "platformSpecificPropertyValues": []}}, {"op": "add", "path": "/entities/a8fd40f265fd571b", "value": {"parent": "56d67ae4fb571c05", "name": "RainKillBox For 264_3rdF_Corridor_A", "template": "[assembly:/_pro/effects/templates/liquid/fx_liquid.template?/rainkillbox.entitytemplate].pc_entitytype", "blueprint": "[assembly:/_pro/effects/templates/liquid/fx_liquid.template?/rainkillbox.entitytemplate].pc_entityblueprint", "properties": {"m_mTransform": {"type": "SMatrix43", "value": {"rotation": {"x": -0.0, "y": 0.0, "z": -0.0}, "position": {"x": -244.3480987549, "y": 28.0106601715, "z": 16.4136104584}}}, "m_vGlobalSize": {"type": "SVector3", "value": {"x": 19.743000507399998, "y": 7.1295101642, "z": 5.231600165300001}}, "m_eidParent": {"type": "SEntityTemplateReference", "value": "fffffffffffffffe"}}, "postInitProperties": {}, "editorOnly": false, "platformSpecificPropertyValues": []}}, {"op": "add", "path": "/entities/9a62eda0eac97eee", "value": {"parent": "56d67ae4fb571c05", "name": "RainKillBox For 237_2nd_LivingRoom_A", "template": "[assembly:/_pro/effects/templates/liquid/fx_liquid.template?/rainkillbox.entitytemplate].pc_entitytype", "blueprint": "[assembly:/_pro/effects/templates/liquid/fx_liquid.template?/rainkillbox.entitytemplate].pc_entityblueprint", "properties": {"m_mTransform": {"type": "SMatrix43", "value": {"rotation": {"x": -0.0, "y": 0.0, "z": -0.0}, "position": {"x": -163.1177062988, "y": 35.1450195312, "z": 8.4124917984}}}, "m_vGlobalSize": {"type": "SVector3", "value": {"x": 37.077598571799996, "y": 10.2439699173, "z": 7.3814299106}}, "m_eidParent": {"type": "SEntityTemplateReference", "value": "fffffffffffffffe"}}, "postInitProperties": {}, "editorOnly": false, "platformSpecificPropertyValues": []}}, {"op": "add", "path": "/entities/664e56ec83cb4e1b", "value": {"parent": "56d67ae4fb571c05", "name": "RainKillBox For 286_Basement_Storage_A", "template": "[assembly:/_pro/effects/templates/liquid/fx_liquid.template?/rainkillbox.entitytemplate].pc_entitytype", "blueprint": "[assembly:/_pro/effects/templates/liquid/fx_liquid.template?/rainkillbox.entitytemplate].pc_entityblueprint", "properties": {"m_mTransform": {"type": "SMatrix43", "value": {"rotation": {"x": -0.0, "y": 0.0, "z": -0.0}, "position": {"x": -221.4660949707, "y": -7.8086490631, "z": -2.3865880966}}}, "m_vGlobalSize": {"type": "SVector3", "value": {"x": 14.238590240399999, "y": 17.343590259499997, "z": 4.8747999667999995}}, "m_eidParent": {"type": "SEntityTemplateReference", "value": "fffffffffffffffe"}}, "postInitProperties": {}, "editorOnly": false, "platformSpecificPropertyValues": []}}, {"op": "add", "path": "/entities/beebc2b16cf550da", "value": {"parent": "56d67ae4fb571c05", "name": "RainKillBox For 216_1st_ModelsRoom_A", "template": "[assembly:/_pro/effects/templates/liquid/fx_liquid.template?/rainkillbox.entitytemplate].pc_entitytype", "blueprint": "[assembly:/_pro/effects/templates/liquid/fx_liquid.template?/rainkillbox.entitytemplate].pc_entityblueprint", "properties": {"m_mTransform": {"type": "SMatrix43", "value": {"rotation": {"x": -0.0, "y": 0.0, "z": -0.0}, "position": {"x": -206.1121063232, "y": -9.6478176117, "z": 2.2737789154}}}, "m_vGlobalSize": {"type": "SVector3", "value": {"x": 39.984600067100004, "y": 23.047300338699998, "z": 8.1245098114}}, "m_eidParent": {"type": "SEntityTemplateReference", "value": "fffffffffffffffe"}}, "postInitProperties": {}, "editorOnly": false, "platformSpecificPropertyValues": []}}, {"op": "add", "path": "/entities/ab0b7615791907e3", "value": {"parent": "56d67ae4fb571c05", "name": "RainKillBox For 236_2nd_Bathroom", "template": "[assembly:/_pro/effects/templates/liquid/fx_liquid.template?/rainkillbox.entitytemplate].pc_entitytype", "blueprint": "[assembly:/_pro/effects/templates/liquid/fx_liquid.template?/rainkillbox.entitytemplate].pc_entityblueprint", "properties": {"m_mTransform": {"type": "SMatrix43", "value": {"rotation": {"x": -0.0, "y": 0.0, "z": -0.0}, "position": {"x": -178.4485015869, "y": 44.7806396484, "z": 8.3979911804}}}, "m_vGlobalSize": {"type": "SVector3", "value": {"x": 7.4852602481999995, "y": 12.3670401573, "z": 7.1515498161}}, "m_eidParent": {"type": "SEntityTemplateReference", "value": "fffffffffffffffe"}}, "postInitProperties": {}, "editorOnly": false, "platformSpecificPropertyValues": []}}, {"op": "add", "path": "/entities/d8b273d2cd5db5bf", "value": {"parent": "56d67ae4fb571c05", "name": "RainKillBox For 241_2nd_Corridor_A", "template": "[assembly:/_pro/effects/templates/liquid/fx_liquid.template?/rainkillbox.entitytemplate].pc_entitytype", "blueprint": "[assembly:/_pro/effects/templates/liquid/fx_liquid.template?/rainkillbox.entitytemplate].pc_entityblueprint", "properties": {"m_mTransform": {"type": "SMatrix43", "value": {"rotation": {"x": -0.0, "y": 0.0, "z": -0.0}, "position": {"x": -177.6446990967, "y": -15.3221197128, "z": 8.4003372192}}}, "m_vGlobalSize": {"type": "SVector3", "value": {"x": 7.4031300544, "y": 22.536359310199998, "z": 7.775930047}}, "m_eidParent": {"type": "SEntityTemplateReference", "value": "fffffffffffffffe"}}, "postInitProperties": {}, "editorOnly": false, "platformSpecificPropertyValues": []}}, {"op": "add", "path": "/entities/f8ff534739a1fd47", "value": {"parent": "56d67ae4fb571c05", "name": "RainKillBox For 223_1st2nd3rd_StairCase_Back", "template": "[assembly:/_pro/effects/templates/liquid/fx_liquid.template?/rainkillbox.entitytemplate].pc_entitytype", "blueprint": "[assembly:/_pro/effects/templates/liquid/fx_liquid.template?/rainkillbox.entitytemplate].pc_entityblueprint", "properties": {"m_mTransform": {"type": "SMatrix43", "value": {"rotation": {"x": -0.0, "y": 0.0, "z": -0.0}, "position": {"x": -233.5115966797, "y": 12.3284702301, "z": 2.5474851131}}}, "m_vGlobalSize": {"type": "SVector3", "value": {"x": 6.096089839999999, "y": 14.3069500923, "z": 20.5696897506}}, "m_eidParent": {"type": "SEntityTemplateReference", "value": "fffffffffffffffe"}}, "postInitProperties": {}, "editorOnly": false, "platformSpecificPropertyValues": []}}, {"op": "add", "path": "/entities/74d30d2f2abde888", "value": {"parent": "56d67ae4fb571c05", "name": "RainKillBox For Room Include for 253_3rd_Attic_Right (75933)", "template": "[assembly:/_pro/effects/templates/liquid/fx_liquid.template?/rainkillbox.entitytemplate].pc_entitytype", "blueprint": "[assembly:/_pro/effects/templates/liquid/fx_liquid.template?/rainkillbox.entitytemplate].pc_entityblueprint", "properties": {"m_mTransform": {"type": "SMatrix43", "value": {"rotation": {"x": -0.0, "y": 0.0, "z": -0.0}, "position": {"x": -185.245, "y": 3.96279, "z": 17.6278}}}, "m_vGlobalSize": {"type": "SVector3", "value": {"x": 8.1459197998, "y": 1.4893200397, "z": 4.5553002357}}, "m_eidParent": {"type": "SEntityTemplateReference", "value": "fffffffffffffffe"}}, "postInitProperties": {}, "editorOnly": false, "platformSpecificPropertyValues": []}}, {"op": "add", "path": "/entities/96458219e3c1bee7", "value": {"parent": "56d67ae4fb571c05", "name": "RainKillBox For Room Include for 223_1st2nd3rd_StairCase_Back (69106)", "template": "[assembly:/_pro/effects/templates/liquid/fx_liquid.template?/rainkillbox.entitytemplate].pc_entitytype", "blueprint": "[assembly:/_pro/effects/templates/liquid/fx_liquid.template?/rainkillbox.entitytemplate].pc_entityblueprint", "properties": {"m_mTransform": {"type": "SMatrix43", "value": {"rotation": {"x": -0.0, "y": 0.0, "z": -0.0}, "position": {"x": -233.661, "y": 5.53905, "z": 10.9964}}}, "m_vGlobalSize": {"type": "SVector3", "value": {"x": 6.3312802315, "y": 2.8475599289, "z": 7.256649971}}, "m_eidParent": {"type": "SEntityTemplateReference", "value": "fffffffffffffffe"}}, "postInitProperties": {}, "editorOnly": false, "platformSpecificPropertyValues": []}}, {"op": "add", "path": "/entities/b6fd96c9670d8729", "value": {"parent": "56d67ae4fb571c05", "name": "RainKillBox For Room Include for 280_Basement_Wine_Cell_A (54630)", "template": "[assembly:/_pro/effects/templates/liquid/fx_liquid.template?/rainkillbox.entitytemplate].pc_entitytype", "blueprint": "[assembly:/_pro/effects/templates/liquid/fx_liquid.template?/rainkillbox.entitytemplate].pc_entityblueprint", "properties": {"m_mTransform": {"type": "SMatrix43", "value": {"rotation": {"x": -0.0, "y": 0.0, "z": -0.0}, "position": {"x": -241.497, "y": 22.5392, "z": -3.60716}}}, "m_vGlobalSize": {"type": "SVector3", "value": {"x": 8.3934402466, "y": 6.8084101677, "z": 4.1862502098}}, "m_eidParent": {"type": "SEntityTemplateReference", "value": "fffffffffffffffe"}}, "postInitProperties": {}, "editorOnly": false, "platformSpecificPropertyValues": []}}, {"op": "add", "path": "/entities/e3bb1a1e66f52561", "value": {"parent": "56d67ae4fb571c05", "name": "RainKillBox For 265_3rd_Corridor_B", "template": "[assembly:/_pro/effects/templates/liquid/fx_liquid.template?/rainkillbox.entitytemplate].pc_entitytype", "blueprint": "[assembly:/_pro/effects/templates/liquid/fx_liquid.template?/rainkillbox.entitytemplate].pc_entityblueprint", "properties": {"m_mTransform": {"type": "SMatrix43", "value": {"rotation": {"x": -0.0, "y": 0.0, "z": -0.0}, "position": {"x": -246.6011047363, "y": 1.132627964, "z": 16.4199008942}}}, "m_vGlobalSize": {"type": "SVector3", "value": {"x": 19.590129852300002, "y": 7.1781198978, "z": 5.1316599846}}, "m_eidParent": {"type": "SEntityTemplateReference", "value": "fffffffffffffffe"}}, "postInitProperties": {}, "editorOnly": false, "platformSpecificPropertyValues": []}}, {"op": "add", "path": "/entities/0aeb06fe808a3623", "value": {"parent": "56d67ae4fb571c05", "name": "RainKillBox For 289_Basement_Storage_D", "template": "[assembly:/_pro/effects/templates/liquid/fx_liquid.template?/rainkillbox.entitytemplate].pc_entitytype", "blueprint": "[assembly:/_pro/effects/templates/liquid/fx_liquid.template?/rainkillbox.entitytemplate].pc_entityblueprint", "properties": {"m_mTransform": {"type": "SMatrix43", "value": {"rotation": {"x": -0.0, "y": 0.0, "z": -0.0}, "position": {"x": -239.4329986572, "y": 12.2866802216, "z": -2.3233380318}}}, "m_vGlobalSize": {"type": "SVector3", "value": {"x": 8.7160089016, "y": 14.0178627968, "z": 4.3216719627}}, "m_eidParent": {"type": "SEntityTemplateReference", "value": "fffffffffffffffe"}}, "postInitProperties": {}, "editorOnly": false, "platformSpecificPropertyValues": []}}, {"op": "add", "path": "/entities/889d3e67f760c9db", "value": {"parent": "56d67ae4fb571c05", "name": "RainKillBox For 251_3rd_Bathroom", "template": "[assembly:/_pro/effects/templates/liquid/fx_liquid.template?/rainkillbox.entitytemplate].pc_entitytype", "blueprint": "[assembly:/_pro/effects/templates/liquid/fx_liquid.template?/rainkillbox.entitytemplate].pc_entityblueprint", "properties": {"m_mTransform": {"type": "SMatrix43", "value": {"rotation": {"x": -0.0, "y": 0.0, "z": -0.0}, "position": {"x": -227.0816040039, "y": 22.3920097351, "z": 16.4107208252}}}, "m_vGlobalSize": {"type": "SVector3", "value": {"x": 9.2846302986, "y": 8.1194097996, "z": 5.146299839}}, "m_eidParent": {"type": "SEntityTemplateReference", "value": "fffffffffffffffe"}}, "postInitProperties": {}, "editorOnly": false, "platformSpecificPropertyValues": []}}, {"op": "add", "path": "/entities/9f14822541ce86fc", "value": {"parent": "56d67ae4fb571c05", "name": "RainKillBox For 205_1st_Toilet_B", "template": "[assembly:/_pro/effects/templates/liquid/fx_liquid.template?/rainkillbox.entitytemplate].pc_entitytype", "blueprint": "[assembly:/_pro/effects/templates/liquid/fx_liquid.template?/rainkillbox.entitytemplate].pc_entityblueprint", "properties": {"m_mTransform": {"type": "SMatrix43", "value": {"rotation": {"x": -0.0, "y": 0.0, "z": -0.0}, "position": {"x": -173.3876037598, "y": -7.5597949028, "z": 0.6126340032}}}, "m_vGlobalSize": {"type": "SVector3", "value": {"x": 4.0886139273, "y": 4.6334900856, "z": 7.5620198249}}, "m_eidParent": {"type": "SEntityTemplateReference", "value": "fffffffffffffffe"}}, "postInitProperties": {}, "editorOnly": false, "platformSpecificPropertyValues": []}}, {"op": "add", "path": "/entities/bc0fb399dbcd7787", "value": {"parent": "56d67ae4fb571c05", "name": "RainKillBox For 233_2nd_Cabinet_B", "template": "[assembly:/_pro/effects/templates/liquid/fx_liquid.template?/rainkillbox.entitytemplate].pc_entitytype", "blueprint": "[assembly:/_pro/effects/templates/liquid/fx_liquid.template?/rainkillbox.entitytemplate].pc_entityblueprint", "properties": {"m_mTransform": {"type": "SMatrix43", "value": {"rotation": {"x": -0.0, "y": 0.0, "z": -0.0}, "position": {"x": -216.9918060303, "y": 37.5785484314, "z": 8.4125537872}}}, "m_vGlobalSize": {"type": "SVector3", "value": {"x": 11.9241299629, "y": 22.239979744, "z": 7.0829100609}}, "m_eidParent": {"type": "SEntityTemplateReference", "value": "fffffffffffffffe"}}, "postInitProperties": {}, "editorOnly": false, "platformSpecificPropertyValues": []}}, {"op": "add", "path": "/entities/68d12596c5f33bcf", "value": {"parent": "56d67ae4fb571c05", "name": "RainKillBox For 222_1st_Entrance_Back", "template": "[assembly:/_pro/effects/templates/liquid/fx_liquid.template?/rainkillbox.entitytemplate].pc_entitytype", "blueprint": "[assembly:/_pro/effects/templates/liquid/fx_liquid.template?/rainkillbox.entitytemplate].pc_entityblueprint", "properties": {"m_mTransform": {"type": "SMatrix43", "value": {"rotation": {"x": -0.0, "y": 0.0, "z": -0.0}, "position": {"x": -247.4416046143, "y": -0.474022001, "z": 0.3896250129}}}, "m_vGlobalSize": {"type": "SVector3", "value": {"x": 11.592720031799999, "y": 67.3980007171, "z": 8.043089866599999}}, "m_eidParent": {"type": "SEntityTemplateReference", "value": "fffffffffffffffe"}}, "postInitProperties": {}, "editorOnly": false, "platformSpecificPropertyValues": []}}, {"op": "add", "path": "/entities/160cb525b55bdb89", "value": {"parent": "56d67ae4fb571c05", "name": "RainKillBox For Room Include for 280_Basement_Wine_Cell_A (54630)", "template": "[assembly:/_pro/effects/templates/liquid/fx_liquid.template?/rainkillbox.entitytemplate].pc_entitytype", "blueprint": "[assembly:/_pro/effects/templates/liquid/fx_liquid.template?/rainkillbox.entitytemplate].pc_entityblueprint", "properties": {"m_mTransform": {"type": "SMatrix43", "value": {"rotation": {"x": -0.0, "y": 0.0, "z": -0.0}, "position": {"x": -239.946, "y": 26.7405, "z": -3.60716}}}, "m_vGlobalSize": {"type": "SVector3", "value": {"x": 5.2058200836, "y": 2.1167299747, "z": 4.1862502098}}, "m_eidParent": {"type": "SEntityTemplateReference", "value": "fffffffffffffffe"}}, "postInitProperties": {}, "editorOnly": false, "platformSpecificPropertyValues": []}}, {"op": "add", "path": "/entities/fd8da880b2460ad5", "value": {"parent": "56d67ae4fb571c05", "name": "RainKillBox For 230_2nd_Corridor_C", "template": "[assembly:/_pro/effects/templates/liquid/fx_liquid.template?/rainkillbox.entitytemplate].pc_entitytype", "blueprint": "[assembly:/_pro/effects/templates/liquid/fx_liquid.template?/rainkillbox.entitytemplate].pc_entityblueprint", "properties": {"m_mTransform": {"type": "SMatrix43", "value": {"rotation": {"x": -0.0, "y": 0.0, "z": -0.0}, "position": {"x": -232.5691986084, "y": 1.4767349958, "z": 8.4470386505}}}, "m_vGlobalSize": {"type": "SVector3", "value": {"x": 7.375660181, "y": 4.7334098816, "z": 7.1951202154}}, "m_eidParent": {"type": "SEntityTemplateReference", "value": "fffffffffffffffe"}}, "postInitProperties": {}, "editorOnly": false, "platformSpecificPropertyValues": []}}, {"op": "add", "path": "/entities/9b5ecb70e5a627da", "value": {"parent": "56d67ae4fb571c05", "name": "RainKillBox For 283_Basement_Corridor_A", "template": "[assembly:/_pro/effects/templates/liquid/fx_liquid.template?/rainkillbox.entitytemplate].pc_entitytype", "blueprint": "[assembly:/_pro/effects/templates/liquid/fx_liquid.template?/rainkillbox.entitytemplate].pc_entityblueprint", "properties": {"m_mTransform": {"type": "SMatrix43", "value": {"rotation": {"x": -0.0, "y": 0.0, "z": -0.0}, "position": {"x": -223.3822021484, "y": 1.9777200222, "z": -1.5421799421}}}, "m_vGlobalSize": {"type": "SVector3", "value": {"x": 14.1213998795, "y": 6.9390900134999995, "z": 4.3840568811}}, "m_eidParent": {"type": "SEntityTemplateReference", "value": "fffffffffffffffe"}}, "postInitProperties": {}, "editorOnly": false, "platformSpecificPropertyValues": []}}, {"op": "add", "path": "/entities/1b9bfa9774b6f2dc", "value": {"parent": "56d67ae4fb571c05", "name": "RainKillBox For 203_1st_Corridor_A", "template": "[assembly:/_pro/effects/templates/liquid/fx_liquid.template?/rainkillbox.entitytemplate].pc_entitytype", "blueprint": "[assembly:/_pro/effects/templates/liquid/fx_liquid.template?/rainkillbox.entitytemplate].pc_entityblueprint", "properties": {"m_mTransform": {"type": "SMatrix43", "value": {"rotation": {"x": -0.0, "y": 0.0, "z": -0.0}, "position": {"x": -169.6506958008, "y": -3.4604649544, "z": 0.8389289975}}}, "m_vGlobalSize": {"type": "SVector3", "value": {"x": 9.178520202600001, "y": 4.6636898517, "z": 7.7288300991}}, "m_eidParent": {"type": "SEntityTemplateReference", "value": "fffffffffffffffe"}}, "postInitProperties": {}, "editorOnly": false, "platformSpecificPropertyValues": []}}, {"op": "add", "path": "/entities/f9262bdaf7741412", "value": {"parent": "56d67ae4fb571c05", "name": "RainKillBox For 267_3rd_Lounge_A", "template": "[assembly:/_pro/effects/templates/liquid/fx_liquid.template?/rainkillbox.entitytemplate].pc_entitytype", "blueprint": "[assembly:/_pro/effects/templates/liquid/fx_liquid.template?/rainkillbox.entitytemplate].pc_entityblueprint", "properties": {"m_mTransform": {"type": "SMatrix43", "value": {"rotation": {"x": -0.0, "y": 0.0, "z": -0.0}, "position": {"x": -242.1652984619, "y": 39.8718605042, "z": 15.4672002792}}}, "m_vGlobalSize": {"type": "SVector3", "value": {"x": 8.658609867100001, "y": 13.4698200226, "z": 5.0777530372}}, "m_eidParent": {"type": "SEntityTemplateReference", "value": "fffffffffffffffe"}}, "postInitProperties": {}, "editorOnly": false, "platformSpecificPropertyValues": []}}, {"op": "add", "path": "/entities/330c145eee57f9f1", "value": {"parent": "56d67ae4fb571c05", "name": "RainKillBox For 315_Archways", "template": "[assembly:/_pro/effects/templates/liquid/fx_liquid.template?/rainkillbox.entitytemplate].pc_entitytype", "blueprint": "[assembly:/_pro/effects/templates/liquid/fx_liquid.template?/rainkillbox.entitytemplate].pc_entityblueprint", "properties": {"m_mTransform": {"type": "SMatrix43", "value": {"rotation": {"x": -0.0, "y": 0.0, "z": -0.0}, "position": {"x": -283.5303039551, "y": 68.4529266357, "z": -7.3068361282}}}, "m_vGlobalSize": {"type": "SVector3", "value": {"x": 33.2669405937, "y": 8.84897995, "z": 5.3529408575}}, "m_eidParent": {"type": "SEntityTemplateReference", "value": "fffffffffffffffe"}}, "postInitProperties": {}, "editorOnly": false, "platformSpecificPropertyValues": []}}, {"op": "add", "path": "/entities/6a8e25ecdf135ff5", "value": {"parent": "56d67ae4fb571c05", "name": "RainKillBox For 212_1st_Toilet_C", "template": "[assembly:/_pro/effects/templates/liquid/fx_liquid.template?/rainkillbox.entitytemplate].pc_entitytype", "blueprint": "[assembly:/_pro/effects/templates/liquid/fx_liquid.template?/rainkillbox.entitytemplate].pc_entityblueprint", "properties": {"m_mTransform": {"type": "SMatrix43", "value": {"rotation": {"x": -0.0, "y": 0.0, "z": -0.0}, "position": {"x": -172.2404937744, "y": 36.6008682251, "z": 0.4157469869}}}, "m_vGlobalSize": {"type": "SVector3", "value": {"x": 3.9054050446, "y": 5.1863790751, "z": 7.5691299438}}, "m_eidParent": {"type": "SEntityTemplateReference", "value": "fffffffffffffffe"}}, "postInitProperties": {}, "editorOnly": false, "platformSpecificPropertyValues": []}}, {"op": "add", "path": "/entities/b5cb726f4c5d58b1", "value": {"parent": "56d67ae4fb571c05", "name": "RainKillBox For 215_1st_BanketRoom_A", "template": "[assembly:/_pro/effects/templates/liquid/fx_liquid.template?/rainkillbox.entitytemplate].pc_entitytype", "blueprint": "[assembly:/_pro/effects/templates/liquid/fx_liquid.template?/rainkillbox.entitytemplate].pc_entityblueprint", "properties": {"m_mTransform": {"type": "SMatrix43", "value": {"rotation": {"x": -0.0, "y": 0.0, "z": -0.0}, "position": {"x": -193.0563964844, "y": 41.88048172, "z": 0.4570629895}}}, "m_vGlobalSize": {"type": "SVector3", "value": {"x": 40.0215005875, "y": 23.156000137299998, "z": 7.8188402653}}, "m_eidParent": {"type": "SEntityTemplateReference", "value": "fffffffffffffffe"}}, "postInitProperties": {}, "editorOnly": false, "platformSpecificPropertyValues": []}}, {"op": "add", "path": "/entities/eef8fddb54704e9c", "value": {"parent": "56d67ae4fb571c05", "name": "RainKillBox For 238_2nd_Bedroom_A", "template": "[assembly:/_pro/effects/templates/liquid/fx_liquid.template?/rainkillbox.entitytemplate].pc_entitytype", "blueprint": "[assembly:/_pro/effects/templates/liquid/fx_liquid.template?/rainkillbox.entitytemplate].pc_entityblueprint", "properties": {"m_mTransform": {"type": "SMatrix43", "value": {"rotation": {"x": -0.0, "y": 0.0, "z": -0.0}, "position": {"x": -140.4647979736, "y": 31.9861297607, "z": 8.3975458145}}}, "m_vGlobalSize": {"type": "SVector3", "value": {"x": 15.8646497726, "y": 12.9895401001, "z": 7.0830730796}}, "m_eidParent": {"type": "SEntityTemplateReference", "value": "fffffffffffffffe"}}, "postInitProperties": {}, "editorOnly": false, "platformSpecificPropertyValues": []}}, {"op": "add", "path": "/entities/be8d72dbbd817ba7", "value": {"parent": "56d67ae4fb571c05", "name": "RainKillBox For 245_2nd_StairCase_D", "template": "[assembly:/_pro/effects/templates/liquid/fx_liquid.template?/rainkillbox.entitytemplate].pc_entitytype", "blueprint": "[assembly:/_pro/effects/templates/liquid/fx_liquid.template?/rainkillbox.entitytemplate].pc_entityblueprint", "properties": {"m_mTransform": {"type": "SMatrix43", "value": {"rotation": {"x": -0.0, "y": 0.0, "z": -0.0}, "position": {"x": -247.1130981445, "y": -12.783490181, "z": 8.4592428207}}}, "m_vGlobalSize": {"type": "SVector3", "value": {"x": 15.5436797142, "y": 16.2553100586, "z": 7.4931899309}}, "m_eidParent": {"type": "SEntityTemplateReference", "value": "fffffffffffffffe"}}, "postInitProperties": {}, "editorOnly": false, "platformSpecificPropertyValues": []}}, {"op": "add", "path": "/entities/354cd0b965cc2d1e", "value": {"parent": "56d67ae4fb571c05", "name": "RainKillBox For Room Include for 285_Basement_Kitchen (69107)", "template": "[assembly:/_pro/effects/templates/liquid/fx_liquid.template?/rainkillbox.entitytemplate].pc_entitytype", "blueprint": "[assembly:/_pro/effects/templates/liquid/fx_liquid.template?/rainkillbox.entitytemplate].pc_entityblueprint", "properties": {"m_mTransform": {"type": "SMatrix43", "value": {"rotation": {"x": -0.0, "y": 0.0, "z": -0.0}, "position": {"x": -240.875, "y": 4.80083, "z": -3.76909}}}, "m_vGlobalSize": {"type": "SVector3", "value": {"x": 5.5268502235, "y": 1.1850899458, "z": 4.5402698517}}, "m_eidParent": {"type": "SEntityTemplateReference", "value": "fffffffffffffffe"}}, "postInitProperties": {}, "editorOnly": false, "platformSpecificPropertyValues": []}}, {"op": "add", "path": "/entities/56d67ae4fb571c05", "value": {"parent": "fffffffffffffffe", "name": "Rain Effects", "template": "[modules:/zentity.class].pc_entitytype", "blueprint": "[modules:/zentity.class].pc_entityblueprint", "properties": {}, "postInitProperties": {}, "editorOnly": false, "platformSpecificPropertyValues": [], "propertyAliases": []}}, {"op": "add", "path": "/entities/cc58b07c6c627f13", "value": {"parent": "56d67ae4fb571c05", "name": "HitmanRainWetLogic", "template": "00FDB8565FFAA61A", "blueprint": "00609605E8B31DA5", "properties": {}, "postInitProperties": {"DryVolumes": {"type": "TArray<SEntityTemplateReference>", "value": [{"ref": "05e82afe1a89c907", "externalScene": null, "exposedEntity": "NotInRain"}, {"ref": "3d1d9cc94085545b", "externalScene": null, "exposedEntity": "NotInRain"}, {"ref": "ef05bf1364a99035", "externalScene": null, "exposedEntity": "NotInRain"}, {"ref": "94afdb7be518f004", "externalScene": null, "exposedEntity": "NotInRain"}, {"ref": "4ab295c0f2884fff", "externalScene": null, "exposedEntity": "NotInRain"}, {"ref": "2949f241009b416e", "externalScene": null, "exposedEntity": "NotInRain"}, {"ref": "d08907b0c4aabef0", "externalScene": null, "exposedEntity": "NotInRain"}, {"ref": "8431b07ba3b4066a", "externalScene": null, "exposedEntity": "NotInRain"}, {"ref": "d8b273d2cd5db5bf", "externalScene": null, "exposedEntity": "NotInRain"}, {"ref": "a13254d7bbf975d8", "externalScene": null, "exposedEntity": "NotInRain"}, {"ref": "b6fd96c9670d8729", "externalScene": null, "exposedEntity": "NotInRain"}, {"ref": "160cb525b55bdb89", "externalScene": null, "exposedEntity": "NotInRain"}, {"ref": "1d666a68c4baab08", "externalScene": null, "exposedEntity": "NotInRain"}, {"ref": "edfbe3928fc0decc", "externalScene": null, "exposedEntity": "NotInRain"}, {"ref": "af42b975a64f9767", "externalScene": null, "exposedEntity": "NotInRain"}, {"ref": "beebc2b16cf550da", "externalScene": null, "exposedEntity": "NotInRain"}, {"ref": "20d868c66849ba58", "externalScene": null, "exposedEntity": "NotInRain"}, {"ref": "eef8fddb54704e9c", "externalScene": null, "exposedEntity": "NotInRain"}, {"ref": "87df27adeebf6658", "externalScene": null, "exposedEntity": "NotInRain"}, {"ref": "1a83d2768a4ef539", "externalScene": null, "exposedEntity": "NotInRain"}, {"ref": "2a4057307408785a", "externalScene": null, "exposedEntity": "NotInRain"}, {"ref": "905294eb17cb75e2", "externalScene": null, "exposedEntity": "NotInRain"}, {"ref": "4217f5e6ae68c3f0", "externalScene": null, "exposedEntity": "NotInRain"}, {"ref": "481645087f3b478e", "externalScene": null, "exposedEntity": "NotInRain"}, {"ref": "ab0b7615791907e3", "externalScene": null, "exposedEntity": "NotInRain"}, {"ref": "233b0570f1d806f2", "externalScene": null, "exposedEntity": "NotInRain"}, {"ref": "aaa0b84dc7f8a8aa", "externalScene": null, "exposedEntity": "NotInRain"}, {"ref": "47cc4dff2afd2a8b", "externalScene": null, "exposedEntity": "NotInRain"}, {"ref": "e54e584b44a140eb", "externalScene": null, "exposedEntity": "NotInRain"}, {"ref": "667121f6b4f36ad3", "externalScene": null, "exposedEntity": "NotInRain"}, {"ref": "c51e790b3abb6ea2", "externalScene": null, "exposedEntity": "NotInRain"}, {"ref": "7b0fb393be429dc2", "externalScene": null, "exposedEntity": "NotInRain"}, {"ref": "45542b21675e5f20", "externalScene": null, "exposedEntity": "NotInRain"}, {"ref": "b3806351f5496407", "externalScene": null, "exposedEntity": "NotInRain"}, {"ref": "f8ff534739a1fd47", "externalScene": null, "exposedEntity": "NotInRain"}, {"ref": "96458219e3c1bee7", "externalScene": null, "exposedEntity": "NotInRain"}, {"ref": "1abb9397be39bff3", "externalScene": null, "exposedEntity": "NotInRain"}, {"ref": "354cd0b965cc2d1e", "externalScene": null, "exposedEntity": "NotInRain"}, {"ref": "a8fd40f265fd571b", "externalScene": null, "exposedEntity": "NotInRain"}, {"ref": "2aa64bd9ad977375", "externalScene": null, "exposedEntity": "NotInRain"}, {"ref": "eeafd41c33d652fe", "externalScene": null, "exposedEntity": "NotInRain"}, {"ref": "f9262bdaf7741412", "externalScene": null, "exposedEntity": "NotInRain"}, {"ref": "bcf1b55a565326d9", "externalScene": null, "exposedEntity": "NotInRain"}, {"ref": "be8d72dbbd817ba7", "externalScene": null, "exposedEntity": "NotInRain"}, {"ref": "68d12596c5f33bcf", "externalScene": null, "exposedEntity": "NotInRain"}, {"ref": "9204e326a589243a", "externalScene": null, "exposedEntity": "NotInRain"}, {"ref": "f466bf4a543da1d7", "externalScene": null, "exposedEntity": "NotInRain"}, {"ref": "330c145eee57f9f1", "externalScene": null, "exposedEntity": "NotInRain"}, {"ref": "62624f056a8e0cc1", "externalScene": null, "exposedEntity": "NotInRain"}, {"ref": "deba1cf5bb778a9c", "externalScene": null, "exposedEntity": "NotInRain"}, {"ref": "720ffb3901e0498a", "externalScene": null, "exposedEntity": "NotInRain"}, {"ref": "bc0fb399dbcd7787", "externalScene": null, "exposedEntity": "NotInRain"}, {"ref": "9f14822541ce86fc", "externalScene": null, "exposedEntity": "NotInRain"}, {"ref": "0aeb06fe808a3623", "externalScene": null, "exposedEntity": "NotInRain"}, {"ref": "62c3fee7734b1d89", "externalScene": null, "exposedEntity": "NotInRain"}, {"ref": "bc1191ac17425310", "externalScene": null, "exposedEntity": "NotInRain"}, {"ref": "0dfd5405dd322a10", "externalScene": null, "exposedEntity": "NotInRain"}, {"ref": "ff7f3a1a4fdf01f0", "externalScene": null, "exposedEntity": "NotInRain"}, {"ref": "e3bb1a1e66f52561", "externalScene": null, "exposedEntity": "NotInRain"}, {"ref": "b5cb726f4c5d58b1", "externalScene": null, "exposedEntity": "NotInRain"}, {"ref": "7d3140c07f4d0068", "externalScene": null, "exposedEntity": "NotInRain"}, {"ref": "57b09d7d0307d381", "externalScene": null, "exposedEntity": "NotInRain"}, {"ref": "0fa89f08d2d79599", "externalScene": null, "exposedEntity": "NotInRain"}, {"ref": "664e56ec83cb4e1b", "externalScene": null, "exposedEntity": "NotInRain"}, {"ref": "696fda64f5d50330", "externalScene": null, "exposedEntity": "NotInRain"}, {"ref": "d1b6cc9b6f4be318", "externalScene": null, "exposedEntity": "NotInRain"}, {"ref": "6a8e25ecdf135ff5", "externalScene": null, "exposedEntity": "NotInRain"}, {"ref": "09f32a3a3c8e054f", "externalScene": null, "exposedEntity": "NotInRain"}, {"ref": "8e660b7a9b4ec314", "externalScene": null, "exposedEntity": "NotInRain"}, {"ref": "9b5ecb70e5a627da", "externalScene": null, "exposedEntity": "NotInRain"}, {"ref": "3d98258d3858d8c3", "externalScene": null, "exposedEntity": "NotInRain"}, {"ref": "46bc069d66e496fb", "externalScene": null, "exposedEntity": "NotInRain"}, {"ref": "e31ed39c7b7981cf", "externalScene": null, "exposedEntity": "NotInRain"}, {"ref": "74d30d2f2abde888", "externalScene": null, "exposedEntity": "NotInRain"}, {"ref": "889d3e67f760c9db", "externalScene": null, "exposedEntity": "NotInRain"}, {"ref": "3ebebfbedaa259ac", "externalScene": null, "exposedEntity": "NotInRain"}, {"ref": "9d57cc8e6c63f620", "externalScene": null, "exposedEntity": "NotInRain"}, {"ref": "107f907cd29a1bf6", "externalScene": null, "exposedEntity": "NotInRain"}, {"ref": "c7bf84d1cff4c5e2", "externalScene": null, "exposedEntity": "NotInRain"}, {"ref": "3a228c5b07a26ac2", "externalScene": null, "exposedEntity": "NotInRain"}, {"ref": "031f28acfdbeb089", "externalScene": null, "exposedEntity": "NotInRain"}, {"ref": "9307babd407c0f9e", "externalScene": null, "exposedEntity": "NotInRain"}, {"ref": "bc55bfa67ef9e94e", "externalScene": null, "exposedEntity": "NotInRain"}, {"ref": "4f2771ae77950de2", "externalScene": null, "exposedEntity": "NotInRain"}, {"ref": "fd8da880b2460ad5", "externalScene": null, "exposedEntity": "NotInRain"}, {"ref": "cc359e92d19fa5b2", "externalScene": null, "exposedEntity": "NotInRain"}, {"ref": "e4d1a56991a4c619", "externalScene": null, "exposedEntity": "NotInRain"}, {"ref": "5c4057ff387fa361", "externalScene": null, "exposedEntity": "NotInRain"}, {"ref": "9a62eda0eac97eee", "externalScene": null, "exposedEntity": "NotInRain"}, {"ref": "d5501cf6b91eb3a6", "externalScene": null, "exposedEntity": "NotInRain"}, {"ref": "e5fcc4aa4b89b34a", "externalScene": null, "exposedEntity": "NotInRain"}, {"ref": "24c3917c1a0b6d22", "externalScene": null, "exposedEntity": "NotInRain"}, {"ref": "178d7ebec19a9c57", "externalScene": null, "exposedEntity": "NotInRain"}, {"ref": "e7d3024fdd7a8310", "externalScene": null, "exposedEntity": "NotInRain"}, {"ref": "3749b1e760e6964c", "externalScene": null, "exposedEntity": "NotInRain"}, {"ref": "7477f263d69854fd", "externalScene": null, "exposedEntity": "NotInRain"}, {"ref": "347586ae66bc0d38", "externalScene": null, "exposedEntity": "NotInRain"}, {"ref": "2fd80b82a6d619eb", "externalScene": null, "exposedEntity": "NotInRain"}, {"ref": "04124c7aadacef91", "externalScene": null, "exposedEntity": "NotInRain"}, {"ref": "7dbc74db44de4c2b", "externalScene": null, "exposedEntity": "NotInRain"}, {"ref": "b5c0449296e78dc1", "externalScene": null, "exposedEntity": "NotInRain"}, {"ref": "1b9bfa9774b6f2dc", "externalScene": null, "exposedEntity": "NotInRain"}]}}, "editorOnly": false, "platformSpecificPropertyValues": []}}, {"op": "add", "path": "/entities/45542b21675e5f20", "value": {"parent": "56d67ae4fb571c05", "name": "RainKillBox For 221_1st_Corridor_C", "template": "[assembly:/_pro/effects/templates/liquid/fx_liquid.template?/rainkillbox.entitytemplate].pc_entitytype", "blueprint": "[assembly:/_pro/effects/templates/liquid/fx_liquid.template?/rainkillbox.entitytemplate].pc_entityblueprint", "properties": {"m_mTransform": {"type": "SMatrix43", "value": {"rotation": {"x": -0.0, "y": 0.0, "z": -0.0}, "position": {"x": -233.0973052979, "y": 27.0136203766, "z": 0.4418109953}}}, "m_vGlobalSize": {"type": "SVector3", "value": {"x": 11.8169002533, "y": 5.2885999679, "z": 7.6076599359}}, "m_eidParent": {"type": "SEntityTemplateReference", "value": "fffffffffffffffe"}}, "postInitProperties": {}, "editorOnly": false, "platformSpecificPropertyValues": []}}, {"op": "add", "path": "/entities/edfbe3928fc0decc", "value": {"parent": "56d67ae4fb571c05", "name": "RainKillBox For 287_Basement_Storage_B", "template": "[assembly:/_pro/effects/templates/liquid/fx_liquid.template?/rainkillbox.entitytemplate].pc_entitytype", "blueprint": "[assembly:/_pro/effects/templates/liquid/fx_liquid.template?/rainkillbox.entitytemplate].pc_entityblueprint", "properties": {"m_mTransform": {"type": "SMatrix43", "value": {"rotation": {"x": -0.0, "y": 0.0, "z": -0.0}, "position": {"x": -221.6222991943, "y": 39.8003883362, "z": -2.4033210278}}}, "m_vGlobalSize": {"type": "SVector3", "value": {"x": 17.0925998687, "y": 22.3691596985, "z": 4.3473100662}}, "m_eidParent": {"type": "SEntityTemplateReference", "value": "fffffffffffffffe"}}, "postInitProperties": {}, "editorOnly": false, "platformSpecificPropertyValues": []}}, {"op": "add", "path": "/entities/e5fcc4aa4b89b34a", "value": {"parent": "56d67ae4fb571c05", "name": "RainKillBox For 202_1st_Museum_Store", "template": "[assembly:/_pro/effects/templates/liquid/fx_liquid.template?/rainkillbox.entitytemplate].pc_entitytype", "blueprint": "[assembly:/_pro/effects/templates/liquid/fx_liquid.template?/rainkillbox.entitytemplate].pc_entityblueprint", "properties": {"m_mTransform": {"type": "SMatrix43", "value": {"rotation": {"x": -0.0, "y": 0.0, "z": -0.0}, "position": {"x": -137.3383026123, "y": 34.7136497498, "z": 3.210570097}}}, "m_vGlobalSize": {"type": "SVector3", "value": {"x": 19.4057202339, "y": 19.3131504059, "z": 7.875299930600001}}, "m_eidParent": {"type": "SEntityTemplateReference", "value": "fffffffffffffffe"}}, "postInitProperties": {}, "editorOnly": false, "platformSpecificPropertyValues": []}}, {"op": "add", "path": "/entities/bc55bfa67ef9e94e", "value": {"parent": "56d67ae4fb571c05", "name": "RainKillBox For Room Include for 200_1st_Entrance (76445)", "template": "[assembly:/_pro/effects/templates/liquid/fx_liquid.template?/rainkillbox.entitytemplate].pc_entitytype", "blueprint": "[assembly:/_pro/effects/templates/liquid/fx_liquid.template?/rainkillbox.entitytemplate].pc_entityblueprint", "properties": {"m_mTransform": {"type": "SMatrix43", "value": {"rotation": {"x": -0.0, "y": 0.0, "z": -0.0}, "position": {"x": -160.662, "y": 14.8881, "z": 3.45468}}}, "m_vGlobalSize": {"type": "SVector3", "value": {"x": 29.4708003998, "y": 21.7954998016, "z": 8.4185199738}}, "m_eidParent": {"type": "SEntityTemplateReference", "value": "fffffffffffffffe"}}, "postInitProperties": {}, "editorOnly": false, "platformSpecificPropertyValues": []}}, {"op": "add", "path": "/entities/e4d1a56991a4c619", "value": {"parent": "56d67ae4fb571c05", "name": "RainKillBox For 248_2nd_Corridor_D", "template": "[assembly:/_pro/effects/templates/liquid/fx_liquid.template?/rainkillbox.entitytemplate].pc_entitytype", "blueprint": "[assembly:/_pro/effects/templates/liquid/fx_liquid.template?/rainkillbox.entitytemplate].pc_entityblueprint", "properties": {"m_mTransform": {"type": "SMatrix43", "value": {"rotation": {"x": -0.0, "y": 0.0, "z": -0.0}, "position": {"x": -239.4579925537, "y": 15.5393104553, "z": 8.4257640839}}}, "m_vGlobalSize": {"type": "SVector3", "value": {"x": 4.0121999979, "y": 34.9375991822, "z": 7.552569866200001}}, "m_eidParent": {"type": "SEntityTemplateReference", "value": "fffffffffffffffe"}}, "postInitProperties": {}, "editorOnly": false, "platformSpecificPropertyValues": []}}, {"op": "add", "path": "/entities/af42b975a64f9767", "value": {"parent": "56d67ae4fb571c05", "name": "RainKillBox For 224_1st_Toilet_E", "template": "[assembly:/_pro/effects/templates/liquid/fx_liquid.template?/rainkillbox.entitytemplate].pc_entitytype", "blueprint": "[assembly:/_pro/effects/templates/liquid/fx_liquid.template?/rainkillbox.entitytemplate].pc_entityblueprint", "properties": {"m_mTransform": {"type": "SMatrix43", "value": {"rotation": {"x": -0.0, "y": 0.0, "z": 180.0}, "position": {"x": -233.7196960449, "y": 22.2595901489, "z": 0.4275650084}}}, "m_vGlobalSize": {"type": "SVector3", "value": {"x": 5.1837599278, "y": 4.9356801509, "z": 5.1463599205}}, "m_eidParent": {"type": "SEntityTemplateReference", "value": "fffffffffffffffe"}}, "postInitProperties": {}, "editorOnly": false, "platformSpecificPropertyValues": []}}, {"op": "add", "path": "/entities/2949f241009b416e", "value": {"parent": "56d67ae4fb571c05", "name": "RainKillBox For 258_3rd_Attic_Room_C", "template": "[assembly:/_pro/effects/templates/liquid/fx_liquid.template?/rainkillbox.entitytemplate].pc_entitytype", "blueprint": "[assembly:/_pro/effects/templates/liquid/fx_liquid.template?/rainkillbox.entitytemplate].pc_entityblueprint", "properties": {"m_mTransform": {"type": "SMatrix43", "value": {"rotation": {"x": -0.0, "y": 0.0, "z": -0.0}, "position": {"x": -136.9317932129, "y": -6.5704441071, "z": 16.391450882}}}, "m_vGlobalSize": {"type": "SVector3", "value": {"x": 16.3075895309, "y": 13.128710269900001, "z": 4.137979984299999}}, "m_eidParent": {"type": "SEntityTemplateReference", "value": "fffffffffffffffe"}}, "postInitProperties": {}, "editorOnly": false, "platformSpecificPropertyValues": []}}, {"op": "add", "path": "/entities/3d1d9cc94085545b", "value": {"parent": "56d67ae4fb571c05", "name": "RainKillBox For 254_3rd_Attic_Corridor", "template": "[assembly:/_pro/effects/templates/liquid/fx_liquid.template?/rainkillbox.entitytemplate].pc_entitytype", "blueprint": "[assembly:/_pro/effects/templates/liquid/fx_liquid.template?/rainkillbox.entitytemplate].pc_entityblueprint", "properties": {"m_mTransform": {"type": "SMatrix43", "value": {"rotation": {"x": -0.0, "y": 0.0, "z": -0.0}, "position": {"x": -185.8645019531, "y": 13.6789703369, "z": 16.4736194611}}}, "m_vGlobalSize": {"type": "SVector3", "value": {"x": 7.773109912800001, "y": 21.3546905517, "z": 5.859239935900001}}, "m_eidParent": {"type": "SEntityTemplateReference", "value": "fffffffffffffffe"}}, "postInitProperties": {}, "editorOnly": false, "platformSpecificPropertyValues": []}}, {"op": "add", "path": "/entities/eeafd41c33d652fe", "value": {"parent": "56d67ae4fb571c05", "name": "RainKillBox For 255_3rd_Attic_Room_B", "template": "[assembly:/_pro/effects/templates/liquid/fx_liquid.template?/rainkillbox.entitytemplate].pc_entitytype", "blueprint": "[assembly:/_pro/effects/templates/liquid/fx_liquid.template?/rainkillbox.entitytemplate].pc_entityblueprint", "properties": {"m_mTransform": {"type": "SMatrix43", "value": {"rotation": {"x": -0.0, "y": 0.0, "z": -0.0}, "position": {"x": -186.8618927002, "y": 47.5219116211, "z": 16.3898296356}}}, "m_vGlobalSize": {"type": "SVector3", "value": {"x": 27.0925998688, "y": 11.7570800782, "z": 4.8521699905}}, "m_eidParent": {"type": "SEntityTemplateReference", "value": "fffffffffffffffe"}}, "postInitProperties": {}, "editorOnly": false, "platformSpecificPropertyValues": []}}, {"op": "add", "path": "/entities/e54e584b44a140eb", "value": {"parent": "56d67ae4fb571c05", "name": "RainKillBox For 700_Room_Building_Gardener", "template": "[assembly:/_pro/effects/templates/liquid/fx_liquid.template?/rainkillbox.entitytemplate].pc_entitytype", "blueprint": "[assembly:/_pro/effects/templates/liquid/fx_liquid.template?/rainkillbox.entitytemplate].pc_entityblueprint", "properties": {"m_mTransform": {"type": "SMatrix43", "value": {"rotation": {"x": -0.0, "y": 0.0, "z": -0.0}, "position": {"x": -121.1203994751, "y": 79.7124633789, "z": -0.4900209904}}}, "m_vGlobalSize": {"type": "SVector3", "value": {"x": 10.0973596573, "y": 7.4372167438, "z": 4.4840099812}}, "m_eidParent": {"type": "SEntityTemplateReference", "value": "fffffffffffffffe"}}, "postInitProperties": {}, "editorOnly": false, "platformSpecificPropertyValues": []}}, {"op": "add", "path": "/entities/cc359e92d19fa5b2", "value": {"parent": "56d67ae4fb571c05", "name": "RainKillBox For 247_2nd_BackRoom", "template": "[assembly:/_pro/effects/templates/liquid/fx_liquid.template?/rainkillbox.entitytemplate].pc_entitytype", "blueprint": "[assembly:/_pro/effects/templates/liquid/fx_liquid.template?/rainkillbox.entitytemplate].pc_entityblueprint", "properties": {"m_mTransform": {"type": "SMatrix43", "value": {"rotation": {"x": -0.0, "y": 0.0, "z": -0.0}, "position": {"x": -247.3666992188, "y": 14.3771896362, "z": 8.3939685822}}}, "m_vGlobalSize": {"type": "SVector3", "value": {"x": 15.655840396799999, "y": 34.6222991943, "z": 7.4475300311999995}}, "m_eidParent": {"type": "SEntityTemplateReference", "value": "fffffffffffffffe"}}, "postInitProperties": {}, "editorOnly": false, "platformSpecificPropertyValues": []}}, {"op": "add", "path": "/entities/3d98258d3858d8c3", "value": {"parent": "56d67ae4fb571c05", "name": "RainKillBox For 253_3rd_Attic_Right", "template": "[assembly:/_pro/effects/templates/liquid/fx_liquid.template?/rainkillbox.entitytemplate].pc_entitytype", "blueprint": "[assembly:/_pro/effects/templates/liquid/fx_liquid.template?/rainkillbox.entitytemplate].pc_entityblueprint", "properties": {"m_mTransform": {"type": "SMatrix43", "value": {"rotation": {"x": -0.0, "y": 0.0, "z": -0.0}, "position": {"x": -202.137802124, "y": -9.5978784561, "z": 16.3819408417}}}, "m_vGlobalSize": {"type": "SVector3", "value": {"x": 45.7976016999, "y": 26.7290992737, "z": 4.8065500259}}, "m_eidParent": {"type": "SEntityTemplateReference", "value": "fffffffffffffffe"}}, "postInitProperties": {}, "editorOnly": false, "platformSpecificPropertyValues": []}}, {"op": "add", "path": "/entities/05e82afe1a89c907", "value": {"parent": "56d67ae4fb571c05", "name": "RainKillBox For 282_Basement_Wine_Cell_C", "template": "[assembly:/_pro/effects/templates/liquid/fx_liquid.template?/rainkillbox.entitytemplate].pc_entitytype", "blueprint": "[assembly:/_pro/effects/templates/liquid/fx_liquid.template?/rainkillbox.entitytemplate].pc_entityblueprint", "properties": {"m_mTransform": {"type": "SMatrix43", "value": {"rotation": {"x": -0.0, "y": 0.0, "z": -0.0}, "position": {"x": -213.0567932129, "y": 23.5463790894, "z": -5.5369830132}}}, "m_vGlobalSize": {"type": "SVector3", "value": {"x": 25.0055191517, "y": 8.727049827599998, "z": 4.3055891841}}, "m_eidParent": {"type": "SEntityTemplateReference", "value": "fffffffffffffffe"}}, "postInitProperties": {}, "editorOnly": false, "platformSpecificPropertyValues": []}}, {"op": "add", "path": "/entities/d1b6cc9b6f4be318", "value": {"parent": "56d67ae4fb571c05", "name": "RainKillBox For Room Include for 231_2nd_StairCase_C (74850)", "template": "[assembly:/_pro/effects/templates/liquid/fx_liquid.template?/rainkillbox.entitytemplate].pc_entitytype", "blueprint": "[assembly:/_pro/effects/templates/liquid/fx_liquid.template?/rainkillbox.entitytemplate].pc_entityblueprint", "properties": {"m_mTransform": {"type": "SMatrix43", "value": {"rotation": {"x": -0.0, "y": 0.0, "z": -0.0}, "position": {"x": -229.399, "y": -9.47118, "z": 11.2333}}}, "m_vGlobalSize": {"type": "SVector3", "value": {"x": 16.2395000458, "y": 18.2066993713, "z": 7.8104000092}}, "m_eidParent": {"type": "SEntityTemplateReference", "value": "fffffffffffffffe"}}, "postInitProperties": {}, "editorOnly": false, "platformSpecificPropertyValues": []}}, {"op": "add", "path": "/entities/20d868c66849ba58", "value": {"parent": "56d67ae4fb571c05", "name": "RainKillBox For 242_2nd_Cabinet_D", "template": "[assembly:/_pro/effects/templates/liquid/fx_liquid.template?/rainkillbox.entitytemplate].pc_entitytype", "blueprint": "[assembly:/_pro/effects/templates/liquid/fx_liquid.template?/rainkillbox.entitytemplate].pc_entityblueprint", "properties": {"m_mTransform": {"type": "SMatrix43", "value": {"rotation": {"x": -0.0, "y": 0.0, "z": -0.0}, "position": {"x": -185.3023071289, "y": -9.9853477478, "z": 8.4227561951}}}, "m_vGlobalSize": {"type": "SVector3", "value": {"x": 8.2234902382, "y": 22.4177999497, "z": 7.142049789400001}}, "m_eidParent": {"type": "SEntityTemplateReference", "value": "fffffffffffffffe"}}, "postInitProperties": {}, "editorOnly": false, "platformSpecificPropertyValues": []}}, {"op": "add", "path": "/entities/94afdb7be518f004", "value": {"parent": "56d67ae4fb571c05", "name": "RainKillBox For 294_Basement_LockerRoom_A", "template": "[assembly:/_pro/effects/templates/liquid/fx_liquid.template?/rainkillbox.entitytemplate].pc_entitytype", "blueprint": "[assembly:/_pro/effects/templates/liquid/fx_liquid.template?/rainkillbox.entitytemplate].pc_entityblueprint", "properties": {"m_mTransform": {"type": "SMatrix43", "value": {"rotation": {"x": -0.0, "y": 0.0, "z": -0.0}, "position": {"x": -183.783996582, "y": 15.8824701309, "z": -5.5392069817}}}, "m_vGlobalSize": {"type": "SVector3", "value": {"x": 10.848910093299999, "y": 24.1144104004, "z": 4.3984030784}}, "m_eidParent": {"type": "SEntityTemplateReference", "value": "fffffffffffffffe"}}, "postInitProperties": {}, "editorOnly": false, "platformSpecificPropertyValues": []}}, {"op": "add", "path": "/entities/87df27adeebf6658", "value": {"parent": "56d67ae4fb571c05", "name": "RainKillBox For 266_3rd_Lounge_B", "template": "[assembly:/_pro/effects/templates/liquid/fx_liquid.template?/rainkillbox.entitytemplate].pc_entitytype", "blueprint": "[assembly:/_pro/effects/templates/liquid/fx_liquid.template?/rainkillbox.entitytemplate].pc_entityblueprint", "properties": {"m_mTransform": {"type": "SMatrix43", "value": {"rotation": {"x": -0.0, "y": 0.0, "z": -0.0}, "position": {"x": -241.7996063232, "y": -8.1377849579, "z": 16.3978595734}}}, "m_vGlobalSize": {"type": "SVector3", "value": {"x": 8.7538099289, "y": 13.4703402519, "z": 5.0956401825}}, "m_eidParent": {"type": "SEntityTemplateReference", "value": "fffffffffffffffe"}}, "postInitProperties": {}, "editorOnly": false, "platformSpecificPropertyValues": []}}, {"op": "add", "path": "/entities/aaa0b84dc7f8a8aa", "value": {"parent": "56d67ae4fb571c05", "name": "RainKillBox For 281_Basement_Wine_Cell_B", "template": "[assembly:/_pro/effects/templates/liquid/fx_liquid.template?/rainkillbox.entitytemplate].pc_entitytype", "blueprint": "[assembly:/_pro/effects/templates/liquid/fx_liquid.template?/rainkillbox.entitytemplate].pc_entityblueprint", "properties": {"m_mTransform": {"type": "SMatrix43", "value": {"rotation": {"x": -0.0, "y": 0.0, "z": -0.0}, "position": {"x": -213.6463928223, "y": 2.3310449123, "z": -1.5421589613}}}, "m_vGlobalSize": {"type": "SVector3", "value": {"x": 24.902200222, "y": 10.7786400319, "z": 4.2438459471000005}}, "m_eidParent": {"type": "SEntityTemplateReference", "value": "fffffffffffffffe"}}, "postInitProperties": {}, "editorOnly": false, "platformSpecificPropertyValues": []}}, {"op": "add", "path": "/entities/c51e790b3abb6ea2", "value": {"parent": "56d67ae4fb571c05", "name": "RainKillBox For 229_2nd_Toilet_B", "template": "[assembly:/_pro/effects/templates/liquid/fx_liquid.template?/rainkillbox.entitytemplate].pc_entitytype", "blueprint": "[assembly:/_pro/effects/templates/liquid/fx_liquid.template?/rainkillbox.entitytemplate].pc_entityblueprint", "properties": {"m_mTransform": {"type": "SMatrix43", "value": {"rotation": {"x": -0.0, "y": 0.0, "z": -0.0}, "position": {"x": -232.3027954102, "y": 22.9156703949, "z": 7.4606628418}}}, "m_vGlobalSize": {"type": "SVector3", "value": {"x": 6.1357600689, "y": 5.8055100441, "z": 7.1314650923}}, "m_eidParent": {"type": "SEntityTemplateReference", "value": "fffffffffffffffe"}}, "postInitProperties": {}, "editorOnly": false, "platformSpecificPropertyValues": []}}, {"op": "add", "path": "/entities/deba1cf5bb778a9c", "value": {"parent": "56d67ae4fb571c05", "name": "RainKillBox For 234_2nd_LivingRoom_C", "template": "[assembly:/_pro/effects/templates/liquid/fx_liquid.template?/rainkillbox.entitytemplate].pc_entitytype", "blueprint": "[assembly:/_pro/effects/templates/liquid/fx_liquid.template?/rainkillbox.entitytemplate].pc_entityblueprint", "properties": {"m_mTransform": {"type": "SMatrix43", "value": {"rotation": {"x": -0.0, "y": 0.0, "z": -0.0}, "position": {"x": -198.2498016357, "y": 39.3147010803, "z": 7.4607291222}}}, "m_vGlobalSize": {"type": "SVector3", "value": {"x": 20.2531900406, "y": 22.2846899032, "z": 7.1360816956}}, "m_eidParent": {"type": "SEntityTemplateReference", "value": "fffffffffffffffe"}}, "postInitProperties": {}, "editorOnly": false, "platformSpecificPropertyValues": []}}, {"op": "add", "path": "/entities/667121f6b4f36ad3", "value": {"parent": "56d67ae4fb571c05", "name": "RainKillBox For 217_1st_Cabinet_B", "template": "[assembly:/_pro/effects/templates/liquid/fx_liquid.template?/rainkillbox.entitytemplate].pc_entitytype", "blueprint": "[assembly:/_pro/effects/templates/liquid/fx_liquid.template?/rainkillbox.entitytemplate].pc_entityblueprint", "properties": {"m_mTransform": {"type": "SMatrix43", "value": {"rotation": {"x": -0.0, "y": 0.0, "z": -0.0}, "position": {"x": -234.9216003418, "y": -9.3646001816, "z": 0.6255540252}}}, "m_vGlobalSize": {"type": "SVector3", "value": {"x": 12.5019996166, "y": 18.8477859497, "z": 7.688619017600001}}, "m_eidParent": {"type": "SEntityTemplateReference", "value": "fffffffffffffffe"}}, "postInitProperties": {}, "editorOnly": false, "platformSpecificPropertyValues": []}}, {"op": "add", "path": "/entities/7dbc74db44de4c2b", "value": {"parent": "56d67ae4fb571c05", "name": "RainKillBox For Room Include for 209_1st_WaitingRoom_B (77729)", "template": "[assembly:/_pro/effects/templates/liquid/fx_liquid.template?/rainkillbox.entitytemplate].pc_entitytype", "blueprint": "[assembly:/_pro/effects/templates/liquid/fx_liquid.template?/rainkillbox.entitytemplate].pc_entityblueprint", "properties": {"m_mTransform": {"type": "SMatrix43", "value": {"rotation": {"x": -0.0, "y": 0.0, "z": -0.0}, "position": {"x": -174.571, "y": 46.2806, "z": 3.37338}}}, "m_vGlobalSize": {"type": "SVector3", "value": {"x": 1.3938100338, "y": 11.2454004288, "z": 7.9793801308}}, "m_eidParent": {"type": "SEntityTemplateReference", "value": "fffffffffffffffe"}}, "postInitProperties": {}, "editorOnly": false, "platformSpecificPropertyValues": []}}, {"op": "add", "path": "/entities/bcf1b55a565326d9", "value": {"parent": "56d67ae4fb571c05", "name": "RainKillBox For 219_1st_Corridor_E", "template": "[assembly:/_pro/effects/templates/liquid/fx_liquid.template?/rainkillbox.entitytemplate].pc_entitytype", "blueprint": "[assembly:/_pro/effects/templates/liquid/fx_liquid.template?/rainkillbox.entitytemplate].pc_entityblueprint", "properties": {"m_mTransform": {"type": "SMatrix43", "value": {"rotation": {"x": -0.0, "y": 0.0, "z": -0.0}, "position": {"x": -239.4725036621, "y": 2.6315350533, "z": -0.5392689705}}}, "m_vGlobalSize": {"type": "SVector3", "value": {"x": 4.1623299122, "y": 67.19780159, "z": 7.6537041664}}, "m_eidParent": {"type": "SEntityTemplateReference", "value": "fffffffffffffffe"}}, "postInitProperties": {}, "editorOnly": false, "platformSpecificPropertyValues": []}}, {"op": "add", "path": "/entities/5c4057ff387fa361", "value": {"parent": "56d67ae4fb571c05", "name": "RainKillBox For 250_3rd_Dressing_Room", "template": "[assembly:/_pro/effects/templates/liquid/fx_liquid.template?/rainkillbox.entitytemplate].pc_entitytype", "blueprint": "[assembly:/_pro/effects/templates/liquid/fx_liquid.template?/rainkillbox.entitytemplate].pc_entityblueprint", "properties": {"m_mTransform": {"type": "SMatrix43", "value": {"rotation": {"x": -0.0, "y": 0.0, "z": -0.0}, "position": {"x": -226.617401123, "y": 10.5801296234, "z": 16.3281097412}}}, "m_vGlobalSize": {"type": "SVector3", "value": {"x": 9.4324002266, "y": 12.4626502991, "z": 4.7046599983999995}}, "m_eidParent": {"type": "SEntityTemplateReference", "value": "fffffffffffffffe"}}, "postInitProperties": {}, "editorOnly": false, "platformSpecificPropertyValues": []}}, {"op": "add", "path": "/entities/04124c7aadacef91", "value": {"parent": "56d67ae4fb571c05", "name": "RainKillBox For 209_1st_WaitingRoom_B", "template": "[assembly:/_pro/effects/templates/liquid/fx_liquid.template?/rainkillbox.entitytemplate].pc_entitytype", "blueprint": "[assembly:/_pro/effects/templates/liquid/fx_liquid.template?/rainkillbox.entitytemplate].pc_entityblueprint", "properties": {"m_mTransform": {"type": "SMatrix43", "value": {"rotation": {"x": -0.0, "y": 0.0, "z": -0.0}, "position": {"x": -180.3457946777, "y": 41.7384300232, "z": -0.53926301}}}, "m_vGlobalSize": {"type": "SVector3", "value": {"x": 11.5073800087, "y": 25.367999076799997, "z": 7.761916168}}, "m_eidParent": {"type": "SEntityTemplateReference", "value": "fffffffffffffffe"}}, "postInitProperties": {}, "editorOnly": false, "platformSpecificPropertyValues": []}}, {"op": "add", "path": "/entities/46bc069d66e496fb", "value": {"parent": "56d67ae4fb571c05", "name": "RainKillBox For Room Include for 253_3rd_Attic_Right (75933)", "template": "[assembly:/_pro/effects/templates/liquid/fx_liquid.template?/rainkillbox.entitytemplate].pc_entitytype", "blueprint": "[assembly:/_pro/effects/templates/liquid/fx_liquid.template?/rainkillbox.entitytemplate].pc_entityblueprint", "properties": {"m_mTransform": {"type": "SMatrix43", "value": {"rotation": {"x": -0.0, "y": 0.0, "z": -0.0}, "position": {"x": -220.239, "y": -2.81079, "z": 17.6278}}}, "m_vGlobalSize": {"type": "SVector3", "value": {"x": 2.1593699455, "y": 14.508099556, "z": 4.5553002357}}, "m_eidParent": {"type": "SEntityTemplateReference", "value": "fffffffffffffffe"}}, "postInitProperties": {}, "editorOnly": false, "platformSpecificPropertyValues": []}}, {"op": "add", "path": "/entities/233b0570f1d806f2", "value": {"parent": "56d67ae4fb571c05", "name": "RainKillBox For 239_2nd_Museum_Office_A", "template": "[assembly:/_pro/effects/templates/liquid/fx_liquid.template?/rainkillbox.entitytemplate].pc_entitytype", "blueprint": "[assembly:/_pro/effects/templates/liquid/fx_liquid.template?/rainkillbox.entitytemplate].pc_entityblueprint", "properties": {"m_mTransform": {"type": "SMatrix43", "value": {"rotation": {"x": -0.0, "y": 0.0, "z": -0.0}, "position": {"x": -138.06640625, "y": -5.0946259499, "z": 8.3934183121}}}, "m_vGlobalSize": {"type": "SVector3", "value": {"x": 15.8587098122, "y": 13.0367002487, "z": 7.1472201347}}, "m_eidParent": {"type": "SEntityTemplateReference", "value": "fffffffffffffffe"}}, "postInitProperties": {}, "editorOnly": false, "platformSpecificPropertyValues": []}}, {"op": "add", "path": "/entities/bc1191ac17425310", "value": {"parent": "56d67ae4fb571c05", "name": "RainKillBox For 206_1st_StuffRoom_A", "template": "[assembly:/_pro/effects/templates/liquid/fx_liquid.template?/rainkillbox.entitytemplate].pc_entitytype", "blueprint": "[assembly:/_pro/effects/templates/liquid/fx_liquid.template?/rainkillbox.entitytemplate].pc_entityblueprint", "properties": {"m_mTransform": {"type": "SMatrix43", "value": {"rotation": {"x": -0.0, "y": 0.0, "z": -0.0}, "position": {"x": -169.2182006836, "y": 3.8746590614, "z": 0.8336799741}}}, "m_vGlobalSize": {"type": "SVector3", "value": {"x": 8.463509798099999, "y": 5.1093279868999995, "z": 7.7176600695}}, "m_eidParent": {"type": "SEntityTemplateReference", "value": "fffffffffffffffe"}}, "postInitProperties": {}, "editorOnly": false, "platformSpecificPropertyValues": []}}, {"op": "add", "path": "/entities/2a4057307408785a", "value": {"parent": "56d67ae4fb571c05", "name": "RainKillBox For Room Include for 252_3rd_Attic_Left (63455)", "template": "[assembly:/_pro/effects/templates/liquid/fx_liquid.template?/rainkillbox.entitytemplate].pc_entitytype", "blueprint": "[assembly:/_pro/effects/templates/liquid/fx_liquid.template?/rainkillbox.entitytemplate].pc_entityblueprint", "properties": {"m_mTransform": {"type": "SMatrix43", "value": {"rotation": {"x": -0.0, "y": 0.0, "z": -0.0}, "position": {"x": -173.157, "y": 33.0126, "z": 17.3071}}}, "m_vGlobalSize": {"type": "SVector3", "value": {"x": 56.3207015991, "y": 15.3943004608, "z": 5.4481601715}}, "m_eidParent": {"type": "SEntityTemplateReference", "value": "fffffffffffffffe"}}, "postInitProperties": {}, "editorOnly": false, "platformSpecificPropertyValues": []}}, {"op": "add", "path": "/entities/4f2771ae77950de2", "value": {"parent": "56d67ae4fb571c05", "name": "RainKillBox For Room Include for 200_1st_Entrance (76445)", "template": "[assembly:/_pro/effects/templates/liquid/fx_liquid.template?/rainkillbox.entitytemplate].pc_entitytype", "blueprint": "[assembly:/_pro/effects/templates/liquid/fx_liquid.template?/rainkillbox.entitytemplate].pc_entityblueprint", "properties": {"m_mTransform": {"type": "SMatrix43", "value": {"rotation": {"x": -0.0, "y": 0.0, "z": -0.0}, "position": {"x": -146.623, "y": 14.9543, "z": 11.9803}}}, "m_vGlobalSize": {"type": "SVector3", "value": {"x": 5.3924059868, "y": 7.2585029602, "z": 9.9821510315}}, "m_eidParent": {"type": "SEntityTemplateReference", "value": "fffffffffffffffe"}}, "postInitProperties": {}, "editorOnly": false, "platformSpecificPropertyValues": []}}, {"op": "add", "path": "/entities/0fa89f08d2d79599", "value": {"parent": "56d67ae4fb571c05", "name": "RainKillBox For 211_1st_StuffRoom_B", "template": "[assembly:/_pro/effects/templates/liquid/fx_liquid.template?/rainkillbox.entitytemplate].pc_entitytype", "blueprint": "[assembly:/_pro/effects/templates/liquid/fx_liquid.template?/rainkillbox.entitytemplate].pc_entityblueprint", "properties": {"m_mTransform": {"type": "SMatrix43", "value": {"rotation": {"x": -0.0, "y": 0.0, "z": -0.0}, "position": {"x": -167.9158935547, "y": 27.5447998047, "z": 0.3873350024}}}, "m_vGlobalSize": {"type": "SVector3", "value": {"x": 8.4084801673, "y": 5.0337899924, "z": 7.6555500031}}, "m_eidParent": {"type": "SEntityTemplateReference", "value": "fffffffffffffffe"}}, "postInitProperties": {}, "editorOnly": false, "platformSpecificPropertyValues": []}}, {"op": "add", "path": "/entities/e31ed39c7b7981cf", "value": {"parent": "56d67ae4fb571c05", "name": "RainKillBox For Room Include for 253_3rd_Attic_Right (75933)", "template": "[assembly:/_pro/effects/templates/liquid/fx_liquid.template?/rainkillbox.entitytemplate].pc_entitytype", "blueprint": "[assembly:/_pro/effects/templates/liquid/fx_liquid.template?/rainkillbox.entitytemplate].pc_entityblueprint", "properties": {"m_mTransform": {"type": "SMatrix43", "value": {"rotation": {"x": -0.0, "y": 0.0, "z": -0.0}, "position": {"x": -159.623, "y": -5.03597, "z": 17.625}}}, "m_vGlobalSize": {"type": "SVector3", "value": {"x": 29.2033996582, "y": 11.0368003845, "z": 4.6194500923}}, "m_eidParent": {"type": "SEntityTemplateReference", "value": "fffffffffffffffe"}}, "postInitProperties": {}, "editorOnly": false, "platformSpecificPropertyValues": []}}, {"op": "add", "path": "/entities/0dfd5405dd322a10", "value": {"parent": "56d67ae4fb571c05", "name": "RainKillBox For 213_1st_Toilet_D", "template": "[assembly:/_pro/effects/templates/liquid/fx_liquid.template?/rainkillbox.entitytemplate].pc_entitytype", "blueprint": "[assembly:/_pro/effects/templates/liquid/fx_liquid.template?/rainkillbox.entitytemplate].pc_entityblueprint", "properties": {"m_mTransform": {"type": "SMatrix43", "value": {"rotation": {"x": -0.0, "y": 0.0, "z": -0.0}, "position": {"x": -166.7357025146, "y": 37.6033782959, "z": 0.4302670062}}}, "m_vGlobalSize": {"type": "SVector3", "value": {"x": 4.0916900635, "y": 5.3133029937, "z": 7.6733729839}}, "m_eidParent": {"type": "SEntityTemplateReference", "value": "fffffffffffffffe"}}, "postInitProperties": {}, "editorOnly": false, "platformSpecificPropertyValues": []}}, {"op": "add", "path": "/entities/178d7ebec19a9c57", "value": {"parent": "56d67ae4fb571c05", "name": "RainKillBox For 249_2nd_Corridor_B", "template": "[assembly:/_pro/effects/templates/liquid/fx_liquid.template?/rainkillbox.entitytemplate].pc_entitytype", "blueprint": "[assembly:/_pro/effects/templates/liquid/fx_liquid.template?/rainkillbox.entitytemplate].pc_entityblueprint", "properties": {"m_mTransform": {"type": "SMatrix43", "value": {"rotation": {"x": -0.0, "y": 0.0, "z": -0.0}, "position": {"x": -232.078704834, "y": 27.2221298218, "z": 8.4331941605}}}, "m_vGlobalSize": {"type": "SVector3", "value": {"x": 7.4875098467, "y": 4.7879199981, "z": 7.1362701654}}, "m_eidParent": {"type": "SEntityTemplateReference", "value": "fffffffffffffffe"}}, "postInitProperties": {}, "editorOnly": false, "platformSpecificPropertyValues": []}}, {"op": "add", "path": "/entities/57b09d7d0307d381", "value": {"parent": "56d67ae4fb571c05", "name": "RainKillBox For 246_2nd_StairCase_E", "template": "[assembly:/_pro/effects/templates/liquid/fx_liquid.template?/rainkillbox.entitytemplate].pc_entitytype", "blueprint": "[assembly:/_pro/effects/templates/liquid/fx_liquid.template?/rainkillbox.entitytemplate].pc_entityblueprint", "properties": {"m_mTransform": {"type": "SMatrix43", "value": {"rotation": {"x": -0.0, "y": 0.0, "z": -0.0}, "position": {"x": -246.228302002, "y": 42.5880203247, "z": 8.4592542648}}}, "m_vGlobalSize": {"type": "SVector3", "value": {"x": 15.5886998176, "y": 16.470900058799998, "z": 7.504379868499999}}, "m_eidParent": {"type": "SEntityTemplateReference", "value": "fffffffffffffffe"}}, "postInitProperties": {}, "editorOnly": false, "platformSpecificPropertyValues": []}}, {"op": "add", "path": "/entities/720ffb3901e0498a", "value": {"parent": "56d67ae4fb571c05", "name": "RainKillBox For 207_1st_WaitingRoom_C", "template": "[assembly:/_pro/effects/templates/liquid/fx_liquid.template?/rainkillbox.entitytemplate].pc_entitytype", "blueprint": "[assembly:/_pro/effects/templates/liquid/fx_liquid.template?/rainkillbox.entitytemplate].pc_entityblueprint", "properties": {"m_mTransform": {"type": "SMatrix43", "value": {"rotation": {"x": -0.0, "y": 0.0, "z": -0.0}, "position": {"x": -177.7678070068, "y": 0.0305429995, "z": -0.5402680039}}}, "m_vGlobalSize": {"type": "SVector3", "value": {"x": 11.4479298591, "y": 25.7994506359, "z": 7.9762259125}}, "m_eidParent": {"type": "SEntityTemplateReference", "value": "fffffffffffffffe"}}, "postInitProperties": {}, "editorOnly": false, "platformSpecificPropertyValues": []}}, {"op": "add", "path": "/entities/d08907b0c4aabef0", "value": {"parent": "56d67ae4fb571c05", "name": "RainKillBox For 291_Basement_StairCase_B", "template": "[assembly:/_pro/effects/templates/liquid/fx_liquid.template?/rainkillbox.entitytemplate].pc_entitytype", "blueprint": "[assembly:/_pro/effects/templates/liquid/fx_liquid.template?/rainkillbox.entitytemplate].pc_entityblueprint", "properties": {"m_mTransform": {"type": "SMatrix43", "value": {"rotation": {"x": -0.0, "y": 0.0, "z": -0.0}, "position": {"x": -200.9304046631, "y": 17.4842395782, "z": -5.5315470695}}}, "m_vGlobalSize": {"type": "SVector3", "value": {"x": 9.536899566599999, "y": 4.1998002231000005, "z": 8.6623913497}}, "m_eidParent": {"type": "SEntityTemplateReference", "value": "fffffffffffffffe"}}, "postInitProperties": {}, "editorOnly": false, "platformSpecificPropertyValues": []}}, {"op": "add", "path": "/entities/2aa64bd9ad977375", "value": {"parent": "56d67ae4fb571c05", "name": "RainKillBox For 263_3rd_PrivateShow_Room", "template": "[assembly:/_pro/effects/templates/liquid/fx_liquid.template?/rainkillbox.entitytemplate].pc_entitytype", "blueprint": "[assembly:/_pro/effects/templates/liquid/fx_liquid.template?/rainkillbox.entitytemplate].pc_entityblueprint", "properties": {"m_mTransform": {"type": "SMatrix43", "value": {"rotation": {"x": -0.0, "y": 0.0, "z": -0.0}, "position": {"x": -242.928604126, "y": 14.9154596329, "z": 16.2106895447}}}, "m_vGlobalSize": {"type": "SVector3", "value": {"x": 25.8903999329, "y": 20.941699981699998, "z": 9.9284888506}}, "m_eidParent": {"type": "SEntityTemplateReference", "value": "fffffffffffffffe"}}, "postInitProperties": {}, "editorOnly": false, "platformSpecificPropertyValues": []}}, {"op": "add", "path": "/entities/f466bf4a543da1d7", "value": {"parent": "56d67ae4fb571c05", "name": "RainKillBox For 235_2nd_Cabinet_A", "template": "[assembly:/_pro/effects/templates/liquid/fx_liquid.template?/rainkillbox.entitytemplate].pc_entitytype", "blueprint": "[assembly:/_pro/effects/templates/liquid/fx_liquid.template?/rainkillbox.entitytemplate].pc_entityblueprint", "properties": {"m_mTransform": {"type": "SMatrix43", "value": {"rotation": {"x": -0.0, "y": 0.0, "z": -0.0}, "position": {"x": -185.3208007812, "y": 35.7412185669, "z": 7.4607000351}}}, "m_vGlobalSize": {"type": "SVector3", "value": {"x": 8.142719745600001, "y": 22.1210808754, "z": 7.2206689715}}, "m_eidParent": {"type": "SEntityTemplateReference", "value": "fffffffffffffffe"}}, "postInitProperties": {}, "editorOnly": false, "platformSpecificPropertyValues": []}}, {"op": "add", "path": "/entities/47cc4dff2afd2a8b", "value": {"parent": "56d67ae4fb571c05", "name": "RainKillBox For 702_Room_Building_Gardener", "template": "[assembly:/_pro/effects/templates/liquid/fx_liquid.template?/rainkillbox.entitytemplate].pc_entitytype", "blueprint": "[assembly:/_pro/effects/templates/liquid/fx_liquid.template?/rainkillbox.entitytemplate].pc_entityblueprint", "properties": {"m_mTransform": {"type": "SMatrix43", "value": {"rotation": {"x": -0.0, "y": 0.0, "z": -90.0}, "position": {"x": -255.6063995361, "y": -32.0633201599, "z": -0.4900209904}}}, "m_vGlobalSize": {"type": "SVector3", "value": {"x": 10.114000082, "y": 7.2684331388, "z": 4.4902398587}}, "m_eidParent": {"type": "SEntityTemplateReference", "value": "fffffffffffffffe"}}, "postInitProperties": {}, "editorOnly": false, "platformSpecificPropertyValues": []}}, {"op": "add", "path": "/entities/2fd80b82a6d619eb", "value": {"parent": "56d67ae4fb571c05", "name": "RainKillBox For 218_1st_Cabinet_A", "template": "[assembly:/_pro/effects/templates/liquid/fx_liquid.template?/rainkillbox.entitytemplate].pc_entitytype", "blueprint": "[assembly:/_pro/effects/templates/liquid/fx_liquid.template?/rainkillbox.entitytemplate].pc_entityblueprint", "properties": {"m_mTransform": {"type": "SMatrix43", "value": {"rotation": {"x": -0.0, "y": 0.0, "z": -0.0}, "position": {"x": -229.8704986572, "y": 37.6517295837, "z": 0.7117090225}}}, "m_vGlobalSize": {"type": "SVector3", "value": {"x": 12.296959876999999, "y": 18.7214002609, "z": 7.6313198804999995}}, "m_eidParent": {"type": "SEntityTemplateReference", "value": "fffffffffffffffe"}}, "postInitProperties": {}, "editorOnly": false, "platformSpecificPropertyValues": []}}, {"op": "add", "path": "/entities/1d666a68c4baab08", "value": {"parent": "56d67ae4fb571c05", "name": "RainKillBox For 293_Basement_SecurityRoom_A", "template": "[assembly:/_pro/effects/templates/liquid/fx_liquid.template?/rainkillbox.entitytemplate].pc_entitytype", "blueprint": "[assembly:/_pro/effects/templates/liquid/fx_liquid.template?/rainkillbox.entitytemplate].pc_entityblueprint", "properties": {"m_mTransform": {"type": "SMatrix43", "value": {"rotation": {"x": -0.0, "y": 0.0, "z": -0.0}, "position": {"x": -187.8238067627, "y": -3.3168849945, "z": -5.5392160416}}}, "m_vGlobalSize": {"type": "SVector3", "value": {"x": 10.7676100731, "y": 19.398529529599998, "z": 4.3816310168}}, "m_eidParent": {"type": "SEntityTemplateReference", "value": "fffffffffffffffe"}}, "postInitProperties": {}, "editorOnly": false, "platformSpecificPropertyValues": []}}, {"op": "add", "path": "/entities/031f28acfdbeb089", "value": {"parent": "56d67ae4fb571c05", "name": "RainKillBox For Room Include for 200_1st_Entrance (76445)", "template": "[assembly:/_pro/effects/templates/liquid/fx_liquid.template?/rainkillbox.entitytemplate].pc_entitytype", "blueprint": "[assembly:/_pro/effects/templates/liquid/fx_liquid.template?/rainkillbox.entitytemplate].pc_entityblueprint", "properties": {"m_mTransform": {"type": "SMatrix43", "value": {"rotation": {"x": -0.0, "y": 0.0, "z": -0.0}, "position": {"x": -146.271, "y": 10.8404, "z": 3.27594}}}, "m_vGlobalSize": {"type": "SVector3", "value": {"x": 1.6643899679, "y": 2.0130999088, "z": 8.0610399246}}, "m_eidParent": {"type": "SEntityTemplateReference", "value": "fffffffffffffffe"}}, "postInitProperties": {}, "editorOnly": false, "platformSpecificPropertyValues": []}}, {"op": "replace", "path": "/entities/7e6db811b82cef18/properties/m_Tags/value", "value": "\n      ,RainA"}], "patchVersion": 4}