{"tempHash": "004F945201F83AB1", "tbluHash": "0061ABD80908FB2A", "patch": [{"op": "add", "path": "/entities/898eb0d05335bc73", "value": {"parent": "5734136bd8b247e8", "name": "RainKillBox For Room Include for F2_Hallway_A (44125)", "template": "[assembly:/_pro/effects/templates/liquid/fx_liquid.template?/rainkillbox.entitytemplate].pc_entitytype", "blueprint": "[assembly:/_pro/effects/templates/liquid/fx_liquid.template?/rainkillbox.entitytemplate].pc_entityblueprint", "properties": {"m_mTransform": {"type": "SMatrix43", "value": {"rotation": {"x": -0.0, "y": 0.0, "z": -0.0}, "position": {"x": -22.2624, "y": 27.0084, "z": 20.231}}}, "m_vGlobalSize": {"type": "SVector3", "value": {"x": 2.9540400505, "y": 1.0669000149, "z": 4.5622901917}}, "m_eidParent": {"type": "SEntityTemplateReference", "value": "fffffffffffffffe"}}, "postInitProperties": {}, "editorOnly": false, "platformSpecificPropertyValues": []}}, {"op": "add", "path": "/entities/a6d2ddb4214e6b72", "value": {"parent": "5734136bd8b247e8", "name": "RainKillBox For Room Include for F0_DiningRoom (47696)", "template": "[assembly:/_pro/effects/templates/liquid/fx_liquid.template?/rainkillbox.entitytemplate].pc_entitytype", "blueprint": "[assembly:/_pro/effects/templates/liquid/fx_liquid.template?/rainkillbox.entitytemplate].pc_entityblueprint", "properties": {"m_mTransform": {"type": "SMatrix43", "value": {"rotation": {"x": -0.0, "y": 0.0, "z": -0.0}, "position": {"x": 32.4921, "y": 39.0471, "z": 7.286}}}, "m_vGlobalSize": {"type": "SVector3", "value": {"x": 12.1054000854, "y": 4.1010699272, "z": 7.0121798515}}, "m_eidParent": {"type": "SEntityTemplateReference", "value": "fffffffffffffffe"}}, "postInitProperties": {}, "editorOnly": false, "platformSpecificPropertyValues": []}}, {"op": "add", "path": "/entities/f9e161c6f7e90dd9", "value": {"parent": "5734136bd8b247e8", "name": "RainKillBox For Room Include for F2_Hallway_A (44125)", "template": "[assembly:/_pro/effects/templates/liquid/fx_liquid.template?/rainkillbox.entitytemplate].pc_entitytype", "blueprint": "[assembly:/_pro/effects/templates/liquid/fx_liquid.template?/rainkillbox.entitytemplate].pc_entityblueprint", "properties": {"m_mTransform": {"type": "SMatrix43", "value": {"rotation": {"x": -0.0, "y": 0.0, "z": -45.0}, "position": {"x": -21.1883, "y": 26.827, "z": 21.1952}}}, "m_vGlobalSize": {"type": "SVector3", "value": {"x": 1.6120300293, "y": 3.3358199596, "z": 6.5677800179}}, "m_eidParent": {"type": "SEntityTemplateReference", "value": "fffffffffffffffe"}}, "postInitProperties": {}, "editorOnly": false, "platformSpecificPropertyValues": []}}, {"op": "add", "path": "/entities/c578f422c7d3a3b4", "value": {"parent": "5734136bd8b247e8", "name": "RainKillBox For Room Include for F1_Foyer_B (19153)", "template": "[assembly:/_pro/effects/templates/liquid/fx_liquid.template?/rainkillbox.entitytemplate].pc_entitytype", "blueprint": "[assembly:/_pro/effects/templates/liquid/fx_liquid.template?/rainkillbox.entitytemplate].pc_entityblueprint", "properties": {"m_mTransform": {"type": "SMatrix43", "value": {"rotation": {"x": -0.0, "y": 0.0, "z": -0.0}, "position": {"x": -0.00344849, "y": -2.30686, "z": 14.2868}}}, "m_vGlobalSize": {"type": "SVector3", "value": {"x": 14.6785001755, "y": 5.7847299576, "z": 6.8920102119}}, "m_eidParent": {"type": "SEntityTemplateReference", "value": "fffffffffffffffe"}}, "postInitProperties": {}, "editorOnly": false, "platformSpecificPropertyValues": []}}, {"op": "add", "path": "/entities/06be35eb16b6081e", "value": {"parent": "5734136bd8b247e8", "name": "RainKillBox For Room Include for F0_TrophyRoom (43819)", "template": "[assembly:/_pro/effects/templates/liquid/fx_liquid.template?/rainkillbox.entitytemplate].pc_entitytype", "blueprint": "[assembly:/_pro/effects/templates/liquid/fx_liquid.template?/rainkillbox.entitytemplate].pc_entityblueprint", "properties": {"m_mTransform": {"type": "SMatrix43", "value": {"rotation": {"x": -0.0, "y": 0.0, "z": -0.0}, "position": {"x": -44.0545, "y": 46.9974, "z": 7.31533}}}, "m_vGlobalSize": {"type": "SVector3", "value": {"x": 4.9087600708, "y": 9.5679702759, "z": 6.693500042}}, "m_eidParent": {"type": "SEntityTemplateReference", "value": "fffffffffffffffe"}}, "postInitProperties": {}, "editorOnly": false, "platformSpecificPropertyValues": []}}, {"op": "add", "path": "/entities/f1936d60aa79109b", "value": {"parent": "5734136bd8b247e8", "name": "RainKillBox For Room Include for F0_Library (48141)", "template": "[assembly:/_pro/effects/templates/liquid/fx_liquid.template?/rainkillbox.entitytemplate].pc_entitytype", "blueprint": "[assembly:/_pro/effects/templates/liquid/fx_liquid.template?/rainkillbox.entitytemplate].pc_entityblueprint", "properties": {"m_mTransform": {"type": "SMatrix43", "value": {"rotation": {"x": -0.0, "y": 0.0, "z": 45.00008102844338}, "position": {"x": -31.3703, "y": 6.93205, "z": 10.6682}}}, "m_vGlobalSize": {"type": "SVector3", "value": {"x": 5.4098901749, "y": 4.4622797966, "z": 13.7585000992}}, "m_eidParent": {"type": "SEntityTemplateReference", "value": "fffffffffffffffe"}}, "postInitProperties": {}, "editorOnly": false, "platformSpecificPropertyValues": []}}, {"op": "add", "path": "/entities/b4727a7b2808dbc0", "value": {"parent": "5734136bd8b247e8", "name": "RainKillBox For F0_Hallway_A", "template": "[assembly:/_pro/effects/templates/liquid/fx_liquid.template?/rainkillbox.entitytemplate].pc_entitytype", "blueprint": "[assembly:/_pro/effects/templates/liquid/fx_liquid.template?/rainkillbox.entitytemplate].pc_entityblueprint", "properties": {"m_mTransform": {"type": "SMatrix43", "value": {"rotation": {"x": -0.0, "y": 0.0, "z": -0.0}, "position": {"x": 2.0, "y": 9.0, "z": 4.0}}}, "m_vGlobalSize": {"type": "SVector3", "value": {"x": 7.0288197995, "y": 14.985699653599998, "z": 6.9153089672}}, "m_eidParent": {"type": "SEntityTemplateReference", "value": "fffffffffffffffe"}}, "postInitProperties": {}, "editorOnly": false, "platformSpecificPropertyValues": []}}, {"op": "add", "path": "/entities/a0a01705c5cac8da", "value": {"parent": "5734136bd8b247e8", "name": "RainKillBox For Room Include for F2_Hallway_A (44125)", "template": "[assembly:/_pro/effects/templates/liquid/fx_liquid.template?/rainkillbox.entitytemplate].pc_entitytype", "blueprint": "[assembly:/_pro/effects/templates/liquid/fx_liquid.template?/rainkillbox.entitytemplate].pc_entityblueprint", "properties": {"m_mTransform": {"type": "SMatrix43", "value": {"rotation": {"x": -0.0, "y": 0.0, "z": -135.0}, "position": {"x": -21.2887, "y": 27.287, "z": 21.1952}}}, "m_vGlobalSize": {"type": "SVector3", "value": {"x": 1.5870300531, "y": 3.0592401028, "z": 6.5677800179}}, "m_eidParent": {"type": "SEntityTemplateReference", "value": "fffffffffffffffe"}}, "postInitProperties": {}, "editorOnly": false, "platformSpecificPropertyValues": []}}, {"op": "add", "path": "/entities/c16a2a2c1fd8eada", "value": {"parent": "5734136bd8b247e8", "name": "RainKillBox For Room Include for F0_TrophyRoom (43819)", "template": "[assembly:/_pro/effects/templates/liquid/fx_liquid.template?/rainkillbox.entitytemplate].pc_entitytype", "blueprint": "[assembly:/_pro/effects/templates/liquid/fx_liquid.template?/rainkillbox.entitytemplate].pc_entityblueprint", "properties": {"m_mTransform": {"type": "SMatrix43", "value": {"rotation": {"x": -0.0, "y": 0.0, "z": -0.0}, "position": {"x": -44.2145, "y": 50.4444, "z": 7.31533}}}, "m_vGlobalSize": {"type": "SVector3", "value": {"x": 5.2289500237, "y": 2.674020052, "z": 6.693500042}}, "m_eidParent": {"type": "SEntityTemplateReference", "value": "fffffffffffffffe"}}, "postInitProperties": {}, "editorOnly": false, "platformSpecificPropertyValues": []}}, {"op": "add", "path": "/entities/7ec2d675c9d6980e", "value": {"parent": "5734136bd8b247e8", "name": "RainKillBox For Room Include for F1_Foyer_B (19153)", "template": "[assembly:/_pro/effects/templates/liquid/fx_liquid.template?/rainkillbox.entitytemplate].pc_entitytype", "blueprint": "[assembly:/_pro/effects/templates/liquid/fx_liquid.template?/rainkillbox.entitytemplate].pc_entityblueprint", "properties": {"m_mTransform": {"type": "SMatrix43", "value": {"rotation": {"x": -0.0, "y": 0.0, "z": -45.08256804341603}, "position": {"x": 2.50666, "y": -8.4595, "z": 14.3104}}}, "m_vGlobalSize": {"type": "SVector3", "value": {"x": 3.2722001076, "y": 4.4398899078, "z": 6.675549984}}, "m_eidParent": {"type": "SEntityTemplateReference", "value": "fffffffffffffffe"}}, "postInitProperties": {}, "editorOnly": false, "platformSpecificPropertyValues": []}}, {"op": "add", "path": "/entities/d44d43f610473658", "value": {"parent": "5734136bd8b247e8", "name": "RainKillBox For Room Include for F1_Hallway_E (44355)", "template": "[assembly:/_pro/effects/templates/liquid/fx_liquid.template?/rainkillbox.entitytemplate].pc_entitytype", "blueprint": "[assembly:/_pro/effects/templates/liquid/fx_liquid.template?/rainkillbox.entitytemplate].pc_entityblueprint", "properties": {"m_mTransform": {"type": "SMatrix43", "value": {"rotation": {"x": -0.0, "y": 0.0, "z": -0.0}, "position": {"x": -14.8279, "y": 37.7643, "z": 14.1578}}}, "m_vGlobalSize": {"type": "SVector3", "value": {"x": 2.7365999222, "y": 16.2276000977, "z": 7.140709877}}, "m_eidParent": {"type": "SEntityTemplateReference", "value": "fffffffffffffffe"}}, "postInitProperties": {}, "editorOnly": false, "platformSpecificPropertyValues": []}}, {"op": "add", "path": "/entities/cac9dd25fea33d79", "value": {"parent": "5734136bd8b247e8", "name": "RainKillBox For Room Include for F2_AlexasBathroom (45069)", "template": "[assembly:/_pro/effects/templates/liquid/fx_liquid.template?/rainkillbox.entitytemplate].pc_entitytype", "blueprint": "[assembly:/_pro/effects/templates/liquid/fx_liquid.template?/rainkillbox.entitytemplate].pc_entityblueprint", "properties": {"m_mTransform": {"type": "SMatrix43", "value": {"rotation": {"x": -0.0, "y": 0.0, "z": -0.0}, "position": {"x": -20.2566, "y": 11.0133, "z": 19.8164}}}, "m_vGlobalSize": {"type": "SVector3", "value": {"x": 1.4995700121, "y": 2.4993700981, "z": 3.9662799835}}, "m_eidParent": {"type": "SEntityTemplateReference", "value": "fffffffffffffffe"}}, "postInitProperties": {}, "editorOnly": false, "platformSpecificPropertyValues": []}}, {"op": "add", "path": "/entities/7b055aca27d78d06", "value": {"parent": "5734136bd8b247e8", "name": "RainKillBox For F0_Hallway_F", "template": "[assembly:/_pro/effects/templates/liquid/fx_liquid.template?/rainkillbox.entitytemplate].pc_entitytype", "blueprint": "[assembly:/_pro/effects/templates/liquid/fx_liquid.template?/rainkillbox.entitytemplate].pc_entityblueprint", "properties": {"m_mTransform": {"type": "SMatrix43", "value": {"rotation": {"x": -0.0, "y": 0.0, "z": -0.0}, "position": {"x": 36.0, "y": 34.0, "z": 4.0}}}, "m_vGlobalSize": {"type": "SVector3", "value": {"x": 7.096599578900001, "y": 17.487439394, "z": 6.8739416823}}, "m_eidParent": {"type": "SEntityTemplateReference", "value": "fffffffffffffffe"}}, "postInitProperties": {}, "editorOnly": false, "platformSpecificPropertyValues": []}}, {"op": "add", "path": "/entities/d107be9ccf83548a", "value": {"parent": "5734136bd8b247e8", "name": "RainKillBox For Room Include for F1_Bathroom_B (31787)", "template": "[assembly:/_pro/effects/templates/liquid/fx_liquid.template?/rainkillbox.entitytemplate].pc_entitytype", "blueprint": "[assembly:/_pro/effects/templates/liquid/fx_liquid.template?/rainkillbox.entitytemplate].pc_entityblueprint", "properties": {"m_mTransform": {"type": "SMatrix43", "value": {"rotation": {"x": -0.0, "y": 0.0, "z": -0.0}, "position": {"x": -14.555, "y": 52.4844, "z": 12.0202}}}, "m_vGlobalSize": {"type": "SVector3", "value": {"x": 0.9182320237, "y": 0.7458080053, "z": 0.9931660295}}, "m_eidParent": {"type": "SEntityTemplateReference", "value": "fffffffffffffffe"}}, "postInitProperties": {}, "editorOnly": false, "platformSpecificPropertyValues": []}}, {"op": "add", "path": "/entities/2ff68a28ca2cc9a0", "value": {"parent": "5734136bd8b247e8", "name": "RainKillBox For Room Include for F0_LivingRoom (48112)", "template": "[assembly:/_pro/effects/templates/liquid/fx_liquid.template?/rainkillbox.entitytemplate].pc_entitytype", "blueprint": "[assembly:/_pro/effects/templates/liquid/fx_liquid.template?/rainkillbox.entitytemplate].pc_entityblueprint", "properties": {"m_mTransform": {"type": "SMatrix43", "value": {"rotation": {"x": -0.0, "y": 0.0, "z": -0.0}, "position": {"x": -10.9953, "y": 57.2298, "z": 13.0783}}}, "m_vGlobalSize": {"type": "SVector3", "value": {"x": 1.0460699797, "y": 1.1049400568, "z": 4.1841697693}}, "m_eidParent": {"type": "SEntityTemplateReference", "value": "fffffffffffffffe"}}, "postInitProperties": {}, "editorOnly": false, "platformSpecificPropertyValues": []}}, {"op": "add", "path": "/entities/606491456d6978cc", "value": {"parent": "5734136bd8b247e8", "name": "RainKillBox For F0_Buttlers_Office", "template": "[assembly:/_pro/effects/templates/liquid/fx_liquid.template?/rainkillbox.entitytemplate].pc_entitytype", "blueprint": "[assembly:/_pro/effects/templates/liquid/fx_liquid.template?/rainkillbox.entitytemplate].pc_entityblueprint", "properties": {"m_mTransform": {"type": "SMatrix43", "value": {"rotation": {"x": -0.0, "y": 0.0, "z": -0.0}, "position": {"x": 36.0, "y": 34.0, "z": 4.0}}}, "m_vGlobalSize": {"type": "SVector3", "value": {"x": 7.146469593, "y": 9.894298553499997, "z": 6.8604023382}}, "m_eidParent": {"type": "SEntityTemplateReference", "value": "fffffffffffffffe"}}, "postInitProperties": {}, "editorOnly": false, "platformSpecificPropertyValues": []}}, {"op": "add", "path": "/entities/ef7b33a450f54568", "value": {"parent": "5734136bd8b247e8", "name": "HitmanRainWetLogic", "template": "00FDB8565FFAA61A", "blueprint": "00609605E8B31DA5", "properties": {}, "postInitProperties": {"DryVolumes": {"type": "TArray<SEntityTemplateReference>", "value": [{"ref": "83911b18f32878f3", "externalScene": null, "exposedEntity": "NotInRain"}, {"ref": "7476fe48840547dd", "externalScene": null, "exposedEntity": "NotInRain"}, {"ref": "412881d8d6005130", "externalScene": null, "exposedEntity": "NotInRain"}, {"ref": "064a304472ada3d8", "externalScene": null, "exposedEntity": "NotInRain"}, {"ref": "25ab8870e5bb57a1", "externalScene": null, "exposedEntity": "NotInRain"}, {"ref": "9656fd551eea134a", "externalScene": null, "exposedEntity": "NotInRain"}, {"ref": "7ec2d675c9d6980e", "externalScene": null, "exposedEntity": "NotInRain"}, {"ref": "f20a74488e406e4a", "externalScene": null, "exposedEntity": "NotInRain"}, {"ref": "362e4f52f5e9cc6f", "externalScene": null, "exposedEntity": "NotInRain"}, {"ref": "c578f422c7d3a3b4", "externalScene": null, "exposedEntity": "NotInRain"}, {"ref": "d3406b2419eb5f72", "externalScene": null, "exposedEntity": "NotInRain"}, {"ref": "9bb4db5a69ac50b4", "externalScene": null, "exposedEntity": "NotInRain"}, {"ref": "77660c1ec11ea30a", "externalScene": null, "exposedEntity": "NotInRain"}, {"ref": "334041aa6cb127a4", "externalScene": null, "exposedEntity": "NotInRain"}, {"ref": "01a5239764d6f47e", "externalScene": null, "exposedEntity": "NotInRain"}, {"ref": "69855fb19b7d0c87", "externalScene": null, "exposedEntity": "NotInRain"}, {"ref": "15f05ced6a5ac113", "externalScene": null, "exposedEntity": "NotInRain"}, {"ref": "c149b0ee18e3ce67", "externalScene": null, "exposedEntity": "NotInRain"}, {"ref": "d107be9ccf83548a", "externalScene": null, "exposedEntity": "NotInRain"}, {"ref": "92b5a2662839f15b", "externalScene": null, "exposedEntity": "NotInRain"}, {"ref": "606491456d6978cc", "externalScene": null, "exposedEntity": "NotInRain"}, {"ref": "36d2cfd112742341", "externalScene": null, "exposedEntity": "NotInRain"}, {"ref": "be751edfb296f854", "externalScene": null, "exposedEntity": "NotInRain"}, {"ref": "3a23635fa7195c0b", "externalScene": null, "exposedEntity": "NotInRain"}, {"ref": "efa090b763708078", "externalScene": null, "exposedEntity": "NotInRain"}, {"ref": "bbdbd12d43b05f23", "externalScene": null, "exposedEntity": "NotInRain"}, {"ref": "74e5553ecfc8cee2", "externalScene": null, "exposedEntity": "NotInRain"}, {"ref": "7829217e99fa57b7", "externalScene": null, "exposedEntity": "NotInRain"}, {"ref": "a830097289d42a4f", "externalScene": null, "exposedEntity": "NotInRain"}, {"ref": "ff605f1f355f9853", "externalScene": null, "exposedEntity": "NotInRain"}, {"ref": "bd5b49563d15c188", "externalScene": null, "exposedEntity": "NotInRain"}, {"ref": "06a382b5076b865b", "externalScene": null, "exposedEntity": "NotInRain"}, {"ref": "7e6983af45e4ac0e", "externalScene": null, "exposedEntity": "NotInRain"}, {"ref": "b4e161416a6efb6b", "externalScene": null, "exposedEntity": "NotInRain"}, {"ref": "468df175ed416b31", "externalScene": null, "exposedEntity": "NotInRain"}, {"ref": "5d4ee376c88f7e01", "externalScene": null, "exposedEntity": "NotInRain"}, {"ref": "ac40cfa69b84fe49", "externalScene": null, "exposedEntity": "NotInRain"}, {"ref": "ea5bc218f2a2ffa8", "externalScene": null, "exposedEntity": "NotInRain"}, {"ref": "aec7d1f6d7e032fc", "externalScene": null, "exposedEntity": "NotInRain"}, {"ref": "ff4b2381aa73ca0f", "externalScene": null, "exposedEntity": "NotInRain"}, {"ref": "003d17cf616ec143", "externalScene": null, "exposedEntity": "NotInRain"}, {"ref": "f32c5c00456467ab", "externalScene": null, "exposedEntity": "NotInRain"}, {"ref": "e77d60332a0b6968", "externalScene": null, "exposedEntity": "NotInRain"}, {"ref": "c16a2a2c1fd8eada", "externalScene": null, "exposedEntity": "NotInRain"}, {"ref": "fd0094458aa85f63", "externalScene": null, "exposedEntity": "NotInRain"}, {"ref": "06be35eb16b6081e", "externalScene": null, "exposedEntity": "NotInRain"}, {"ref": "6f62e3c689298e03", "externalScene": null, "exposedEntity": "NotInRain"}, {"ref": "320fbee8f416f2a8", "externalScene": null, "exposedEntity": "NotInRain"}, {"ref": "994dbd9bd36dd5d6", "externalScene": null, "exposedEntity": "NotInRain"}, {"ref": "947ae3053c995b8f", "externalScene": null, "exposedEntity": "NotInRain"}, {"ref": "b7fe5451a6e3d975", "externalScene": null, "exposedEntity": "NotInRain"}, {"ref": "8312824e32bb092b", "externalScene": null, "exposedEntity": "NotInRain"}, {"ref": "a0a01705c5cac8da", "externalScene": null, "exposedEntity": "NotInRain"}, {"ref": "f9e161c6f7e90dd9", "externalScene": null, "exposedEntity": "NotInRain"}, {"ref": "898eb0d05335bc73", "externalScene": null, "exposedEntity": "NotInRain"}, {"ref": "1b3ec421ceb65dd1", "externalScene": null, "exposedEntity": "NotInRain"}, {"ref": "cf5e033d52c91869", "externalScene": null, "exposedEntity": "NotInRain"}, {"ref": "d44d43f610473658", "externalScene": null, "exposedEntity": "NotInRain"}, {"ref": "c231680198bf603b", "externalScene": null, "exposedEntity": "NotInRain"}, {"ref": "7b055aca27d78d06", "externalScene": null, "exposedEntity": "NotInRain"}, {"ref": "5b4493507a0fbbaf", "externalScene": null, "exposedEntity": "NotInRain"}, {"ref": "cac9dd25fea33d79", "externalScene": null, "exposedEntity": "NotInRain"}, {"ref": "43172eb981b4eff4", "externalScene": null, "exposedEntity": "NotInRain"}, {"ref": "94d372f0008c1768", "externalScene": null, "exposedEntity": "NotInRain"}, {"ref": "4716f331ef0bcf65", "externalScene": null, "exposedEntity": "NotInRain"}, {"ref": "3375dafcc936b067", "externalScene": null, "exposedEntity": "NotInRain"}, {"ref": "cf9da03041645c3b", "externalScene": null, "exposedEntity": "NotInRain"}, {"ref": "cbe2ad662badfea5", "externalScene": null, "exposedEntity": "NotInRain"}, {"ref": "630439bdabb80e68", "externalScene": null, "exposedEntity": "NotInRain"}, {"ref": "b4727a7b2808dbc0", "externalScene": null, "exposedEntity": "NotInRain"}, {"ref": "c0809bdfd7af00b7", "externalScene": null, "exposedEntity": "NotInRain"}, {"ref": "d4918ac6b033ae14", "externalScene": null, "exposedEntity": "NotInRain"}, {"ref": "7eb5673dac882f39", "externalScene": null, "exposedEntity": "NotInRain"}, {"ref": "f1ce0b1501476a9e", "externalScene": null, "exposedEntity": "NotInRain"}, {"ref": "c980904af85aa93d", "externalScene": null, "exposedEntity": "NotInRain"}, {"ref": "39115bb0260a1895", "externalScene": null, "exposedEntity": "NotInRain"}, {"ref": "8f411da2b2a5d516", "externalScene": null, "exposedEntity": "NotInRain"}, {"ref": "a6d2ddb4214e6b72", "externalScene": null, "exposedEntity": "NotInRain"}, {"ref": "09995c95cdd9c279", "externalScene": null, "exposedEntity": "NotInRain"}, {"ref": "6cb50b8c16f369db", "externalScene": null, "exposedEntity": "NotInRain"}, {"ref": "b6540be14b5de4f6", "externalScene": null, "exposedEntity": "NotInRain"}, {"ref": "5e2006683b4710f7", "externalScene": null, "exposedEntity": "NotInRain"}, {"ref": "d351c06fe6a92697", "externalScene": null, "exposedEntity": "NotInRain"}, {"ref": "2ff68a28ca2cc9a0", "externalScene": null, "exposedEntity": "NotInRain"}, {"ref": "6fbd6466772115cb", "externalScene": null, "exposedEntity": "NotInRain"}, {"ref": "3c7438871a78757a", "externalScene": null, "exposedEntity": "NotInRain"}, {"ref": "1ea0e0791e38c707", "externalScene": null, "exposedEntity": "NotInRain"}, {"ref": "42a368f5fe324bc4", "externalScene": null, "exposedEntity": "NotInRain"}, {"ref": "6c36cb82c8d918d0", "externalScene": null, "exposedEntity": "NotInRain"}, {"ref": "e80aad90ef0f15ec", "externalScene": null, "exposedEntity": "NotInRain"}, {"ref": "d54b592bfbc62f3e", "externalScene": null, "exposedEntity": "NotInRain"}, {"ref": "1c4b9f5ad8f72e3d", "externalScene": null, "exposedEntity": "NotInRain"}, {"ref": "48c7c1acc97b4c04", "externalScene": null, "exposedEntity": "NotInRain"}, {"ref": "4849118b57274d38", "externalScene": null, "exposedEntity": "NotInRain"}, {"ref": "562d78eb5e8a9acc", "externalScene": null, "exposedEntity": "NotInRain"}, {"ref": "f1936d60aa79109b", "externalScene": null, "exposedEntity": "NotInRain"}, {"ref": "e3dbd028e87ca29e", "externalScene": null, "exposedEntity": "NotInRain"}, {"ref": "6f68b494d9778b37", "externalScene": null, "exposedEntity": "NotInRain"}, {"ref": "d645c1bf6c53387b", "externalScene": null, "exposedEntity": "NotInRain"}, {"ref": "f8848e12a1b51e06", "externalScene": null, "exposedEntity": "NotInRain"}, {"ref": "f7cddd5ae4ce218a", "externalScene": null, "exposedEntity": "NotInRain"}, {"ref": "b7664817160ba0d5", "externalScene": null, "exposedEntity": "NotInRain"}, {"ref": "89048ef285ad0cfa", "externalScene": null, "exposedEntity": "NotInRain"}]}}, "editorOnly": false, "platformSpecificPropertyValues": []}}, {"op": "add", "path": "/entities/bbdbd12d43b05f23", "value": {"parent": "5734136bd8b247e8", "name": "RainKillBox For Room Include for F2_SecretRoom_A (35693)", "template": "[assembly:/_pro/effects/templates/liquid/fx_liquid.template?/rainkillbox.entitytemplate].pc_entitytype", "blueprint": "[assembly:/_pro/effects/templates/liquid/fx_liquid.template?/rainkillbox.entitytemplate].pc_entityblueprint", "properties": {"m_mTransform": {"type": "SMatrix43", "value": {"rotation": {"x": -0.0, "y": 0.0, "z": 45.2957956786874}, "position": {"x": -7.88791, "y": 34.2766, "z": 21.2452}}}, "m_vGlobalSize": {"type": "SVector3", "value": {"x": 1.354460001, "y": 8.0984096527, "z": 6.5511097908}}, "m_eidParent": {"type": "SEntityTemplateReference", "value": "fffffffffffffffe"}}, "postInitProperties": {}, "editorOnly": false, "platformSpecificPropertyValues": []}}, {"op": "add", "path": "/entities/cbe2ad662badfea5", "value": {"parent": "5734136bd8b247e8", "name": "RainKillBox For F1_ArchiveRoom", "template": "[assembly:/_pro/effects/templates/liquid/fx_liquid.template?/rainkillbox.entitytemplate].pc_entitytype", "blueprint": "[assembly:/_pro/effects/templates/liquid/fx_liquid.template?/rainkillbox.entitytemplate].pc_entityblueprint", "properties": {"m_mTransform": {"type": "SMatrix43", "value": {"rotation": {"x": -0.0, "y": 0.0, "z": -0.0}, "position": {"x": 36.0, "y": 34.0, "z": 4.0}}}, "m_vGlobalSize": {"type": "SVector3", "value": {"x": 10.547249794, "y": 12.4557096958, "z": 7.1274604798}}, "m_eidParent": {"type": "SEntityTemplateReference", "value": "fffffffffffffffe"}}, "postInitProperties": {}, "editorOnly": false, "platformSpecificPropertyValues": []}}, {"op": "add", "path": "/entities/b7664817160ba0d5", "value": {"parent": "5734136bd8b247e8", "name": "RainKillBox For Room Include for F1_GuestBedroom_B (48204)", "template": "[assembly:/_pro/effects/templates/liquid/fx_liquid.template?/rainkillbox.entitytemplate].pc_entitytype", "blueprint": "[assembly:/_pro/effects/templates/liquid/fx_liquid.template?/rainkillbox.entitytemplate].pc_entityblueprint", "properties": {"m_mTransform": {"type": "SMatrix43", "value": {"rotation": {"x": -0.0, "y": 0.0, "z": -0.0}, "position": {"x": -21.4537, "y": 47.5056, "z": 11.8421}}}, "m_vGlobalSize": {"type": "SVector3", "value": {"x": 0.9829180241, "y": 1.6817599535, "z": 1.8185399771}}, "m_eidParent": {"type": "SEntityTemplateReference", "value": "fffffffffffffffe"}}, "postInitProperties": {}, "editorOnly": false, "platformSpecificPropertyValues": []}}, {"op": "add", "path": "/entities/77660c1ec11ea30a", "value": {"parent": "5734136bd8b247e8", "name": "RainKillBox For F0_StaffRoom", "template": "[assembly:/_pro/effects/templates/liquid/fx_liquid.template?/rainkillbox.entitytemplate].pc_entitytype", "blueprint": "[assembly:/_pro/effects/templates/liquid/fx_liquid.template?/rainkillbox.entitytemplate].pc_entityblueprint", "properties": {"m_mTransform": {"type": "SMatrix43", "value": {"rotation": {"x": -0.0, "y": 0.0, "z": -0.0}, "position": {"x": 36.0, "y": 34.0, "z": 4.0}}}, "m_vGlobalSize": {"type": "SVector3", "value": {"x": 9.137129783699999, "y": 15.5445995331, "z": 6.7234923765}}, "m_eidParent": {"type": "SEntityTemplateReference", "value": "fffffffffffffffe"}}, "postInitProperties": {}, "editorOnly": false, "platformSpecificPropertyValues": []}}, {"op": "add", "path": "/entities/48c7c1acc97b4c04", "value": {"parent": "5734136bd8b247e8", "name": "RainKillBox For Room Include for F0_Library (48141)", "template": "[assembly:/_pro/effects/templates/liquid/fx_liquid.template?/rainkillbox.entitytemplate].pc_entitytype", "blueprint": "[assembly:/_pro/effects/templates/liquid/fx_liquid.template?/rainkillbox.entitytemplate].pc_entityblueprint", "properties": {"m_mTransform": {"type": "SMatrix43", "value": {"rotation": {"x": -0.0, "y": 0.0, "z": -0.0}, "position": {"x": -31.9653, "y": 8.94258, "z": 10.7878}}}, "m_vGlobalSize": {"type": "SVector3", "value": {"x": 5.5272698402, "y": 4.1848502159, "z": 13.9976997375}}, "m_eidParent": {"type": "SEntityTemplateReference", "value": "fffffffffffffffe"}}, "postInitProperties": {}, "editorOnly": false, "platformSpecificPropertyValues": []}}, {"op": "add", "path": "/entities/7eb5673dac882f39", "value": {"parent": "5734136bd8b247e8", "name": "RainKillBox For F2_AlexasBedroom", "template": "[assembly:/_pro/effects/templates/liquid/fx_liquid.template?/rainkillbox.entitytemplate].pc_entitytype", "blueprint": "[assembly:/_pro/effects/templates/liquid/fx_liquid.template?/rainkillbox.entitytemplate].pc_entityblueprint", "properties": {"m_mTransform": {"type": "SMatrix43", "value": {"rotation": {"x": -0.0, "y": 0.0, "z": -0.0}, "position": {"x": 36.0, "y": 34.0, "z": 4.0}}}, "m_vGlobalSize": {"type": "SVector3", "value": {"x": 20.7558994293, "y": 15.3770980834, "z": 7.562400817899999}}, "m_eidParent": {"type": "SEntityTemplateReference", "value": "fffffffffffffffe"}}, "postInitProperties": {}, "editorOnly": false, "platformSpecificPropertyValues": []}}, {"op": "add", "path": "/entities/630439bdabb80e68", "value": {"parent": "5734136bd8b247e8", "name": "RainKillBox For Room Include for F1_ArchiveRoom (46269)", "template": "[assembly:/_pro/effects/templates/liquid/fx_liquid.template?/rainkillbox.entitytemplate].pc_entitytype", "blueprint": "[assembly:/_pro/effects/templates/liquid/fx_liquid.template?/rainkillbox.entitytemplate].pc_entityblueprint", "properties": {"m_mTransform": {"type": "SMatrix43", "value": {"rotation": {"x": -0.0, "y": 0.0, "z": -0.0}, "position": {"x": 39.639, "y": 20.9524, "z": 13.8292}}}, "m_vGlobalSize": {"type": "SVector3", "value": {"x": 4.1401600838, "y": 4.4758901596, "z": 5.5834898949}}, "m_eidParent": {"type": "SEntityTemplateReference", "value": "fffffffffffffffe"}}, "postInitProperties": {}, "editorOnly": false, "platformSpecificPropertyValues": []}}, {"op": "add", "path": "/entities/468df175ed416b31", "value": {"parent": "5734136bd8b247e8", "name": "RainKillBox For F1_Hallway_B", "template": "[assembly:/_pro/effects/templates/liquid/fx_liquid.template?/rainkillbox.entitytemplate].pc_entitytype", "blueprint": "[assembly:/_pro/effects/templates/liquid/fx_liquid.template?/rainkillbox.entitytemplate].pc_entityblueprint", "properties": {"m_mTransform": {"type": "SMatrix43", "value": {"rotation": {"x": -0.0, "y": 0.0, "z": -0.0}, "position": {"x": 36.0, "y": 34.0, "z": 4.0}}}, "m_vGlobalSize": {"type": "SVector3", "value": {"x": 12.931549549100001, "y": 17.8000001907, "z": 20.680400371599998}}, "m_eidParent": {"type": "SEntityTemplateReference", "value": "fffffffffffffffe"}}, "postInitProperties": {}, "editorOnly": false, "platformSpecificPropertyValues": []}}, {"op": "add", "path": "/entities/1c4b9f5ad8f72e3d", "value": {"parent": "5734136bd8b247e8", "name": "RainKillBox For F0_Library", "template": "[assembly:/_pro/effects/templates/liquid/fx_liquid.template?/rainkillbox.entitytemplate].pc_entitytype", "blueprint": "[assembly:/_pro/effects/templates/liquid/fx_liquid.template?/rainkillbox.entitytemplate].pc_entityblueprint", "properties": {"m_mTransform": {"type": "SMatrix43", "value": {"rotation": {"x": -0.0, "y": 0.0, "z": -0.0}, "position": {"x": 2.0, "y": 9.0, "z": 4.0}}}, "m_vGlobalSize": {"type": "SVector3", "value": {"x": 19.341099738999997, "y": 20.7808303833, "z": 14.0287442654}}, "m_eidParent": {"type": "SEntityTemplateReference", "value": "fffffffffffffffe"}}, "postInitProperties": {}, "editorOnly": false, "platformSpecificPropertyValues": []}}, {"op": "add", "path": "/entities/562d78eb5e8a9acc", "value": {"parent": "5734136bd8b247e8", "name": "RainKillBox For Room Include for F0_Library (48141)", "template": "[assembly:/_pro/effects/templates/liquid/fx_liquid.template?/rainkillbox.entitytemplate].pc_entitytype", "blueprint": "[assembly:/_pro/effects/templates/liquid/fx_liquid.template?/rainkillbox.entitytemplate].pc_entityblueprint", "properties": {"m_mTransform": {"type": "SMatrix43", "value": {"rotation": {"x": -0.0, "y": 0.0, "z": -44.99987845724899}, "position": {"x": -30.0532, "y": 9.86609, "z": 10.4554}}}, "m_vGlobalSize": {"type": "SVector3", "value": {"x": 7.5619797707, "y": 4.3373098373, "z": 14.174200058}}, "m_eidParent": {"type": "SEntityTemplateReference", "value": "fffffffffffffffe"}}, "postInitProperties": {}, "editorOnly": false, "platformSpecificPropertyValues": []}}, {"op": "add", "path": "/entities/5734136bd8b247e8", "value": {"parent": "fffffffffffffffe", "name": "Rain Effects", "template": "[modules:/zentity.class].pc_entitytype", "blueprint": "[modules:/zentity.class].pc_entityblueprint", "properties": {}, "postInitProperties": {}, "editorOnly": false, "platformSpecificPropertyValues": [], "propertyAliases": []}}, {"op": "add", "path": "/entities/d54b592bfbc62f3e", "value": {"parent": "5734136bd8b247e8", "name": "RainKillBox For Room Include for F0_LivingRoom (48112)", "template": "[assembly:/_pro/effects/templates/liquid/fx_liquid.template?/rainkillbox.entitytemplate].pc_entitytype", "blueprint": "[assembly:/_pro/effects/templates/liquid/fx_liquid.template?/rainkillbox.entitytemplate].pc_entityblueprint", "properties": {"m_mTransform": {"type": "SMatrix43", "value": {"rotation": {"x": -0.0, "y": 0.0, "z": -59.999988432423876}, "position": {"x": -2.16196, "y": 63.8872, "z": 10.803}}}, "m_vGlobalSize": {"type": "SVector3", "value": {"x": 6.1440401077, "y": 4.0600399971, "z": 13.7653999329}}, "m_eidParent": {"type": "SEntityTemplateReference", "value": "fffffffffffffffe"}}, "postInitProperties": {}, "editorOnly": false, "platformSpecificPropertyValues": []}}, {"op": "add", "path": "/entities/f20a74488e406e4a", "value": {"parent": "5734136bd8b247e8", "name": "RainKillBox For Room Include for F1_Foyer_B (19153)", "template": "[assembly:/_pro/effects/templates/liquid/fx_liquid.template?/rainkillbox.entitytemplate].pc_entitytype", "blueprint": "[assembly:/_pro/effects/templates/liquid/fx_liquid.template?/rainkillbox.entitytemplate].pc_entityblueprint", "properties": {"m_mTransform": {"type": "SMatrix43", "value": {"rotation": {"x": -0.0, "y": 0.0, "z": -135.0}, "position": {"x": -2.38653, "y": -8.35827, "z": 14.3104}}}, "m_vGlobalSize": {"type": "SVector3", "value": {"x": 3.6943900585, "y": 3.6995298862, "z": 6.675549984}}, "m_eidParent": {"type": "SEntityTemplateReference", "value": "fffffffffffffffe"}}, "postInitProperties": {}, "editorOnly": false, "platformSpecificPropertyValues": []}}, {"op": "add", "path": "/entities/3a23635fa7195c0b", "value": {"parent": "5734136bd8b247e8", "name": "RainKillBox For Room Include for F2_SecretRoom_A (35693)", "template": "[assembly:/_pro/effects/templates/liquid/fx_liquid.template?/rainkillbox.entitytemplate].pc_entitytype", "blueprint": "[assembly:/_pro/effects/templates/liquid/fx_liquid.template?/rainkillbox.entitytemplate].pc_entityblueprint", "properties": {"m_mTransform": {"type": "SMatrix43", "value": {"rotation": {"x": -0.0, "y": 0.0, "z": 91.52676940669907}, "position": {"x": -8.34107, "y": 34.5165, "z": 21.2319}}}, "m_vGlobalSize": {"type": "SVector3", "value": {"x": 6.2322301865, "y": 6.8844399452, "z": 6.578909874}}, "m_eidParent": {"type": "SEntityTemplateReference", "value": "fffffffffffffffe"}}, "postInitProperties": {}, "editorOnly": false, "platformSpecificPropertyValues": []}}, {"op": "add", "path": "/entities/1ea0e0791e38c707", "value": {"parent": "5734136bd8b247e8", "name": "RainKillBox For Room Include for F0_LivingRoom (48112)", "template": "[assembly:/_pro/effects/templates/liquid/fx_liquid.template?/rainkillbox.entitytemplate].pc_entitytype", "blueprint": "[assembly:/_pro/effects/templates/liquid/fx_liquid.template?/rainkillbox.entitytemplate].pc_entityblueprint", "properties": {"m_mTransform": {"type": "SMatrix43", "value": {"rotation": {"x": -0.0, "y": 0.0, "z": -30.000061187163478}, "position": {"x": -3.65901, "y": 62.2242, "z": 10.7515}}}, "m_vGlobalSize": {"type": "SVector3", "value": {"x": 6.5986700058, "y": 4.3641700745, "z": 13.8683996201}}, "m_eidParent": {"type": "SEntityTemplateReference", "value": "fffffffffffffffe"}}, "postInitProperties": {}, "editorOnly": false, "platformSpecificPropertyValues": []}}, {"op": "add", "path": "/entities/bd5b49563d15c188", "value": {"parent": "5734136bd8b247e8", "name": "RainKillBox For F1_SecretRoom_B", "template": "[assembly:/_pro/effects/templates/liquid/fx_liquid.template?/rainkillbox.entitytemplate].pc_entitytype", "blueprint": "[assembly:/_pro/effects/templates/liquid/fx_liquid.template?/rainkillbox.entitytemplate].pc_entityblueprint", "properties": {"m_mTransform": {"type": "SMatrix43", "value": {"rotation": {"x": -0.0, "y": 0.0, "z": -0.0}, "position": {"x": 36.0, "y": 34.0, "z": 4.0}}}, "m_vGlobalSize": {"type": "SVector3", "value": {"x": 4.9321002961, "y": 16.4237906933, "z": 7.105000018999999}}, "m_eidParent": {"type": "SEntityTemplateReference", "value": "fffffffffffffffe"}}, "postInitProperties": {}, "editorOnly": false, "platformSpecificPropertyValues": []}}, {"op": "add", "path": "/entities/92b5a2662839f15b", "value": {"parent": "5734136bd8b247e8", "name": "RainKillBox For F0_Foyer_Staircase_A", "template": "[assembly:/_pro/effects/templates/liquid/fx_liquid.template?/rainkillbox.entitytemplate].pc_entitytype", "blueprint": "[assembly:/_pro/effects/templates/liquid/fx_liquid.template?/rainkillbox.entitytemplate].pc_entityblueprint", "properties": {"m_mTransform": {"type": "SMatrix43", "value": {"rotation": {"x": -0.0, "y": 0.0, "z": -0.0}, "position": {"x": 2.0, "y": 9.0, "z": 4.0}}}, "m_vGlobalSize": {"type": "SVector3", "value": {"x": 8.066650390700001, "y": 13.066310405700001, "z": 7.1239078566}}, "m_eidParent": {"type": "SEntityTemplateReference", "value": "fffffffffffffffe"}}, "postInitProperties": {}, "editorOnly": false, "platformSpecificPropertyValues": []}}, {"op": "add", "path": "/entities/c980904af85aa93d", "value": {"parent": "5734136bd8b247e8", "name": "RainKillBox For Room Include for F2_AlexasBedroom (47489)", "template": "[assembly:/_pro/effects/templates/liquid/fx_liquid.template?/rainkillbox.entitytemplate].pc_entitytype", "blueprint": "[assembly:/_pro/effects/templates/liquid/fx_liquid.template?/rainkillbox.entitytemplate].pc_entityblueprint", "properties": {"m_mTransform": {"type": "SMatrix43", "value": {"rotation": {"x": -0.0, "y": 0.0, "z": -0.0}, "position": {"x": -6.45636, "y": 14.5608, "z": 19.0053}}}, "m_vGlobalSize": {"type": "SVector3", "value": {"x": 1.732049942, "y": 1.7896000147, "z": 2.1048500538}}, "m_eidParent": {"type": "SEntityTemplateReference", "value": "fffffffffffffffe"}}, "postInitProperties": {}, "editorOnly": false, "platformSpecificPropertyValues": []}}, {"op": "add", "path": "/entities/5e2006683b4710f7", "value": {"parent": "5734136bd8b247e8", "name": "RainKillBox For Room Include for F1_GuestBedroom_A (47965)", "template": "[assembly:/_pro/effects/templates/liquid/fx_liquid.template?/rainkillbox.entitytemplate].pc_entitytype", "blueprint": "[assembly:/_pro/effects/templates/liquid/fx_liquid.template?/rainkillbox.entitytemplate].pc_entityblueprint", "properties": {"m_mTransform": {"type": "SMatrix43", "value": {"rotation": {"x": -0.0, "y": 0.0, "z": -0.0}, "position": {"x": 30.3645, "y": 11.75, "z": 14.3076}}}, "m_vGlobalSize": {"type": "SVector3", "value": {"x": 6.7967300415, "y": 3.4964799881, "z": 6.7153000832}}, "m_eidParent": {"type": "SEntityTemplateReference", "value": "fffffffffffffffe"}}, "postInitProperties": {}, "editorOnly": false, "platformSpecificPropertyValues": []}}, {"op": "add", "path": "/entities/36d2cfd112742341", "value": {"parent": "5734136bd8b247e8", "name": "RainKillBox For F1_Bathroom_A", "template": "[assembly:/_pro/effects/templates/liquid/fx_liquid.template?/rainkillbox.entitytemplate].pc_entitytype", "blueprint": "[assembly:/_pro/effects/templates/liquid/fx_liquid.template?/rainkillbox.entitytemplate].pc_entityblueprint", "properties": {"m_mTransform": {"type": "SMatrix43", "value": {"rotation": {"x": -0.0, "y": 0.0, "z": -0.0}, "position": {"x": 36.0, "y": 34.0, "z": 4.0}}}, "m_vGlobalSize": {"type": "SVector3", "value": {"x": 8.5564908981, "y": 5.957600593599999, "z": 7.225409984600001}}, "m_eidParent": {"type": "SEntityTemplateReference", "value": "fffffffffffffffe"}}, "postInitProperties": {}, "editorOnly": false, "platformSpecificPropertyValues": []}}, {"op": "add", "path": "/entities/362e4f52f5e9cc6f", "value": {"parent": "5734136bd8b247e8", "name": "RainKillBox For Room Include for F1_Foyer_B (19153)", "template": "[assembly:/_pro/effects/templates/liquid/fx_liquid.template?/rainkillbox.entitytemplate].pc_entitytype", "blueprint": "[assembly:/_pro/effects/templates/liquid/fx_liquid.template?/rainkillbox.entitytemplate].pc_entityblueprint", "properties": {"m_mTransform": {"type": "SMatrix43", "value": {"rotation": {"x": -0.0, "y": 0.0, "z": -0.0}, "position": {"x": 0.0134697, "y": -6.42479, "z": 14.2868}}}, "m_vGlobalSize": {"type": "SVector3", "value": {"x": 10.1858997345, "y": 3.6035399437, "z": 6.8920102119}}, "m_eidParent": {"type": "SEntityTemplateReference", "value": "fffffffffffffffe"}}, "postInitProperties": {}, "editorOnly": false, "platformSpecificPropertyValues": []}}, {"op": "add", "path": "/entities/d4918ac6b033ae14", "value": {"parent": "5734136bd8b247e8", "name": "RainKillBox For F0_Kitchen", "template": "[assembly:/_pro/effects/templates/liquid/fx_liquid.template?/rainkillbox.entitytemplate].pc_entitytype", "blueprint": "[assembly:/_pro/effects/templates/liquid/fx_liquid.template?/rainkillbox.entitytemplate].pc_entityblueprint", "properties": {"m_mTransform": {"type": "SMatrix43", "value": {"rotation": {"x": -0.0, "y": 0.0, "z": -0.0}, "position": {"x": 36.0, "y": 34.0, "z": 4.0}}}, "m_vGlobalSize": {"type": "SVector3", "value": {"x": 11.872250557, "y": 19.665129423099998, "z": 6.758991979099999}}, "m_eidParent": {"type": "SEntityTemplateReference", "value": "fffffffffffffffe"}}, "postInitProperties": {}, "editorOnly": false, "platformSpecificPropertyValues": []}}, {"op": "add", "path": "/entities/ea5bc218f2a2ffa8", "value": {"parent": "5734136bd8b247e8", "name": "RainKillBox For F0_KitchenStorage", "template": "[assembly:/_pro/effects/templates/liquid/fx_liquid.template?/rainkillbox.entitytemplate].pc_entitytype", "blueprint": "[assembly:/_pro/effects/templates/liquid/fx_liquid.template?/rainkillbox.entitytemplate].pc_entityblueprint", "properties": {"m_mTransform": {"type": "SMatrix43", "value": {"rotation": {"x": -0.0, "y": 0.0, "z": -0.0}, "position": {"x": 36.0, "y": 34.0, "z": 4.0}}}, "m_vGlobalSize": {"type": "SVector3", "value": {"x": 9.002500534099998, "y": 7.095500945999998, "z": 6.8803131953}}, "m_eidParent": {"type": "SEntityTemplateReference", "value": "fffffffffffffffe"}}, "postInitProperties": {}, "editorOnly": false, "platformSpecificPropertyValues": []}}, {"op": "add", "path": "/entities/aec7d1f6d7e032fc", "value": {"parent": "5734136bd8b247e8", "name": "RainKillBox For F2_AlexasCloset", "template": "[assembly:/_pro/effects/templates/liquid/fx_liquid.template?/rainkillbox.entitytemplate].pc_entitytype", "blueprint": "[assembly:/_pro/effects/templates/liquid/fx_liquid.template?/rainkillbox.entitytemplate].pc_entityblueprint", "properties": {"m_mTransform": {"type": "SMatrix43", "value": {"rotation": {"x": -0.0, "y": 0.0, "z": -0.0}, "position": {"x": 36.0, "y": 34.0, "z": 4.0}}}, "m_vGlobalSize": {"type": "SVector3", "value": {"x": 9.072700500499998, "y": 8.833800315799998, "z": 7.1118993759}}, "m_eidParent": {"type": "SEntityTemplateReference", "value": "fffffffffffffffe"}}, "postInitProperties": {}, "editorOnly": false, "platformSpecificPropertyValues": []}}, {"op": "add", "path": "/entities/9bb4db5a69ac50b4", "value": {"parent": "5734136bd8b247e8", "name": "RainKillBox For F1_SecretRoom", "template": "[assembly:/_pro/effects/templates/liquid/fx_liquid.template?/rainkillbox.entitytemplate].pc_entitytype", "blueprint": "[assembly:/_pro/effects/templates/liquid/fx_liquid.template?/rainkillbox.entitytemplate].pc_entityblueprint", "properties": {"m_mTransform": {"type": "SMatrix43", "value": {"rotation": {"x": -0.0, "y": 0.0, "z": -0.0}, "position": {"x": -13.0, "y": 28.0, "z": 11.0}}}, "m_vGlobalSize": {"type": "SVector3", "value": {"x": 4.5837600231, "y": 8.2737700939, "z": 6.6692066192}}, "m_eidParent": {"type": "SEntityTemplateReference", "value": "fffffffffffffffe"}}, "postInitProperties": {}, "editorOnly": false, "platformSpecificPropertyValues": []}}, {"op": "add", "path": "/entities/b4e161416a6efb6b", "value": {"parent": "5734136bd8b247e8", "name": "RainKillBox For Room Include for F0_Hallway_D (41921)", "template": "[assembly:/_pro/effects/templates/liquid/fx_liquid.template?/rainkillbox.entitytemplate].pc_entitytype", "blueprint": "[assembly:/_pro/effects/templates/liquid/fx_liquid.template?/rainkillbox.entitytemplate].pc_entityblueprint", "properties": {"m_mTransform": {"type": "SMatrix43", "value": {"rotation": {"x": -0.0, "y": 0.0, "z": -0.0}, "position": {"x": -16.9923, "y": 53.4941, "z": 7.23487}}}, "m_vGlobalSize": {"type": "SVector3", "value": {"x": 6.0481901169, "y": 1.9983099699, "z": 6.6781997681}}, "m_eidParent": {"type": "SEntityTemplateReference", "value": "fffffffffffffffe"}}, "postInitProperties": {}, "editorOnly": false, "platformSpecificPropertyValues": []}}, {"op": "add", "path": "/entities/3c7438871a78757a", "value": {"parent": "5734136bd8b247e8", "name": "RainKillBox For Room Include for F0_LivingRoom (48112)", "template": "[assembly:/_pro/effects/templates/liquid/fx_liquid.template?/rainkillbox.entitytemplate].pc_entitytype", "blueprint": "[assembly:/_pro/effects/templates/liquid/fx_liquid.template?/rainkillbox.entitytemplate].pc_entityblueprint", "properties": {"m_mTransform": {"type": "SMatrix43", "value": {"rotation": {"x": -0.0, "y": 0.0, "z": -0.0}, "position": {"x": 10.9893, "y": 57.2298, "z": 13.0783}}}, "m_vGlobalSize": {"type": "SVector3", "value": {"x": 1.0384500027, "y": 1.1049400568, "z": 4.1841697693}}, "m_eidParent": {"type": "SEntityTemplateReference", "value": "fffffffffffffffe"}}, "postInitProperties": {}, "editorOnly": false, "platformSpecificPropertyValues": []}}, {"op": "add", "path": "/entities/f32c5c00456467ab", "value": {"parent": "5734136bd8b247e8", "name": "RainKillBox For F0_TrophyRoom", "template": "[assembly:/_pro/effects/templates/liquid/fx_liquid.template?/rainkillbox.entitytemplate].pc_entitytype", "blueprint": "[assembly:/_pro/effects/templates/liquid/fx_liquid.template?/rainkillbox.entitytemplate].pc_entityblueprint", "properties": {"m_mTransform": {"type": "SMatrix43", "value": {"rotation": {"x": -0.0, "y": 0.0, "z": -0.0}, "position": {"x": 36.0, "y": 34.0, "z": 4.0}}}, "m_vGlobalSize": {"type": "SVector3", "value": {"x": 21.683601379400002, "y": 13.6124300957, "z": 6.758991979099999}}, "m_eidParent": {"type": "SEntityTemplateReference", "value": "fffffffffffffffe"}}, "postInitProperties": {}, "editorOnly": false, "platformSpecificPropertyValues": []}}, {"op": "add", "path": "/entities/5d4ee376c88f7e01", "value": {"parent": "5734136bd8b247e8", "name": "RainKillBox For Room Include for F1_Hallway_B (42189)", "template": "[assembly:/_pro/effects/templates/liquid/fx_liquid.template?/rainkillbox.entitytemplate].pc_entitytype", "blueprint": "[assembly:/_pro/effects/templates/liquid/fx_liquid.template?/rainkillbox.entitytemplate].pc_entityblueprint", "properties": {"m_mTransform": {"type": "SMatrix43", "value": {"rotation": {"x": -0.0, "y": 0.0, "z": -0.0}, "position": {"x": 15.5067, "y": 10.3884, "z": 14.4612}}}, "m_vGlobalSize": {"type": "SVector3", "value": {"x": 6.029779911, "y": 18.5102996826, "z": 6.9702000618}}, "m_eidParent": {"type": "SEntityTemplateReference", "value": "fffffffffffffffe"}}, "postInitProperties": {}, "editorOnly": false, "platformSpecificPropertyValues": []}}, {"op": "add", "path": "/entities/fd0094458aa85f63", "value": {"parent": "5734136bd8b247e8", "name": "RainKillBox For Room Include for F0_TrophyRoom (43819)", "template": "[assembly:/_pro/effects/templates/liquid/fx_liquid.template?/rainkillbox.entitytemplate].pc_entitytype", "blueprint": "[assembly:/_pro/effects/templates/liquid/fx_liquid.template?/rainkillbox.entitytemplate].pc_entityblueprint", "properties": {"m_mTransform": {"type": "SMatrix43", "value": {"rotation": {"x": -0.0, "y": 0.0, "z": -0.0}, "position": {"x": -45.4495, "y": 43.6956, "z": 7.31533}}}, "m_vGlobalSize": {"type": "SVector3", "value": {"x": 2.735519886, "y": 3.0611300468, "z": 6.693500042}}, "m_eidParent": {"type": "SEntityTemplateReference", "value": "fffffffffffffffe"}}, "postInitProperties": {}, "editorOnly": false, "platformSpecificPropertyValues": []}}, {"op": "add", "path": "/entities/e80aad90ef0f15ec", "value": {"parent": "5734136bd8b247e8", "name": "RainKillBox For Room Include for F0_LivingRoom (48112)", "template": "[assembly:/_pro/effects/templates/liquid/fx_liquid.template?/rainkillbox.entitytemplate].pc_entitytype", "blueprint": "[assembly:/_pro/effects/templates/liquid/fx_liquid.template?/rainkillbox.entitytemplate].pc_entityblueprint", "properties": {"m_mTransform": {"type": "SMatrix43", "value": {"rotation": {"x": -0.0, "y": 0.0, "z": -0.0}, "position": {"x": -0.0354662, "y": 59.8548, "z": 10.8236}}}, "m_vGlobalSize": {"type": "SVector3", "value": {"x": 15.043800354, "y": 5.8273100853, "z": 14.0124998093}}, "m_eidParent": {"type": "SEntityTemplateReference", "value": "fffffffffffffffe"}}, "postInitProperties": {}, "editorOnly": false, "platformSpecificPropertyValues": []}}, {"op": "add", "path": "/entities/83911b18f32878f3", "value": {"parent": "5734136bd8b247e8", "name": "RainKillBox For F1_SecretRoom_C", "template": "[assembly:/_pro/effects/templates/liquid/fx_liquid.template?/rainkillbox.entitytemplate].pc_entitytype", "blueprint": "[assembly:/_pro/effects/templates/liquid/fx_liquid.template?/rainkillbox.entitytemplate].pc_entityblueprint", "properties": {"m_mTransform": {"type": "SMatrix43", "value": {"rotation": {"x": -0.0, "y": 0.0, "z": -0.0}, "position": {"x": 36.0, "y": 34.0, "z": 4.0}}}, "m_vGlobalSize": {"type": "SVector3", "value": {"x": 11.436399698199999, "y": 4.646900176999999, "z": 7.2343201638000005}}, "m_eidParent": {"type": "SEntityTemplateReference", "value": "fffffffffffffffe"}}, "postInitProperties": {}, "editorOnly": false, "platformSpecificPropertyValues": []}}, {"op": "add", "path": "/entities/d351c06fe6a92697", "value": {"parent": "5734136bd8b247e8", "name": "RainKillBox For F0_LivingRoom", "template": "[assembly:/_pro/effects/templates/liquid/fx_liquid.template?/rainkillbox.entitytemplate].pc_entitytype", "blueprint": "[assembly:/_pro/effects/templates/liquid/fx_liquid.template?/rainkillbox.entitytemplate].pc_entityblueprint", "properties": {"m_mTransform": {"type": "SMatrix43", "value": {"rotation": {"x": -0.0, "y": 0.0, "z": -0.0}, "position": {"x": -7.0, "y": 52.0, "z": 4.0}}}, "m_vGlobalSize": {"type": "SVector3", "value": {"x": 27.1263990403, "y": 20.5431394577, "z": 13.885442040900001}}, "m_eidParent": {"type": "SEntityTemplateReference", "value": "fffffffffffffffe"}}, "postInitProperties": {}, "editorOnly": false, "platformSpecificPropertyValues": []}}, {"op": "add", "path": "/entities/f7cddd5ae4ce218a", "value": {"parent": "5734136bd8b247e8", "name": "RainKillBox For F1_GuestBedroom_B", "template": "[assembly:/_pro/effects/templates/liquid/fx_liquid.template?/rainkillbox.entitytemplate].pc_entitytype", "blueprint": "[assembly:/_pro/effects/templates/liquid/fx_liquid.template?/rainkillbox.entitytemplate].pc_entityblueprint", "properties": {"m_mTransform": {"type": "SMatrix43", "value": {"rotation": {"x": -0.0, "y": 0.0, "z": -0.0}, "position": {"x": 36.0, "y": 34.0, "z": 4.0}}}, "m_vGlobalSize": {"type": "SVector3", "value": {"x": 16.236797332800002, "y": 13.657360076900002, "z": 6.995680332100001}}, "m_eidParent": {"type": "SEntityTemplateReference", "value": "fffffffffffffffe"}}, "postInitProperties": {}, "editorOnly": false, "platformSpecificPropertyValues": []}}, {"op": "add", "path": "/entities/15f05ced6a5ac113", "value": {"parent": "5734136bd8b247e8", "name": "RainKillBox For F0_SecretRoom_B", "template": "[assembly:/_pro/effects/templates/liquid/fx_liquid.template?/rainkillbox.entitytemplate].pc_entitytype", "blueprint": "[assembly:/_pro/effects/templates/liquid/fx_liquid.template?/rainkillbox.entitytemplate].pc_entityblueprint", "properties": {"m_mTransform": {"type": "SMatrix43", "value": {"rotation": {"x": -0.0, "y": 0.0, "z": -0.0}, "position": {"x": 36.0, "y": 34.0, "z": 4.0}}}, "m_vGlobalSize": {"type": "SVector3", "value": {"x": 5.055399894700001, "y": 3.823679924, "z": 6.597198441700001}}, "m_eidParent": {"type": "SEntityTemplateReference", "value": "fffffffffffffffe"}}, "postInitProperties": {}, "editorOnly": false, "platformSpecificPropertyValues": []}}, {"op": "add", "path": "/entities/39115bb0260a1895", "value": {"parent": "5734136bd8b247e8", "name": "RainKillBox For Room Include for F2_AlexasBedroom (47489)", "template": "[assembly:/_pro/effects/templates/liquid/fx_liquid.template?/rainkillbox.entitytemplate].pc_entitytype", "blueprint": "[assembly:/_pro/effects/templates/liquid/fx_liquid.template?/rainkillbox.entitytemplate].pc_entityblueprint", "properties": {"m_mTransform": {"type": "SMatrix43", "value": {"rotation": {"x": -0.0, "y": 0.0, "z": -0.0}, "position": {"x": 0.153381, "y": 15.9588, "z": 21.271}}}, "m_vGlobalSize": {"type": "SVector3", "value": {"x": 6.3632397652, "y": 5.9919400215, "z": 6.6361598969}}, "m_eidParent": {"type": "SEntityTemplateReference", "value": "fffffffffffffffe"}}, "postInitProperties": {}, "editorOnly": false, "platformSpecificPropertyValues": []}}, {"op": "add", "path": "/entities/e77d60332a0b6968", "value": {"parent": "5734136bd8b247e8", "name": "RainKillBox For Room Include for F0_TrophyRoom (43819)", "template": "[assembly:/_pro/effects/templates/liquid/fx_liquid.template?/rainkillbox.entitytemplate].pc_entitytype", "blueprint": "[assembly:/_pro/effects/templates/liquid/fx_liquid.template?/rainkillbox.entitytemplate].pc_entityblueprint", "properties": {"m_mTransform": {"type": "SMatrix43", "value": {"rotation": {"x": -0.0, "y": 0.0, "z": -0.0}, "position": {"x": -29.9994, "y": 54.3977, "z": 7.22167}}}, "m_vGlobalSize": {"type": "SVector3", "value": {"x": 5.5624699593, "y": 3.805560112, "z": 6.6518101692}}, "m_eidParent": {"type": "SEntityTemplateReference", "value": "fffffffffffffffe"}}, "postInitProperties": {}, "editorOnly": false, "platformSpecificPropertyValues": []}}, {"op": "add", "path": "/entities/8f411da2b2a5d516", "value": {"parent": "5734136bd8b247e8", "name": "RainKillBox For F0_DiningRoom", "template": "[assembly:/_pro/effects/templates/liquid/fx_liquid.template?/rainkillbox.entitytemplate].pc_entitytype", "blueprint": "[assembly:/_pro/effects/templates/liquid/fx_liquid.template?/rainkillbox.entitytemplate].pc_entityblueprint", "properties": {"m_mTransform": {"type": "SMatrix43", "value": {"rotation": {"x": -0.0, "y": 0.0, "z": -0.0}, "position": {"x": 36.0, "y": 34.0, "z": 4.0}}}, "m_vGlobalSize": {"type": "SVector3", "value": {"x": 24.9266595841, "y": 13.073679924, "z": 6.8247115836}}, "m_eidParent": {"type": "SEntityTemplateReference", "value": "fffffffffffffffe"}}, "postInitProperties": {}, "editorOnly": false, "platformSpecificPropertyValues": []}}, {"op": "add", "path": "/entities/25ab8870e5bb57a1", "value": {"parent": "5734136bd8b247e8", "name": "RainKillBox For Room Include for F1_Foyer_B (19153)", "template": "[assembly:/_pro/effects/templates/liquid/fx_liquid.template?/rainkillbox.entitytemplate].pc_entitytype", "blueprint": "[assembly:/_pro/effects/templates/liquid/fx_liquid.template?/rainkillbox.entitytemplate].pc_entityblueprint", "properties": {"m_mTransform": {"type": "SMatrix43", "value": {"rotation": {"x": -0.0, "y": 0.0, "z": -0.0}, "position": {"x": -11.667, "y": 8.77163, "z": 14.2868}}}, "m_vGlobalSize": {"type": "SVector3", "value": {"x": 1.6783900261, "y": 17.5723991394, "z": 6.8920102119}}, "m_eidParent": {"type": "SEntityTemplateReference", "value": "fffffffffffffffe"}}, "postInitProperties": {}, "editorOnly": false, "platformSpecificPropertyValues": []}}, {"op": "add", "path": "/entities/6f62e3c689298e03", "value": {"parent": "5734136bd8b247e8", "name": "RainKillBox For F2_Hallway_A", "template": "[assembly:/_pro/effects/templates/liquid/fx_liquid.template?/rainkillbox.entitytemplate].pc_entitytype", "blueprint": "[assembly:/_pro/effects/templates/liquid/fx_liquid.template?/rainkillbox.entitytemplate].pc_entityblueprint", "properties": {"m_mTransform": {"type": "SMatrix43", "value": {"rotation": {"x": -0.0, "y": 0.0, "z": -0.0}, "position": {"x": 36.0, "y": 34.0, "z": 4.0}}}, "m_vGlobalSize": {"type": "SVector3", "value": {"x": 37.4364013672, "y": 8.1432101727, "z": 14.0483999252}}, "m_eidParent": {"type": "SEntityTemplateReference", "value": "fffffffffffffffe"}}, "postInitProperties": {}, "editorOnly": false, "platformSpecificPropertyValues": []}}, {"op": "add", "path": "/entities/ff605f1f355f9853", "value": {"parent": "5734136bd8b247e8", "name": "RainKillBox For F0_Bathroom_B", "template": "[assembly:/_pro/effects/templates/liquid/fx_liquid.template?/rainkillbox.entitytemplate].pc_entitytype", "blueprint": "[assembly:/_pro/effects/templates/liquid/fx_liquid.template?/rainkillbox.entitytemplate].pc_entityblueprint", "properties": {"m_mTransform": {"type": "SMatrix43", "value": {"rotation": {"x": -0.0, "y": 0.0, "z": -0.0}, "position": {"x": 36.0, "y": 34.0, "z": 4.0}}}, "m_vGlobalSize": {"type": "SVector3", "value": {"x": 8.451599120999994, "y": 6.438819885299999, "z": 6.878817345900001}}, "m_eidParent": {"type": "SEntityTemplateReference", "value": "fffffffffffffffe"}}, "postInitProperties": {}, "editorOnly": false, "platformSpecificPropertyValues": []}}, {"op": "add", "path": "/entities/7476fe48840547dd", "value": {"parent": "5734136bd8b247e8", "name": "RainKillBox For F0_Hallway_C", "template": "[assembly:/_pro/effects/templates/liquid/fx_liquid.template?/rainkillbox.entitytemplate].pc_entitytype", "blueprint": "[assembly:/_pro/effects/templates/liquid/fx_liquid.template?/rainkillbox.entitytemplate].pc_entityblueprint", "properties": {"m_mTransform": {"type": "SMatrix43", "value": {"rotation": {"x": -0.0, "y": 0.0, "z": -0.0}, "position": {"x": 1.0, "y": 1.0, "z": 1.0}}}, "m_vGlobalSize": {"type": "SVector3", "value": {"x": 7.534799575800001, "y": 10.203199386599998, "z": 7.0981099605}}, "m_eidParent": {"type": "SEntityTemplateReference", "value": "fffffffffffffffe"}}, "postInitProperties": {}, "editorOnly": false, "platformSpecificPropertyValues": []}}, {"op": "add", "path": "/entities/4849118b57274d38", "value": {"parent": "5734136bd8b247e8", "name": "RainKillBox For Room Include for F0_Library (48141)", "template": "[assembly:/_pro/effects/templates/liquid/fx_liquid.template?/rainkillbox.entitytemplate].pc_entitytype", "blueprint": "[assembly:/_pro/effects/templates/liquid/fx_liquid.template?/rainkillbox.entitytemplate].pc_entityblueprint", "properties": {"m_mTransform": {"type": "SMatrix43", "value": {"rotation": {"x": -0.0, "y": 0.0, "z": -0.0}, "position": {"x": -12.1055, "y": 11.7486, "z": 7.30933}}}, "m_vGlobalSize": {"type": "SVector3", "value": {"x": 1.2439600229, "y": 20.1501998901, "z": 6.7658500671}}, "m_eidParent": {"type": "SEntityTemplateReference", "value": "fffffffffffffffe"}}, "postInitProperties": {}, "editorOnly": false, "platformSpecificPropertyValues": []}}, {"op": "add", "path": "/entities/c149b0ee18e3ce67", "value": {"parent": "5734136bd8b247e8", "name": "RainKillBox For F1_Bathroom_B", "template": "[assembly:/_pro/effects/templates/liquid/fx_liquid.template?/rainkillbox.entitytemplate].pc_entitytype", "blueprint": "[assembly:/_pro/effects/templates/liquid/fx_liquid.template?/rainkillbox.entitytemplate].pc_entityblueprint", "properties": {"m_mTransform": {"type": "SMatrix43", "value": {"rotation": {"x": -0.0, "y": 0.0, "z": -0.0}, "position": {"x": 36.0, "y": 34.0, "z": 4.0}}}, "m_vGlobalSize": {"type": "SVector3", "value": {"x": 5.071800231899999, "y": 8.7898988724, "z": 7.112579822600001}}, "m_eidParent": {"type": "SEntityTemplateReference", "value": "fffffffffffffffe"}}, "postInitProperties": {}, "editorOnly": false, "platformSpecificPropertyValues": []}}, {"op": "add", "path": "/entities/c231680198bf603b", "value": {"parent": "5734136bd8b247e8", "name": "RainKillBox For Room Include for F1_Hallway_E (44355)", "template": "[assembly:/_pro/effects/templates/liquid/fx_liquid.template?/rainkillbox.entitytemplate].pc_entitytype", "blueprint": "[assembly:/_pro/effects/templates/liquid/fx_liquid.template?/rainkillbox.entitytemplate].pc_entityblueprint", "properties": {"m_mTransform": {"type": "SMatrix43", "value": {"rotation": {"x": -0.0, "y": 0.0, "z": -0.0}, "position": {"x": -21.1224, "y": 33.5155, "z": 13.2393}}}, "m_vGlobalSize": {"type": "SVector3", "value": {"x": 1.4065799713, "y": 1.0509400368, "z": 5.3036999702}}, "m_eidParent": {"type": "SEntityTemplateReference", "value": "fffffffffffffffe"}}, "postInitProperties": {}, "editorOnly": false, "platformSpecificPropertyValues": []}}, {"op": "add", "path": "/entities/74e5553ecfc8cee2", "value": {"parent": "5734136bd8b247e8", "name": "RainKillBox For F0_Hallway_E", "template": "[assembly:/_pro/effects/templates/liquid/fx_liquid.template?/rainkillbox.entitytemplate].pc_entitytype", "blueprint": "[assembly:/_pro/effects/templates/liquid/fx_liquid.template?/rainkillbox.entitytemplate].pc_entityblueprint", "properties": {"m_mTransform": {"type": "SMatrix43", "value": {"rotation": {"x": -0.0, "y": 0.0, "z": -0.0}, "position": {"x": 36.0, "y": 34.0, "z": 4.0}}}, "m_vGlobalSize": {"type": "SVector3", "value": {"x": 11.4764800072, "y": 6.9971501827, "z": 6.8332216963}}, "m_eidParent": {"type": "SEntityTemplateReference", "value": "fffffffffffffffe"}}, "postInitProperties": {}, "editorOnly": false, "platformSpecificPropertyValues": []}}, {"op": "add", "path": "/entities/b7fe5451a6e3d975", "value": {"parent": "5734136bd8b247e8", "name": "RainKillBox For Room Include for F2_Hallway_A (44125)", "template": "[assembly:/_pro/effects/templates/liquid/fx_liquid.template?/rainkillbox.entitytemplate].pc_entitytype", "blueprint": "[assembly:/_pro/effects/templates/liquid/fx_liquid.template?/rainkillbox.entitytemplate].pc_entityblueprint", "properties": {"m_mTransform": {"type": "SMatrix43", "value": {"rotation": {"x": -0.0, "y": 0.0, "z": -0.0}, "position": {"x": -1.26926, "y": 26.9969, "z": 25.3263}}}, "m_vGlobalSize": {"type": "SVector3", "value": {"x": 42.5312995911, "y": 8.4612903595, "z": 0.9797210097}}, "m_eidParent": {"type": "SEntityTemplateReference", "value": "fffffffffffffffe"}}, "postInitProperties": {}, "editorOnly": false, "platformSpecificPropertyValues": []}}, {"op": "add", "path": "/entities/f8848e12a1b51e06", "value": {"parent": "5734136bd8b247e8", "name": "RainKillBox For Room Include for F0_Hallway_B (48153)", "template": "[assembly:/_pro/effects/templates/liquid/fx_liquid.template?/rainkillbox.entitytemplate].pc_entitytype", "blueprint": "[assembly:/_pro/effects/templates/liquid/fx_liquid.template?/rainkillbox.entitytemplate].pc_entityblueprint", "properties": {"m_mTransform": {"type": "SMatrix43", "value": {"rotation": {"x": -0.0, "y": 0.0, "z": -0.0}, "position": {"x": 19.6646, "y": 33.5931, "z": 7.16614}}}, "m_vGlobalSize": {"type": "SVector3", "value": {"x": 15.6597995758, "y": 6.9302201271, "z": 6.9211401939}}, "m_eidParent": {"type": "SEntityTemplateReference", "value": "fffffffffffffffe"}}, "postInitProperties": {}, "editorOnly": false, "platformSpecificPropertyValues": []}}, {"op": "add", "path": "/entities/09995c95cdd9c279", "value": {"parent": "5734136bd8b247e8", "name": "RainKillBox For Room Include for F0_DiningRoom (47696)", "template": "[assembly:/_pro/effects/templates/liquid/fx_liquid.template?/rainkillbox.entitytemplate].pc_entitytype", "blueprint": "[assembly:/_pro/effects/templates/liquid/fx_liquid.template?/rainkillbox.entitytemplate].pc_entityblueprint", "properties": {"m_mTransform": {"type": "SMatrix43", "value": {"rotation": {"x": -0.0, "y": 0.0, "z": -0.0}, "position": {"x": 32.0053, "y": 55.9701, "z": 7.28077}}}, "m_vGlobalSize": {"type": "SVector3", "value": {"x": 14.6947002411, "y": 5.6798200607, "z": 7.001709938}}, "m_eidParent": {"type": "SEntityTemplateReference", "value": "fffffffffffffffe"}}, "postInitProperties": {}, "editorOnly": false, "platformSpecificPropertyValues": []}}, {"op": "add", "path": "/entities/5b4493507a0fbbaf", "value": {"parent": "5734136bd8b247e8", "name": "RainKillBox For F2_AlexasBathroom", "template": "[assembly:/_pro/effects/templates/liquid/fx_liquid.template?/rainkillbox.entitytemplate].pc_entitytype", "blueprint": "[assembly:/_pro/effects/templates/liquid/fx_liquid.template?/rainkillbox.entitytemplate].pc_entityblueprint", "properties": {"m_mTransform": {"type": "SMatrix43", "value": {"rotation": {"x": -0.0, "y": 0.0, "z": -0.0}, "position": {"x": 36.0, "y": 34.0, "z": 4.0}}}, "m_vGlobalSize": {"type": "SVector3", "value": {"x": 9.233001709, "y": 12.960800170899997, "z": 7.1641988755}}, "m_eidParent": {"type": "SEntityTemplateReference", "value": "fffffffffffffffe"}}, "postInitProperties": {}, "editorOnly": false, "platformSpecificPropertyValues": []}}, {"op": "add", "path": "/entities/4716f331ef0bcf65", "value": {"parent": "5734136bd8b247e8", "name": "RainKillBox For F2_AlexasOffice_A", "template": "[assembly:/_pro/effects/templates/liquid/fx_liquid.template?/rainkillbox.entitytemplate].pc_entitytype", "blueprint": "[assembly:/_pro/effects/templates/liquid/fx_liquid.template?/rainkillbox.entitytemplate].pc_entityblueprint", "properties": {"m_mTransform": {"type": "SMatrix43", "value": {"rotation": {"x": -0.0, "y": 0.0, "z": -0.0}, "position": {"x": 36.0, "y": 34.0, "z": 4.0}}}, "m_vGlobalSize": {"type": "SVector3", "value": {"x": 22.6653003692, "y": 23.4372491836, "z": 28.4255981445}}, "m_eidParent": {"type": "SEntityTemplateReference", "value": "fffffffffffffffe"}}, "postInitProperties": {}, "editorOnly": false, "platformSpecificPropertyValues": []}}, {"op": "add", "path": "/entities/06a382b5076b865b", "value": {"parent": "5734136bd8b247e8", "name": "RainKillBox For F0_Entrance", "template": "[assembly:/_pro/effects/templates/liquid/fx_liquid.template?/rainkillbox.entitytemplate].pc_entitytype", "blueprint": "[assembly:/_pro/effects/templates/liquid/fx_liquid.template?/rainkillbox.entitytemplate].pc_entityblueprint", "properties": {"m_mTransform": {"type": "SMatrix43", "value": {"rotation": {"x": -0.0, "y": 0.0, "z": -0.0}, "position": {"x": -0.3206329942, "y": -10.2333803177, "z": 4.0}}}, "m_vGlobalSize": {"type": "SVector3", "value": {"x": 10.0002698898, "y": 11.8375301361, "z": 7.2660931349}}, "m_eidParent": {"type": "SEntityTemplateReference", "value": "fffffffffffffffe"}}, "postInitProperties": {}, "editorOnly": false, "platformSpecificPropertyValues": []}}, {"op": "add", "path": "/entities/6fbd6466772115cb", "value": {"parent": "5734136bd8b247e8", "name": "RainKillBox For Room Include for F0_LivingRoom (48112)", "template": "[assembly:/_pro/effects/templates/liquid/fx_liquid.template?/rainkillbox.entitytemplate].pc_entitytype", "blueprint": "[assembly:/_pro/effects/templates/liquid/fx_liquid.template?/rainkillbox.entitytemplate].pc_entityblueprint", "properties": {"m_mTransform": {"type": "SMatrix43", "value": {"rotation": {"x": -0.0, "y": 0.0, "z": -149.99993881283655}, "position": {"x": 2.54799, "y": 61.3255, "z": 10.803}}}, "m_vGlobalSize": {"type": "SVector3", "value": {"x": 9.1571302414, "y": 4.5976500511, "z": 13.7653999329}}, "m_eidParent": {"type": "SEntityTemplateReference", "value": "fffffffffffffffe"}}, "postInitProperties": {}, "editorOnly": false, "platformSpecificPropertyValues": []}}, {"op": "add", "path": "/entities/ff4b2381aa73ca0f", "value": {"parent": "5734136bd8b247e8", "name": "RainKillBox For F0_Foyer_A", "template": "[assembly:/_pro/effects/templates/liquid/fx_liquid.template?/rainkillbox.entitytemplate].pc_entitytype", "blueprint": "[assembly:/_pro/effects/templates/liquid/fx_liquid.template?/rainkillbox.entitytemplate].pc_entityblueprint", "properties": {"m_mTransform": {"type": "SMatrix43", "value": {"rotation": {"x": -0.0, "y": 0.0, "z": -0.0}, "position": {"x": 2.0, "y": 9.0, "z": 4.0}}}, "m_vGlobalSize": {"type": "SVector3", "value": {"x": 23.096449852, "y": 17.0627393722, "z": 7.064804580100001}}, "m_eidParent": {"type": "SEntityTemplateReference", "value": "fffffffffffffffe"}}, "postInitProperties": {}, "editorOnly": false, "platformSpecificPropertyValues": []}}, {"op": "add", "path": "/entities/334041aa6cb127a4", "value": {"parent": "5734136bd8b247e8", "name": "RainKillBox For F2_AlexasPrivateRoom", "template": "[assembly:/_pro/effects/templates/liquid/fx_liquid.template?/rainkillbox.entitytemplate].pc_entitytype", "blueprint": "[assembly:/_pro/effects/templates/liquid/fx_liquid.template?/rainkillbox.entitytemplate].pc_entityblueprint", "properties": {"m_mTransform": {"type": "SMatrix43", "value": {"rotation": {"x": -0.0, "y": 0.0, "z": -0.0}, "position": {"x": 0.0, "y": 0.0, "z": 0.0}}}, "m_vGlobalSize": {"type": "SVector3", "value": {"x": 6.5966005325, "y": 9.737697601299999, "z": 6.904701233000001}}, "m_eidParent": {"type": "SEntityTemplateReference", "value": "fffffffffffffffe"}}, "postInitProperties": {}, "editorOnly": false, "platformSpecificPropertyValues": []}}, {"op": "add", "path": "/entities/8312824e32bb092b", "value": {"parent": "5734136bd8b247e8", "name": "RainKillBox For Room Include for F2_Hallway_A (44125)", "template": "[assembly:/_pro/effects/templates/liquid/fx_liquid.template?/rainkillbox.entitytemplate].pc_entitytype", "blueprint": "[assembly:/_pro/effects/templates/liquid/fx_liquid.template?/rainkillbox.entitytemplate].pc_entityblueprint", "properties": {"m_mTransform": {"type": "SMatrix43", "value": {"rotation": {"x": -0.0, "y": 0.0, "z": 45.0}, "position": {"x": -21.3879, "y": 26.643, "z": 20.2117}}}, "m_vGlobalSize": {"type": "SVector3", "value": {"x": 4.3966798782, "y": 1.0749499798, "z": 4.6008601189}}, "m_eidParent": {"type": "SEntityTemplateReference", "value": "fffffffffffffffe"}}, "postInitProperties": {}, "editorOnly": false, "platformSpecificPropertyValues": []}}, {"op": "add", "path": "/entities/994dbd9bd36dd5d6", "value": {"parent": "5734136bd8b247e8", "name": "RainKillBox For Room Include for F2_Hallway_A (44125)", "template": "[assembly:/_pro/effects/templates/liquid/fx_liquid.template?/rainkillbox.entitytemplate].pc_entitytype", "blueprint": "[assembly:/_pro/effects/templates/liquid/fx_liquid.template?/rainkillbox.entitytemplate].pc_entityblueprint", "properties": {"m_mTransform": {"type": "SMatrix43", "value": {"rotation": {"x": -0.0, "y": 0.0, "z": -0.0}, "position": {"x": -21.2864, "y": 27.0126, "z": 21.1952}}}, "m_vGlobalSize": {"type": "SVector3", "value": {"x": 0.9506360292, "y": 3.9105598927, "z": 6.5677800179}}, "m_eidParent": {"type": "SEntityTemplateReference", "value": "fffffffffffffffe"}}, "postInitProperties": {}, "editorOnly": false, "platformSpecificPropertyValues": []}}, {"op": "add", "path": "/entities/064a304472ada3d8", "value": {"parent": "5734136bd8b247e8", "name": "RainKillBox For F1_Foyer_B", "template": "[assembly:/_pro/effects/templates/liquid/fx_liquid.template?/rainkillbox.entitytemplate].pc_entitytype", "blueprint": "[assembly:/_pro/effects/templates/liquid/fx_liquid.template?/rainkillbox.entitytemplate].pc_entityblueprint", "properties": {"m_mTransform": {"type": "SMatrix43", "value": {"rotation": {"x": -0.0, "y": 0.0, "z": -0.0}, "position": {"x": 36.0, "y": 34.0, "z": 4.0}}}, "m_vGlobalSize": {"type": "SVector3", "value": {"x": 23.543399810799997, "y": 30.252238988899997, "z": 7.305280208600001}}, "m_eidParent": {"type": "SEntityTemplateReference", "value": "fffffffffffffffe"}}, "postInitProperties": {}, "editorOnly": false, "platformSpecificPropertyValues": []}}, {"op": "add", "path": "/entities/d3406b2419eb5f72", "value": {"parent": "5734136bd8b247e8", "name": "RainKillBox For F0_Foyer_Staircase_B", "template": "[assembly:/_pro/effects/templates/liquid/fx_liquid.template?/rainkillbox.entitytemplate].pc_entitytype", "blueprint": "[assembly:/_pro/effects/templates/liquid/fx_liquid.template?/rainkillbox.entitytemplate].pc_entityblueprint", "properties": {"m_mTransform": {"type": "SMatrix43", "value": {"rotation": {"x": -0.0, "y": 0.0, "z": -0.0}, "position": {"x": 2.0999999046, "y": 9.0, "z": 4.0}}}, "m_vGlobalSize": {"type": "SVector3", "value": {"x": 8.1598895788, "y": 12.5589008332, "z": 7.1328410060000005}}, "m_eidParent": {"type": "SEntityTemplateReference", "value": "fffffffffffffffe"}}, "postInitProperties": {}, "editorOnly": false, "platformSpecificPropertyValues": []}}, {"op": "add", "path": "/entities/01a5239764d6f47e", "value": {"parent": "5734136bd8b247e8", "name": "RainKillBox For F1_Hallway_A", "template": "[assembly:/_pro/effects/templates/liquid/fx_liquid.template?/rainkillbox.entitytemplate].pc_entitytype", "blueprint": "[assembly:/_pro/effects/templates/liquid/fx_liquid.template?/rainkillbox.entitytemplate].pc_entityblueprint", "properties": {"m_mTransform": {"type": "SMatrix43", "value": {"rotation": {"x": -0.0, "y": 0.0, "z": -0.0}, "position": {"x": 36.0, "y": 34.0, "z": 4.0}}}, "m_vGlobalSize": {"type": "SVector3", "value": {"x": 9.7368402482, "y": 7.0206601619, "z": 7.1120204925}}, "m_eidParent": {"type": "SEntityTemplateReference", "value": "fffffffffffffffe"}}, "postInitProperties": {}, "editorOnly": false, "platformSpecificPropertyValues": []}}, {"op": "add", "path": "/entities/003d17cf616ec143", "value": {"parent": "5734136bd8b247e8", "name": "RainKillBox For Room Include for F0_Foyer_A (43534)", "template": "[assembly:/_pro/effects/templates/liquid/fx_liquid.template?/rainkillbox.entitytemplate].pc_entitytype", "blueprint": "[assembly:/_pro/effects/templates/liquid/fx_liquid.template?/rainkillbox.entitytemplate].pc_entityblueprint", "properties": {"m_mTransform": {"type": "SMatrix43", "value": {"rotation": {"x": -0.0, "y": 0.0, "z": -0.0}, "position": {"x": 0.00145602, "y": -2.65617, "z": 7.29521}}}, "m_vGlobalSize": {"type": "SVector3", "value": {"x": 14.5956001282, "y": 6.2132902145, "z": 6.8491301537}}, "m_eidParent": {"type": "SEntityTemplateReference", "value": "fffffffffffffffe"}}, "postInitProperties": {}, "editorOnly": false, "platformSpecificPropertyValues": []}}, {"op": "add", "path": "/entities/3375dafcc936b067", "value": {"parent": "5734136bd8b247e8", "name": "RainKillBox For Room Include for F2_AlexasOffice_A (45784)", "template": "[assembly:/_pro/effects/templates/liquid/fx_liquid.template?/rainkillbox.entitytemplate].pc_entitytype", "blueprint": "[assembly:/_pro/effects/templates/liquid/fx_liquid.template?/rainkillbox.entitytemplate].pc_entityblueprint", "properties": {"m_mTransform": {"type": "SMatrix43", "value": {"rotation": {"x": -0.0, "y": 0.0, "z": -0.0}, "position": {"x": 0.00299835, "y": 55.8584, "z": 28.2563}}}, "m_vGlobalSize": {"type": "SVector3", "value": {"x": 5.0412302017, "y": 3.1997199059, "z": 6.6045298576}}, "m_eidParent": {"type": "SEntityTemplateReference", "value": "fffffffffffffffe"}}, "postInitProperties": {}, "editorOnly": false, "platformSpecificPropertyValues": []}}, {"op": "add", "path": "/entities/c0809bdfd7af00b7", "value": {"parent": "5734136bd8b247e8", "name": "RainKillBox For Room Include for F0_Hallway_A (46319)", "template": "[assembly:/_pro/effects/templates/liquid/fx_liquid.template?/rainkillbox.entitytemplate].pc_entitytype", "blueprint": "[assembly:/_pro/effects/templates/liquid/fx_liquid.template?/rainkillbox.entitytemplate].pc_entityblueprint", "properties": {"m_mTransform": {"type": "SMatrix43", "value": {"rotation": {"x": -0.0, "y": 0.0, "z": -0.0}, "position": {"x": 0.021302, "y": 33.6126, "z": 7.27273}}}, "m_vGlobalSize": {"type": "SVector3", "value": {"x": 23.0981998444, "y": 6.9416799545, "z": 7.1343197823}}, "m_eidParent": {"type": "SEntityTemplateReference", "value": "fffffffffffffffe"}}, "postInitProperties": {}, "editorOnly": false, "platformSpecificPropertyValues": []}}, {"op": "add", "path": "/entities/320fbee8f416f2a8", "value": {"parent": "5734136bd8b247e8", "name": "RainKillBox For Room Include for F2_Hallway_A (44125)", "template": "[assembly:/_pro/effects/templates/liquid/fx_liquid.template?/rainkillbox.entitytemplate].pc_entitytype", "blueprint": "[assembly:/_pro/effects/templates/liquid/fx_liquid.template?/rainkillbox.entitytemplate].pc_entityblueprint", "properties": {"m_mTransform": {"type": "SMatrix43", "value": {"rotation": {"x": -0.0, "y": 0.0, "z": -0.0}, "position": {"x": 0.0549889, "y": 22.0926, "z": 21.1267}}}, "m_vGlobalSize": {"type": "SVector3", "value": {"x": 6.5934901237, "y": 6.4049401283, "z": 7.0166101456}}, "m_eidParent": {"type": "SEntityTemplateReference", "value": "fffffffffffffffe"}}, "postInitProperties": {}, "editorOnly": false, "platformSpecificPropertyValues": []}}, {"op": "add", "path": "/entities/9e1bd5fcdad93e2a", "value": {"parent": "5734136bd8b247e8", "name": "FX_E_Rain", "template": "[assembly:/_pro/effects/templates/liquid/fx_liquid.template?/fx_e_rain.entitytemplate].pc_entitytype", "blueprint": "[assembly:/_pro/effects/templates/liquid/fx_liquid.template?/fx_e_rain.entitytemplate].pc_entityblueprint", "properties": {"m_mTransform": {"type": "SMatrix43", "value": {"rotation": {"x": 0.0, "y": 0.0, "z": 0.0}, "position": {"x": 0.0, "y": 0.0, "z": 0.0}}}, "RainWindMultiplier": {"type": "float32", "value": 1.2000000476837158}, "GroundSplashAlpha": {"type": "float32", "value": 0.20000000298023224}, "RainMinimumSize": {"type": "float32", "value": 0.800000011920929}, "RainMaximumSize": {"type": "float32", "value": 1.5}, "RainMotionStretchFactor": {"type": "float32", "value": 5}, "RainReflectivity": {"type": "float32", "value": 0.800000011920929}, "m_fCameraFadeNearDistance": {"type": "float32", "value": 1}, "m_fCameraFadeFarDistance": {"type": "float32", "value": 2}, "RainParticlesPerSecond": {"type": "float32", "value": 4000}, "RainRefraction": {"type": "float32", "value": 5}, "m_fCameraFadeSizeFactor": {"type": "float32", "value": 100}, "RainSplashesFlatGroundEnabled": {"type": "bool", "value": true}, "InfinityRadius": {"type": "float32", "value": 10}}, "postInitProperties": {"ParentHitman": {"type": "SEntityTemplateReference", "value": "87d826a814078bff"}, "m_eidParent": {"type": "SEntityTemplateReference", "value": "aff994cc4a72c41f"}}, "editorOnly": false, "platformSpecificPropertyValues": []}}, {"op": "add", "path": "/entities/e3dbd028e87ca29e", "value": {"parent": "5734136bd8b247e8", "name": "RainKillBox For Room Include for F0_Library (48141)", "template": "[assembly:/_pro/effects/templates/liquid/fx_liquid.template?/rainkillbox.entitytemplate].pc_entitytype", "blueprint": "[assembly:/_pro/effects/templates/liquid/fx_liquid.template?/rainkillbox.entitytemplate].pc_entityblueprint", "properties": {"m_mTransform": {"type": "SMatrix43", "value": {"rotation": {"x": -0.0, "y": 0.0, "z": -0.0}, "position": {"x": -16.9942, "y": 21.4115, "z": 7.30933}}}, "m_vGlobalSize": {"type": "SVector3", "value": {"x": 3.4967300892, "y": 1.4271299839, "z": 6.7658500671}}, "m_eidParent": {"type": "SEntityTemplateReference", "value": "fffffffffffffffe"}}, "postInitProperties": {}, "editorOnly": false, "platformSpecificPropertyValues": []}}, {"op": "add", "path": "/entities/42a368f5fe324bc4", "value": {"parent": "5734136bd8b247e8", "name": "RainKillBox For Room Include for F0_LivingRoom (48112)", "template": "[assembly:/_pro/effects/templates/liquid/fx_liquid.template?/rainkillbox.entitytemplate].pc_entitytype", "blueprint": "[assembly:/_pro/effects/templates/liquid/fx_liquid.template?/rainkillbox.entitytemplate].pc_entityblueprint", "properties": {"m_mTransform": {"type": "SMatrix43", "value": {"rotation": {"x": -0.0, "y": 0.0, "z": -120.00001156757612}, "position": {"x": 1.99224, "y": 62.9869, "z": 10.6768}}}, "m_vGlobalSize": {"type": "SVector3", "value": {"x": 7.7830600739, "y": 4.5207400322, "z": 14.0179004669}}, "m_eidParent": {"type": "SEntityTemplateReference", "value": "fffffffffffffffe"}}, "postInitProperties": {}, "editorOnly": false, "platformSpecificPropertyValues": []}}, {"op": "add", "path": "/entities/6f68b494d9778b37", "value": {"parent": "5734136bd8b247e8", "name": "RainKillBox For F0_Hallway_B", "template": "[assembly:/_pro/effects/templates/liquid/fx_liquid.template?/rainkillbox.entitytemplate].pc_entitytype", "blueprint": "[assembly:/_pro/effects/templates/liquid/fx_liquid.template?/rainkillbox.entitytemplate].pc_entityblueprint", "properties": {"m_mTransform": {"type": "SMatrix43", "value": {"rotation": {"x": -0.0, "y": 0.0, "z": -0.0}, "position": {"x": 18.0, "y": 9.0, "z": 4.0}}}, "m_vGlobalSize": {"type": "SVector3", "value": {"x": 7.1099739671, "y": 35.5774002075, "z": 7.1520779580000005}}, "m_eidParent": {"type": "SEntityTemplateReference", "value": "fffffffffffffffe"}}, "postInitProperties": {}, "editorOnly": false, "platformSpecificPropertyValues": []}}, {"op": "add", "path": "/entities/cf5e033d52c91869", "value": {"parent": "5734136bd8b247e8", "name": "RainKillBox For F1_Hallway_E", "template": "[assembly:/_pro/effects/templates/liquid/fx_liquid.template?/rainkillbox.entitytemplate].pc_entitytype", "blueprint": "[assembly:/_pro/effects/templates/liquid/fx_liquid.template?/rainkillbox.entitytemplate].pc_entityblueprint", "properties": {"m_mTransform": {"type": "SMatrix43", "value": {"rotation": {"x": -0.0, "y": 0.0, "z": -0.0}, "position": {"x": 36.0, "y": 34.0, "z": 4.0}}}, "m_vGlobalSize": {"type": "SVector3", "value": {"x": 5.622699737600001, "y": 24.193799972599997, "z": 7.140870094299999}}, "m_eidParent": {"type": "SEntityTemplateReference", "value": "fffffffffffffffe"}}, "postInitProperties": {}, "editorOnly": false, "platformSpecificPropertyValues": []}}, {"op": "add", "path": "/entities/7829217e99fa57b7", "value": {"parent": "5734136bd8b247e8", "name": "RainKillBox For F2_StaffRoom", "template": "[assembly:/_pro/effects/templates/liquid/fx_liquid.template?/rainkillbox.entitytemplate].pc_entitytype", "blueprint": "[assembly:/_pro/effects/templates/liquid/fx_liquid.template?/rainkillbox.entitytemplate].pc_entityblueprint", "properties": {"m_mTransform": {"type": "SMatrix43", "value": {"rotation": {"x": -0.0, "y": 0.0, "z": -0.0}, "position": {"x": 36.0, "y": 34.0, "z": 4.0}}}, "m_vGlobalSize": {"type": "SVector3", "value": {"x": 6.541698455799995, "y": 7.855600357099998, "z": 6.792799949600001}}, "m_eidParent": {"type": "SEntityTemplateReference", "value": "fffffffffffffffe"}}, "postInitProperties": {}, "editorOnly": false, "platformSpecificPropertyValues": []}}, {"op": "add", "path": "/entities/69855fb19b7d0c87", "value": {"parent": "5734136bd8b247e8", "name": "RainKillBox For F1_Hallway_D", "template": "[assembly:/_pro/effects/templates/liquid/fx_liquid.template?/rainkillbox.entitytemplate].pc_entitytype", "blueprint": "[assembly:/_pro/effects/templates/liquid/fx_liquid.template?/rainkillbox.entitytemplate].pc_entityblueprint", "properties": {"m_mTransform": {"type": "SMatrix43", "value": {"rotation": {"x": -0.0, "y": 0.0, "z": -0.0}, "position": {"x": 36.0, "y": 34.0, "z": 4.0}}}, "m_vGlobalSize": {"type": "SVector3", "value": {"x": 6.717400550799999, "y": 18.3262295723, "z": 7.1500000954}}, "m_eidParent": {"type": "SEntityTemplateReference", "value": "fffffffffffffffe"}}, "postInitProperties": {}, "editorOnly": false, "platformSpecificPropertyValues": []}}, {"op": "add", "path": "/entities/ac40cfa69b84fe49", "value": {"parent": "5734136bd8b247e8", "name": "RainKillBox For Room Include for F1_Hallway_B (42189)", "template": "[assembly:/_pro/effects/templates/liquid/fx_liquid.template?/rainkillbox.entitytemplate].pc_entitytype", "blueprint": "[assembly:/_pro/effects/templates/liquid/fx_liquid.template?/rainkillbox.entitytemplate].pc_entityblueprint", "properties": {"m_mTransform": {"type": "SMatrix43", "value": {"rotation": {"x": -0.0, "y": 0.0, "z": -0.0}, "position": {"x": 16.247, "y": 28.075, "z": 14.4489}}}, "m_vGlobalSize": {"type": "SVector3", "value": {"x": 7.6177301407, "y": 17.75, "z": 6.9946699142}}, "m_eidParent": {"type": "SEntityTemplateReference", "value": "fffffffffffffffe"}}, "postInitProperties": {}, "editorOnly": false, "platformSpecificPropertyValues": []}}, {"op": "add", "path": "/entities/1b3ec421ceb65dd1", "value": {"parent": "5734136bd8b247e8", "name": "RainKillBox For Room Include for F2_Hallway_A (44125)", "template": "[assembly:/_pro/effects/templates/liquid/fx_liquid.template?/rainkillbox.entitytemplate].pc_entitytype", "blueprint": "[assembly:/_pro/effects/templates/liquid/fx_liquid.template?/rainkillbox.entitytemplate].pc_entityblueprint", "properties": {"m_mTransform": {"type": "SMatrix43", "value": {"rotation": {"x": -0.0, "y": 0.0, "z": -45.0}, "position": {"x": -21.5797, "y": 27.5805, "z": 20.2117}}}, "m_vGlobalSize": {"type": "SVector3", "value": {"x": 3.8240199089, "y": 1.0425800085, "z": 4.6008601189}}, "m_eidParent": {"type": "SEntityTemplateReference", "value": "fffffffffffffffe"}}, "postInitProperties": {}, "editorOnly": false, "platformSpecificPropertyValues": []}}, {"op": "add", "path": "/entities/9656fd551eea134a", "value": {"parent": "5734136bd8b247e8", "name": "RainKillBox For Room Include for F1_Foyer_B (19153)", "template": "[assembly:/_pro/effects/templates/liquid/fx_liquid.template?/rainkillbox.entitytemplate].pc_entitytype", "blueprint": "[assembly:/_pro/effects/templates/liquid/fx_liquid.template?/rainkillbox.entitytemplate].pc_entityblueprint", "properties": {"m_mTransform": {"type": "SMatrix43", "value": {"rotation": {"x": -0.0, "y": 0.0, "z": -0.0}, "position": {"x": -0.129028, "y": -7.83374, "z": 14.2868}}}, "m_vGlobalSize": {"type": "SVector3", "value": {"x": 4.9285001755, "y": 5.7845101357, "z": 6.8920102119}}, "m_eidParent": {"type": "SEntityTemplateReference", "value": "fffffffffffffffe"}}, "postInitProperties": {}, "editorOnly": false, "platformSpecificPropertyValues": []}}, {"op": "add", "path": "/entities/412881d8d6005130", "value": {"parent": "5734136bd8b247e8", "name": "RainKillBox For Room Include for F0_Hallway_C (17275)", "template": "[assembly:/_pro/effects/templates/liquid/fx_liquid.template?/rainkillbox.entitytemplate].pc_entitytype", "blueprint": "[assembly:/_pro/effects/templates/liquid/fx_liquid.template?/rainkillbox.entitytemplate].pc_entityblueprint", "properties": {"m_mTransform": {"type": "SMatrix43", "value": {"rotation": {"x": -0.0, "y": 0.0, "z": -0.0}, "position": {"x": -16.4114, "y": 33.6981, "z": 7.39441}}}, "m_vGlobalSize": {"type": "SVector3", "value": {"x": 10.1792001724, "y": 6.650780201, "z": 6.8948898315}}, "m_eidParent": {"type": "SEntityTemplateReference", "value": "fffffffffffffffe"}}, "postInitProperties": {}, "editorOnly": false, "platformSpecificPropertyValues": []}}, {"op": "add", "path": "/entities/f1ce0b1501476a9e", "value": {"parent": "5734136bd8b247e8", "name": "RainKillBox For Room Include for F2_AlexasBedroom (47489)", "template": "[assembly:/_pro/effects/templates/liquid/fx_liquid.template?/rainkillbox.entitytemplate].pc_entitytype", "blueprint": "[assembly:/_pro/effects/templates/liquid/fx_liquid.template?/rainkillbox.entitytemplate].pc_entityblueprint", "properties": {"m_mTransform": {"type": "SMatrix43", "value": {"rotation": {"x": -0.0, "y": 0.0, "z": -0.0}, "position": {"x": -0.0143318, "y": -0.874329, "z": 21.2888}}}, "m_vGlobalSize": {"type": "SVector3", "value": {"x": 7.0862598419, "y": 5.2312197685, "z": 6.6718001366}}, "m_eidParent": {"type": "SEntityTemplateReference", "value": "fffffffffffffffe"}}, "postInitProperties": {}, "editorOnly": false, "platformSpecificPropertyValues": []}}, {"op": "add", "path": "/entities/89048ef285ad0cfa", "value": {"parent": "5734136bd8b247e8", "name": "RainKillBox For Room Include for F1_GuestBedroom_B (48204)", "template": "[assembly:/_pro/effects/templates/liquid/fx_liquid.template?/rainkillbox.entitytemplate].pc_entitytype", "blueprint": "[assembly:/_pro/effects/templates/liquid/fx_liquid.template?/rainkillbox.entitytemplate].pc_entityblueprint", "properties": {"m_mTransform": {"type": "SMatrix43", "value": {"rotation": {"x": -0.0, "y": 0.0, "z": -0.0}, "position": {"x": -29.9888, "y": 54.8985, "z": 14.3242}}}, "m_vGlobalSize": {"type": "SVector3", "value": {"x": 5.582859993, "y": 2.7689399719, "z": 6.7826399803}}, "m_eidParent": {"type": "SEntityTemplateReference", "value": "fffffffffffffffe"}}, "postInitProperties": {}, "editorOnly": false, "platformSpecificPropertyValues": []}}, {"op": "add", "path": "/entities/a830097289d42a4f", "value": {"parent": "5734136bd8b247e8", "name": "RainKillBox For F0_Bathroom_A", "template": "[assembly:/_pro/effects/templates/liquid/fx_liquid.template?/rainkillbox.entitytemplate].pc_entitytype", "blueprint": "[assembly:/_pro/effects/templates/liquid/fx_liquid.template?/rainkillbox.entitytemplate].pc_entityblueprint", "properties": {"m_mTransform": {"type": "SMatrix43", "value": {"rotation": {"x": -0.0, "y": 0.0, "z": -0.0}, "position": {"x": 36.0, "y": 34.0, "z": 4.0}}}, "m_vGlobalSize": {"type": "SVector3", "value": {"x": 8.5476093292, "y": 6.533029556200001, "z": 6.7409207784}}, "m_eidParent": {"type": "SEntityTemplateReference", "value": "fffffffffffffffe"}}, "postInitProperties": {}, "editorOnly": false, "platformSpecificPropertyValues": []}}, {"op": "add", "path": "/entities/6cb50b8c16f369db", "value": {"parent": "5734136bd8b247e8", "name": "RainKillBox For F1_Hallway_C", "template": "[assembly:/_pro/effects/templates/liquid/fx_liquid.template?/rainkillbox.entitytemplate].pc_entitytype", "blueprint": "[assembly:/_pro/effects/templates/liquid/fx_liquid.template?/rainkillbox.entitytemplate].pc_entityblueprint", "properties": {"m_mTransform": {"type": "SMatrix43", "value": {"rotation": {"x": -0.0, "y": 0.0, "z": -0.0}, "position": {"x": 36.0, "y": 34.0, "z": 4.0}}}, "m_vGlobalSize": {"type": "SVector3", "value": {"x": 26.0298976899, "y": 7.0235300064, "z": 7.050129890500001}}, "m_eidParent": {"type": "SEntityTemplateReference", "value": "fffffffffffffffe"}}, "postInitProperties": {}, "editorOnly": false, "platformSpecificPropertyValues": []}}, {"op": "add", "path": "/entities/be751edfb296f854", "value": {"parent": "5734136bd8b247e8", "name": "RainKillBox For F2_SecretRoom_A", "template": "[assembly:/_pro/effects/templates/liquid/fx_liquid.template?/rainkillbox.entitytemplate].pc_entitytype", "blueprint": "[assembly:/_pro/effects/templates/liquid/fx_liquid.template?/rainkillbox.entitytemplate].pc_entityblueprint", "properties": {"m_mTransform": {"type": "SMatrix43", "value": {"rotation": {"x": -0.0, "y": 0.0, "z": -0.0}, "position": {"x": 0.0, "y": 0.0, "z": 0.0}}}, "m_vGlobalSize": {"type": "SVector3", "value": {"x": 7.3087997437, "y": 7.042701721199997, "z": 6.941099166800001}}, "m_eidParent": {"type": "SEntityTemplateReference", "value": "fffffffffffffffe"}}, "postInitProperties": {}, "editorOnly": false, "platformSpecificPropertyValues": []}}, {"op": "add", "path": "/entities/947ae3053c995b8f", "value": {"parent": "5734136bd8b247e8", "name": "RainKillBox For Room Include for F2_Hallway_A (44125)", "template": "[assembly:/_pro/effects/templates/liquid/fx_liquid.template?/rainkillbox.entitytemplate].pc_entitytype", "blueprint": "[assembly:/_pro/effects/templates/liquid/fx_liquid.template?/rainkillbox.entitytemplate].pc_entityblueprint", "properties": {"m_mTransform": {"type": "SMatrix43", "value": {"rotation": {"x": -0.0, "y": 0.0, "z": -0.0}, "position": {"x": -22.4656, "y": 26.9825, "z": 21.1952}}}, "m_vGlobalSize": {"type": "SVector3", "value": {"x": 0.9962310195, "y": 1.6661900282, "z": 6.5677800179}}, "m_eidParent": {"type": "SEntityTemplateReference", "value": "fffffffffffffffe"}}, "postInitProperties": {}, "editorOnly": false, "platformSpecificPropertyValues": []}}, {"op": "add", "path": "/entities/7e6983af45e4ac0e", "value": {"parent": "5734136bd8b247e8", "name": "RainKillBox For F0_Hallway_D", "template": "[assembly:/_pro/effects/templates/liquid/fx_liquid.template?/rainkillbox.entitytemplate].pc_entitytype", "blueprint": "[assembly:/_pro/effects/templates/liquid/fx_liquid.template?/rainkillbox.entitytemplate].pc_entityblueprint", "properties": {"m_mTransform": {"type": "SMatrix43", "value": {"rotation": {"x": -0.0, "y": 0.0, "z": -0.0}, "position": {"x": -17.0, "y": 25.0, "z": 4.0}}}, "m_vGlobalSize": {"type": "SVector3", "value": {"x": 7.0172901154, "y": 16.98939991, "z": 6.702290807000001}}, "m_eidParent": {"type": "SEntityTemplateReference", "value": "fffffffffffffffe"}}, "postInitProperties": {}, "editorOnly": false, "platformSpecificPropertyValues": []}}, {"op": "add", "path": "/entities/cf9da03041645c3b", "value": {"parent": "5734136bd8b247e8", "name": "RainKillBox For Room Include for F2_AlexasOffice_A (45784)", "template": "[assembly:/_pro/effects/templates/liquid/fx_liquid.template?/rainkillbox.entitytemplate].pc_entitytype", "blueprint": "[assembly:/_pro/effects/templates/liquid/fx_liquid.template?/rainkillbox.entitytemplate].pc_entityblueprint", "properties": {"m_mTransform": {"type": "SMatrix43", "value": {"rotation": {"x": -0.0, "y": 0.0, "z": -0.0}, "position": {"x": 0.00069046, "y": 57.9885, "z": 21.2904}}}, "m_vGlobalSize": {"type": "SVector3", "value": {"x": 9.6150999069, "y": 6.9604001045, "z": 6.6857800484}}, "m_eidParent": {"type": "SEntityTemplateReference", "value": "fffffffffffffffe"}}, "postInitProperties": {}, "editorOnly": false, "platformSpecificPropertyValues": []}}, {"op": "add", "path": "/entities/43172eb981b4eff4", "value": {"parent": "5734136bd8b247e8", "name": "RainKillBox For F1_BrothersBedroom", "template": "[assembly:/_pro/effects/templates/liquid/fx_liquid.template?/rainkillbox.entitytemplate].pc_entitytype", "blueprint": "[assembly:/_pro/effects/templates/liquid/fx_liquid.template?/rainkillbox.entitytemplate].pc_entityblueprint", "properties": {"m_mTransform": {"type": "SMatrix43", "value": {"rotation": {"x": -0.0, "y": 0.0, "z": -0.0}, "position": {"x": 36.0, "y": 34.0, "z": 4.0}}}, "m_vGlobalSize": {"type": "SVector3", "value": {"x": 20.0529794693, "y": 12.690819740299998, "z": 15.885169506099999}}, "m_eidParent": {"type": "SEntityTemplateReference", "value": "fffffffffffffffe"}}, "postInitProperties": {}, "editorOnly": false, "platformSpecificPropertyValues": []}}, {"op": "add", "path": "/entities/6c36cb82c8d918d0", "value": {"parent": "5734136bd8b247e8", "name": "RainKillBox For Room Include for F0_LivingRoom (48112)", "template": "[assembly:/_pro/effects/templates/liquid/fx_liquid.template?/rainkillbox.entitytemplate].pc_entitytype", "blueprint": "[assembly:/_pro/effects/templates/liquid/fx_liquid.template?/rainkillbox.entitytemplate].pc_entityblueprint", "properties": {"m_mTransform": {"type": "SMatrix43", "value": {"rotation": {"x": -0.0, "y": 0.0, "z": -90.0}, "position": {"x": 0.0976839, "y": 64.2869, "z": 10.803}}}, "m_vGlobalSize": {"type": "SVector3", "value": {"x": 6.6771202087, "y": 5.1163201332, "z": 13.7653999329}}, "m_eidParent": {"type": "SEntityTemplateReference", "value": "fffffffffffffffe"}}, "postInitProperties": {}, "editorOnly": false, "platformSpecificPropertyValues": []}}, {"op": "add", "path": "/entities/efa090b763708078", "value": {"parent": "5734136bd8b247e8", "name": "RainKillBox For Room Include for F2_SecretRoom_A (35693)", "template": "[assembly:/_pro/effects/templates/liquid/fx_liquid.template?/rainkillbox.entitytemplate].pc_entitytype", "blueprint": "[assembly:/_pro/effects/templates/liquid/fx_liquid.template?/rainkillbox.entitytemplate].pc_entityblueprint", "properties": {"m_mTransform": {"type": "SMatrix43", "value": {"rotation": {"x": -0.0, "y": 0.0, "z": -0.0}, "position": {"x": -15.996, "y": 34.4921, "z": 18.9755}}}, "m_vGlobalSize": {"type": "SVector3", "value": {"x": 1.6466399431, "y": 7.9757299423, "z": 4.4316601753}}, "m_eidParent": {"type": "SEntityTemplateReference", "value": "fffffffffffffffe"}}, "postInitProperties": {}, "editorOnly": false, "platformSpecificPropertyValues": []}}, {"op": "add", "path": "/entities/d645c1bf6c53387b", "value": {"parent": "5734136bd8b247e8", "name": "RainKillBox For Room Include for F0_Hallway_B (48153)", "template": "[assembly:/_pro/effects/templates/liquid/fx_liquid.template?/rainkillbox.entitytemplate].pc_entitytype", "blueprint": "[assembly:/_pro/effects/templates/liquid/fx_liquid.template?/rainkillbox.entitytemplate].pc_entityblueprint", "properties": {"m_mTransform": {"type": "SMatrix43", "value": {"rotation": {"x": -0.0, "y": 0.0, "z": -0.0}, "position": {"x": 14.9656, "y": 10.2666, "z": 7.12147}}}, "m_vGlobalSize": {"type": "SVector3", "value": {"x": 6.9710302353, "y": 17.4402999878, "z": 7.1268000603}}, "m_eidParent": {"type": "SEntityTemplateReference", "value": "fffffffffffffffe"}}, "postInitProperties": {}, "editorOnly": false, "platformSpecificPropertyValues": []}}, {"op": "add", "path": "/entities/b6540be14b5de4f6", "value": {"parent": "5734136bd8b247e8", "name": "RainKillBox For F1_GuestBedroom_A", "template": "[assembly:/_pro/effects/templates/liquid/fx_liquid.template?/rainkillbox.entitytemplate].pc_entitytype", "blueprint": "[assembly:/_pro/effects/templates/liquid/fx_liquid.template?/rainkillbox.entitytemplate].pc_entityblueprint", "properties": {"m_mTransform": {"type": "SMatrix43", "value": {"rotation": {"x": -0.0, "y": 0.0, "z": -0.0}, "position": {"x": 36.0, "y": 34.0, "z": 4.0}}}, "m_vGlobalSize": {"type": "SVector3", "value": {"x": 15.794880628600001, "y": 12.453701019300002, "z": 7.1706404685}}, "m_eidParent": {"type": "SEntityTemplateReference", "value": "fffffffffffffffe"}}, "postInitProperties": {}, "editorOnly": false, "platformSpecificPropertyValues": []}}, {"op": "add", "path": "/entities/94d372f0008c1768", "value": {"parent": "5734136bd8b247e8", "name": "RainKillBox For Room Include for F1_BrothersBedroom (45572)", "template": "[assembly:/_pro/effects/templates/liquid/fx_liquid.template?/rainkillbox.entitytemplate].pc_entitytype", "blueprint": "[assembly:/_pro/effects/templates/liquid/fx_liquid.template?/rainkillbox.entitytemplate].pc_entityblueprint", "properties": {"m_mTransform": {"type": "SMatrix43", "value": {"rotation": {"x": -0.0, "y": 0.0, "z": -0.0}, "position": {"x": 31.6985, "y": 41.0321, "z": 14.1041}}}, "m_vGlobalSize": {"type": "SVector3", "value": {"x": 13.445400238, "y": 8.0971899033, "z": 6.5278301239}}, "m_eidParent": {"type": "SEntityTemplateReference", "value": "fffffffffffffffe"}}, "postInitProperties": {}, "editorOnly": false, "platformSpecificPropertyValues": []}}, {"op": "replace", "path": "/entities/aff994cc4a72c41f/properties/m_Tags/value", "value": "RainA,RainA"}], "patchVersion": 4}