{"tempHash": "00CBB0EDEDADBDF7", "tbluHash": "00243AF1CE72AD33", "patch": [{"op": "add", "path": "/entities/3ab4b1982f771648", "value": {"parent": "62a87432701e9e3d", "name": "RainKillBox For 205_Wardrobe", "template": "[assembly:/_pro/effects/templates/liquid/fx_liquid.template?/rainkillbox.entitytemplate].pc_entitytype", "blueprint": "[assembly:/_pro/effects/templates/liquid/fx_liquid.template?/rainkillbox.entitytemplate].pc_entityblueprint", "properties": {"m_mTransform": {"type": "SMatrix43", "value": {"rotation": {"x": -0.0, "y": 0.0, "z": -0.0}, "position": {"x": 11.0, "y": -27.0, "z": 4.4000000954}}}, "m_vGlobalSize": {"type": "SVector3", "value": {"x": 10.255839824599999, "y": 4.0560801029, "z": 4.0708050337}}, "m_eidParent": {"type": "SEntityTemplateReference", "value": "fffffffffffffffe"}}, "postInitProperties": {}, "editorOnly": false, "platformSpecificPropertyValues": []}}, {"op": "add", "path": "/entities/eadf76678581ba5a", "value": {"parent": "62a87432701e9e3d", "name": "RainKillBox For 204_Bathroom_A", "template": "[assembly:/_pro/effects/templates/liquid/fx_liquid.template?/rainkillbox.entitytemplate].pc_entitytype", "blueprint": "[assembly:/_pro/effects/templates/liquid/fx_liquid.template?/rainkillbox.entitytemplate].pc_entityblueprint", "properties": {"m_mTransform": {"type": "SMatrix43", "value": {"rotation": {"x": -0.0, "y": 0.0, "z": -0.0}, "position": {"x": 15.0, "y": -20.0, "z": 4.4000000954}}}, "m_vGlobalSize": {"type": "SVector3", "value": {"x": 10.2051103115, "y": 9.0516901016, "z": 4.1416248885}}, "m_eidParent": {"type": "SEntityTemplateReference", "value": "fffffffffffffffe"}}, "postInitProperties": {}, "editorOnly": false, "platformSpecificPropertyValues": []}}, {"op": "add", "path": "/entities/0f8a80a64076f497", "value": {"parent": "62a87432701e9e3d", "name": "RainKillBox For 206_Balcony_A", "template": "[assembly:/_pro/effects/templates/liquid/fx_liquid.template?/rainkillbox.entitytemplate].pc_entitytype", "blueprint": "[assembly:/_pro/effects/templates/liquid/fx_liquid.template?/rainkillbox.entitytemplate].pc_entityblueprint", "properties": {"m_mTransform": {"type": "SMatrix43", "value": {"rotation": {"x": -0.0, "y": 0.0, "z": -0.0}, "position": {"x": -17.0, "y": -25.0, "z": 4.4000000954}}}, "m_vGlobalSize": {"type": "SVector3", "value": {"x": 6.4280200005, "y": 22.1716995239, "z": 4.420823782699999}}, "m_eidParent": {"type": "SEntityTemplateReference", "value": "fffffffffffffffe"}}, "postInitProperties": {}, "editorOnly": false, "platformSpecificPropertyValues": []}}, {"op": "add", "path": "/entities/798a3220ca25e4ac", "value": {"parent": "62a87432701e9e3d", "name": "RainKillBox For Room Include for 202_Office_B (8010)", "template": "[assembly:/_pro/effects/templates/liquid/fx_liquid.template?/rainkillbox.entitytemplate].pc_entitytype", "blueprint": "[assembly:/_pro/effects/templates/liquid/fx_liquid.template?/rainkillbox.entitytemplate].pc_entityblueprint", "properties": {"m_mTransform": {"type": "SMatrix43", "value": {"rotation": {"x": -0.0, "y": 0.0, "z": -0.0}, "position": {"x": -13.975, "y": -10.1815, "z": 2.22696}}}, "m_vGlobalSize": {"type": "SVector3", "value": {"x": 2.0499200821, "y": 8.4371004105, "z": 4.5368199348}}, "m_eidParent": {"type": "SEntityTemplateReference", "value": "fffffffffffffffe"}}, "postInitProperties": {}, "editorOnly": false, "platformSpecificPropertyValues": []}}, {"op": "add", "path": "/entities/7b208e9f64981368", "value": {"parent": "62a87432701e9e3d", "name": "RainKillBox For 104_Storage", "template": "[assembly:/_pro/effects/templates/liquid/fx_liquid.template?/rainkillbox.entitytemplate].pc_entitytype", "blueprint": "[assembly:/_pro/effects/templates/liquid/fx_liquid.template?/rainkillbox.entitytemplate].pc_entityblueprint", "properties": {"m_mTransform": {"type": "SMatrix43", "value": {"rotation": {"x": -0.0, "y": 0.0, "z": -0.0}, "position": {"x": -17.0, "y": -30.0, "z": 0.0}}}, "m_vGlobalSize": {"type": "SVector3", "value": {"x": 3.2373399734, "y": 8.4451501369, "z": 4.0239901543}}, "m_eidParent": {"type": "SEntityTemplateReference", "value": "fffffffffffffffe"}}, "postInitProperties": {}, "editorOnly": false, "platformSpecificPropertyValues": []}}, {"op": "add", "path": "/entities/b1e38522c92d7d87", "value": {"parent": "62a87432701e9e3d", "name": "RainKillBox For Room Include for 100_LivingRoom_A (11268)", "template": "[assembly:/_pro/effects/templates/liquid/fx_liquid.template?/rainkillbox.entitytemplate].pc_entitytype", "blueprint": "[assembly:/_pro/effects/templates/liquid/fx_liquid.template?/rainkillbox.entitytemplate].pc_entityblueprint", "properties": {"m_mTransform": {"type": "SMatrix43", "value": {"rotation": {"x": -0.0, "y": 0.0, "z": -0.0}, "position": {"x": -10.5868, "y": -38.968, "z": 2.0701}}}, "m_vGlobalSize": {"type": "SVector3", "value": {"x": 21.5529003143, "y": 5.6802601814, "z": 4.2348499298}}, "m_eidParent": {"type": "SEntityTemplateReference", "value": "fffffffffffffffe"}}, "postInitProperties": {}, "editorOnly": false, "platformSpecificPropertyValues": []}}, {"op": "add", "path": "/entities/afc10bb0a1e10bd0", "value": {"parent": "62a87432701e9e3d", "name": "RainKillBox For 102_Garage_B", "template": "[assembly:/_pro/effects/templates/liquid/fx_liquid.template?/rainkillbox.entitytemplate].pc_entitytype", "blueprint": "[assembly:/_pro/effects/templates/liquid/fx_liquid.template?/rainkillbox.entitytemplate].pc_entityblueprint", "properties": {"m_mTransform": {"type": "SMatrix43", "value": {"rotation": {"x": -0.0, "y": 0.0, "z": -0.0}, "position": {"x": -18.0, "y": -21.0, "z": 0.0}}}, "m_vGlobalSize": {"type": "SVector3", "value": {"x": 6.3724300862, "y": 8.929989814799999, "z": 4.0}}, "m_eidParent": {"type": "SEntityTemplateReference", "value": "fffffffffffffffe"}}, "postInitProperties": {}, "editorOnly": false, "platformSpecificPropertyValues": []}}, {"op": "add", "path": "/entities/5bf0694ade7bdc96", "value": {"parent": "62a87432701e9e3d", "name": "RainKillBox For Room Include for 203_Bedroom_A (7013)", "template": "[assembly:/_pro/effects/templates/liquid/fx_liquid.template?/rainkillbox.entitytemplate].pc_entitytype", "blueprint": "[assembly:/_pro/effects/templates/liquid/fx_liquid.template?/rainkillbox.entitytemplate].pc_entityblueprint", "properties": {"m_mTransform": {"type": "SMatrix43", "value": {"rotation": {"x": -0.0, "y": 0.0, "z": -0.0}, "position": {"x": 15.5242, "y": -32.6183, "z": 6.38184}}}, "m_vGlobalSize": {"type": "SVector3", "value": {"x": 3.0506300926, "y": 7.1633300781, "z": 4.0676398277}}, "m_eidParent": {"type": "SEntityTemplateReference", "value": "fffffffffffffffe"}}, "postInitProperties": {}, "editorOnly": false, "platformSpecificPropertyValues": []}}, {"op": "add", "path": "/entities/600eba7dad6cb5a6", "value": {"parent": "62a87432701e9e3d", "name": "RainKillBox For 106_Guest_BedRoom_A", "template": "[assembly:/_pro/effects/templates/liquid/fx_liquid.template?/rainkillbox.entitytemplate].pc_entitytype", "blueprint": "[assembly:/_pro/effects/templates/liquid/fx_liquid.template?/rainkillbox.entitytemplate].pc_entityblueprint", "properties": {"m_mTransform": {"type": "SMatrix43", "value": {"rotation": {"x": -0.0, "y": 0.0, "z": -0.0}, "position": {"x": 10.0, "y": -20.0, "z": 0.0}}}, "m_vGlobalSize": {"type": "SVector3", "value": {"x": 6.7999899388, "y": 13.7956399918, "z": 4.0}}, "m_eidParent": {"type": "SEntityTemplateReference", "value": "fffffffffffffffe"}}, "postInitProperties": {}, "editorOnly": false, "platformSpecificPropertyValues": []}}, {"op": "add", "path": "/entities/cdc0d9abd886d0c4", "value": {"parent": "62a87432701e9e3d", "name": "RainKillBox For Room Include for 100_LivingRoom_A (11268)", "template": "[assembly:/_pro/effects/templates/liquid/fx_liquid.template?/rainkillbox.entitytemplate].pc_entitytype", "blueprint": "[assembly:/_pro/effects/templates/liquid/fx_liquid.template?/rainkillbox.entitytemplate].pc_entityblueprint", "properties": {"m_mTransform": {"type": "SMatrix43", "value": {"rotation": {"x": -0.0, "y": 0.0, "z": -0.0}, "position": {"x": 3.95843, "y": -26.1032, "z": 6.47823}}}, "m_vGlobalSize": {"type": "SVector3", "value": {"x": 4.0831298828, "y": 20.2425003052, "z": 4.2154598236}}, "m_eidParent": {"type": "SEntityTemplateReference", "value": "fffffffffffffffe"}}, "postInitProperties": {}, "editorOnly": false, "platformSpecificPropertyValues": []}}, {"op": "add", "path": "/entities/e323d54d7a0e83d5", "value": {"parent": "62a87432701e9e3d", "name": "RainKillBox For Room Include for 101_Garage_A (5536)", "template": "[assembly:/_pro/effects/templates/liquid/fx_liquid.template?/rainkillbox.entitytemplate].pc_entitytype", "blueprint": "[assembly:/_pro/effects/templates/liquid/fx_liquid.template?/rainkillbox.entitytemplate].pc_entityblueprint", "properties": {"m_mTransform": {"type": "SMatrix43", "value": {"rotation": {"x": -0.0, "y": 0.0, "z": -0.0}, "position": {"x": -13.335, "y": -16.3993, "z": 1.9}}}, "m_vGlobalSize": {"type": "SVector3", "value": {"x": 0.9300000072, "y": 5.1414699554, "z": 4.1999998093}}, "m_eidParent": {"type": "SEntityTemplateReference", "value": "fffffffffffffffe"}}, "postInitProperties": {}, "editorOnly": false, "platformSpecificPropertyValues": []}}, {"op": "add", "path": "/entities/46fcca267362bc91", "value": {"parent": "62a87432701e9e3d", "name": "FX_E_Rain", "template": "[assembly:/_pro/effects/templates/liquid/fx_liquid.template?/fx_e_rain.entitytemplate].pc_entitytype", "blueprint": "[assembly:/_pro/effects/templates/liquid/fx_liquid.template?/fx_e_rain.entitytemplate].pc_entityblueprint", "properties": {"m_mTransform": {"type": "SMatrix43", "value": {"rotation": {"x": 0.0, "y": 0.0, "z": 0.0}, "position": {"x": 0.0, "y": 0.0, "z": 0.0}}}, "RainWindMultiplier": {"type": "float32", "value": 1.2000000476837158}, "GroundSplashAlpha": {"type": "float32", "value": 0.20000000298023224}, "RainMinimumSize": {"type": "float32", "value": 0.800000011920929}, "RainMaximumSize": {"type": "float32", "value": 1.5}, "RainMotionStretchFactor": {"type": "float32", "value": 5}, "RainReflectivity": {"type": "float32", "value": 0.800000011920929}, "m_fCameraFadeNearDistance": {"type": "float32", "value": 1}, "m_fCameraFadeFarDistance": {"type": "float32", "value": 2}, "RainParticlesPerSecond": {"type": "float32", "value": 4000}, "RainRefraction": {"type": "float32", "value": 5}, "m_fCameraFadeSizeFactor": {"type": "float32", "value": 100}, "RainSplashesFlatGroundEnabled": {"type": "bool", "value": true}, "InfinityRadius": {"type": "float32", "value": 10}}, "postInitProperties": {"ParentHitman": {"type": "SEntityTemplateReference", "value": "f79b73e090b9a260"}, "m_eidParent": {"type": "SEntityTemplateReference", "value": "3ac25f2657314528"}}, "editorOnly": false, "platformSpecificPropertyValues": []}}, {"op": "add", "path": "/entities/969f6ce157c41df9", "value": {"parent": "62a87432701e9e3d", "name": "RainKillBox For Room Include for 100_LivingRoom_A (11268)", "template": "[assembly:/_pro/effects/templates/liquid/fx_liquid.template?/rainkillbox.entitytemplate].pc_entitytype", "blueprint": "[assembly:/_pro/effects/templates/liquid/fx_liquid.template?/rainkillbox.entitytemplate].pc_entityblueprint", "properties": {"m_mTransform": {"type": "SMatrix43", "value": {"rotation": {"x": -0.0, "y": 0.0, "z": -0.0}, "position": {"x": -4.58413, "y": -17.5705, "z": 6.47797}}}, "m_vGlobalSize": {"type": "SVector3", "value": {"x": 20.8686008453, "y": 3.1762700081, "z": 4.2159700394}}, "m_eidParent": {"type": "SEntityTemplateReference", "value": "fffffffffffffffe"}}, "postInitProperties": {}, "editorOnly": false, "platformSpecificPropertyValues": []}}, {"op": "add", "path": "/entities/1834fa689c931598", "value": {"parent": "62a87432701e9e3d", "name": "RainKillBox For 107_Pool_A", "template": "[assembly:/_pro/effects/templates/liquid/fx_liquid.template?/rainkillbox.entitytemplate].pc_entitytype", "blueprint": "[assembly:/_pro/effects/templates/liquid/fx_liquid.template?/rainkillbox.entitytemplate].pc_entityblueprint", "properties": {"m_mTransform": {"type": "SMatrix43", "value": {"rotation": {"x": -0.0, "y": 0.0, "z": -0.0}, "position": {"x": -19.0, "y": -45.0, "z": 0.0}}}, "m_vGlobalSize": {"type": "SVector3", "value": {"x": 11.3577797413, "y": 20.138149499900003, "z": 6.1742401123}}, "m_eidParent": {"type": "SEntityTemplateReference", "value": "fffffffffffffffe"}}, "postInitProperties": {}, "editorOnly": false, "platformSpecificPropertyValues": []}}, {"op": "add", "path": "/entities/32486afac5472d19", "value": {"parent": "62a87432701e9e3d", "name": "RainKillBox For 105_Guest_Bathroom_A", "template": "[assembly:/_pro/effects/templates/liquid/fx_liquid.template?/rainkillbox.entitytemplate].pc_entitytype", "blueprint": "[assembly:/_pro/effects/templates/liquid/fx_liquid.template?/rainkillbox.entitytemplate].pc_entityblueprint", "properties": {"m_mTransform": {"type": "SMatrix43", "value": {"rotation": {"x": -0.0, "y": 0.0, "z": -0.0}, "position": {"x": 4.0, "y": -20.0, "z": 0.0}}}, "m_vGlobalSize": {"type": "SVector3", "value": {"x": 4.4432799816, "y": 13.7956399918, "z": 4.0}}, "m_eidParent": {"type": "SEntityTemplateReference", "value": "fffffffffffffffe"}}, "postInitProperties": {}, "editorOnly": false, "platformSpecificPropertyValues": []}}, {"op": "add", "path": "/entities/f0838d340757bc3b", "value": {"parent": "62a87432701e9e3d", "name": "RainKillBox For Room Include for 201_Office_A (11132)", "template": "[assembly:/_pro/effects/templates/liquid/fx_liquid.template?/rainkillbox.entitytemplate].pc_entitytype", "blueprint": "[assembly:/_pro/effects/templates/liquid/fx_liquid.template?/rainkillbox.entitytemplate].pc_entityblueprint", "properties": {"m_mTransform": {"type": "SMatrix43", "value": {"rotation": {"x": -0.0, "y": 0.0, "z": -0.0}, "position": {"x": -11.0131, "y": -8.18256, "z": 6.40904}}}, "m_vGlobalSize": {"type": "SVector3", "value": {"x": 8.2487401962, "y": 4.394879818, "z": 4.1416401863}}, "m_eidParent": {"type": "SEntityTemplateReference", "value": "fffffffffffffffe"}}, "postInitProperties": {}, "editorOnly": false, "platformSpecificPropertyValues": []}}, {"op": "add", "path": "/entities/d617e4746d10f2be", "value": {"parent": "62a87432701e9e3d", "name": "RainKillBox For 201_Office_A", "template": "[assembly:/_pro/effects/templates/liquid/fx_liquid.template?/rainkillbox.entitytemplate].pc_entitytype", "blueprint": "[assembly:/_pro/effects/templates/liquid/fx_liquid.template?/rainkillbox.entitytemplate].pc_entityblueprint", "properties": {"m_mTransform": {"type": "SMatrix43", "value": {"rotation": {"x": -0.0, "y": 0.0, "z": -0.0}, "position": {"x": -5.0, "y": -10.0, "z": 4.4000000954}}}, "m_vGlobalSize": {"type": "SVector3", "value": {"x": 8.9488899708, "y": 10.0100798607, "z": 4.423304995600001}}, "m_eidParent": {"type": "SEntityTemplateReference", "value": "fffffffffffffffe"}}, "postInitProperties": {}, "editorOnly": false, "platformSpecificPropertyValues": []}}, {"op": "add", "path": "/entities/3061a54540ea5ad7", "value": {"parent": "62a87432701e9e3d", "name": "RainKillBox For Room Include for 100_LivingRoom_A (11268)", "template": "[assembly:/_pro/effects/templates/liquid/fx_liquid.template?/rainkillbox.entitytemplate].pc_entitytype", "blueprint": "[assembly:/_pro/effects/templates/liquid/fx_liquid.template?/rainkillbox.entitytemplate].pc_entityblueprint", "properties": {"m_mTransform": {"type": "SMatrix43", "value": {"rotation": {"x": -0.0, "y": 0.0, "z": -0.0}, "position": {"x": 7.57907, "y": -32.0099, "z": 2.02251}}}, "m_vGlobalSize": {"type": "SVector3", "value": {"x": 11.2475996017, "y": 8.4412298203, "z": 4.3300199509}}, "m_eidParent": {"type": "SEntityTemplateReference", "value": "fffffffffffffffe"}}, "postInitProperties": {}, "editorOnly": false, "platformSpecificPropertyValues": []}}, {"op": "add", "path": "/entities/e7227893f0bc7580", "value": {"parent": "62a87432701e9e3d", "name": "RainKillBox For 103_Staircase", "template": "[assembly:/_pro/effects/templates/liquid/fx_liquid.template?/rainkillbox.entitytemplate].pc_entitytype", "blueprint": "[assembly:/_pro/effects/templates/liquid/fx_liquid.template?/rainkillbox.entitytemplate].pc_entityblueprint", "properties": {"m_mTransform": {"type": "SMatrix43", "value": {"rotation": {"x": -0.0, "y": 0.0, "z": -0.0}, "position": {"x": -19.0, "y": -30.0, "z": 0.0}}}, "m_vGlobalSize": {"type": "SVector3", "value": {"x": 2.3024558872000003, "y": 10.805009841899999, "z": 8.4788703918}}, "m_eidParent": {"type": "SEntityTemplateReference", "value": "fffffffffffffffe"}}, "postInitProperties": {}, "editorOnly": false, "platformSpecificPropertyValues": []}}, {"op": "add", "path": "/entities/5ff2c9f0ccf191c5", "value": {"parent": "62a87432701e9e3d", "name": "RainKillBox For Room Include for 100_LivingRoom_A (11268)", "template": "[assembly:/_pro/effects/templates/liquid/fx_liquid.template?/rainkillbox.entitytemplate].pc_entitytype", "blueprint": "[assembly:/_pro/effects/templates/liquid/fx_liquid.template?/rainkillbox.entitytemplate].pc_entityblueprint", "properties": {"m_mTransform": {"type": "SMatrix43", "value": {"rotation": {"x": -0.0, "y": 0.0, "z": -0.0}, "position": {"x": -15.3228, "y": -31.886, "z": 1.67634}}}, "m_vGlobalSize": {"type": "SVector3", "value": {"x": 0.8456130028, "y": 7.7720398903, "z": 3.4473400116}}, "m_eidParent": {"type": "SEntityTemplateReference", "value": "fffffffffffffffe"}}, "postInitProperties": {}, "editorOnly": false, "platformSpecificPropertyValues": []}}, {"op": "add", "path": "/entities/998060be09fcbcb6", "value": {"parent": "62a87432701e9e3d", "name": "HitmanRainWetLogic", "template": "00FDB8565FFAA61A", "blueprint": "00609605E8B31DA5", "properties": {}, "postInitProperties": {"DryVolumes": {"type": "TArray<SEntityTemplateReference>", "value": [{"ref": "7b208e9f64981368", "externalScene": null, "exposedEntity": "NotInRain"}, {"ref": "600eba7dad6cb5a6", "externalScene": null, "exposedEntity": "NotInRain"}, {"ref": "1834fa689c931598", "externalScene": null, "exposedEntity": "NotInRain"}, {"ref": "841647003679e43b", "externalScene": null, "exposedEntity": "NotInRain"}, {"ref": "e323d54d7a0e83d5", "externalScene": null, "exposedEntity": "NotInRain"}, {"ref": "a0d0be3e609d776e", "externalScene": null, "exposedEntity": "NotInRain"}, {"ref": "4250b80763778e26", "externalScene": null, "exposedEntity": "NotInRain"}, {"ref": "5bf0694ade7bdc96", "externalScene": null, "exposedEntity": "NotInRain"}, {"ref": "3ab4b1982f771648", "externalScene": null, "exposedEntity": "NotInRain"}, {"ref": "005dabeb8d459677", "externalScene": null, "exposedEntity": "NotInRain"}, {"ref": "798a3220ca25e4ac", "externalScene": null, "exposedEntity": "NotInRain"}, {"ref": "afc10bb0a1e10bd0", "externalScene": null, "exposedEntity": "NotInRain"}, {"ref": "5898a9722a8f3c31", "externalScene": null, "exposedEntity": "NotInRain"}, {"ref": "0f8a80a64076f497", "externalScene": null, "exposedEntity": "NotInRain"}, {"ref": "eadf76678581ba5a", "externalScene": null, "exposedEntity": "NotInRain"}, {"ref": "32486afac5472d19", "externalScene": null, "exposedEntity": "NotInRain"}, {"ref": "e7227893f0bc7580", "externalScene": null, "exposedEntity": "NotInRain"}, {"ref": "d617e4746d10f2be", "externalScene": null, "exposedEntity": "NotInRain"}, {"ref": "f0838d340757bc3b", "externalScene": null, "exposedEntity": "NotInRain"}, {"ref": "2dcbaa88d0032dea", "externalScene": null, "exposedEntity": "NotInRain"}, {"ref": "969f6ce157c41df9", "externalScene": null, "exposedEntity": "NotInRain"}, {"ref": "5ff2c9f0ccf191c5", "externalScene": null, "exposedEntity": "NotInRain"}, {"ref": "cdc0d9abd886d0c4", "externalScene": null, "exposedEntity": "NotInRain"}, {"ref": "3061a54540ea5ad7", "externalScene": null, "exposedEntity": "NotInRain"}, {"ref": "b1e38522c92d7d87", "externalScene": null, "exposedEntity": "NotInRain"}]}}, "editorOnly": false, "platformSpecificPropertyValues": []}}, {"op": "add", "path": "/entities/62a87432701e9e3d", "value": {"parent": "fffffffffffffffe", "name": "Rain Effects", "template": "[modules:/zentity.class].pc_entitytype", "blueprint": "[modules:/zentity.class].pc_entityblueprint", "properties": {}, "postInitProperties": {}, "editorOnly": false, "platformSpecificPropertyValues": [], "propertyAliases": []}}, {"op": "add", "path": "/entities/4250b80763778e26", "value": {"parent": "62a87432701e9e3d", "name": "RainKillBox For 203_Bedroom_A", "template": "[assembly:/_pro/effects/templates/liquid/fx_liquid.template?/rainkillbox.entitytemplate].pc_entitytype", "blueprint": "[assembly:/_pro/effects/templates/liquid/fx_liquid.template?/rainkillbox.entitytemplate].pc_entityblueprint", "properties": {"m_mTransform": {"type": "SMatrix43", "value": {"rotation": {"x": -0.0, "y": 0.0, "z": -0.0}, "position": {"x": 21.0, "y": -30.0, "z": 4.0}}}, "m_vGlobalSize": {"type": "SVector3", "value": {"x": 10.0273199081, "y": 20.2020301819, "z": 4.1529269815}}, "m_eidParent": {"type": "SEntityTemplateReference", "value": "fffffffffffffffe"}}, "postInitProperties": {}, "editorOnly": false, "platformSpecificPropertyValues": []}}, {"op": "add", "path": "/entities/2dcbaa88d0032dea", "value": {"parent": "62a87432701e9e3d", "name": "RainKillBox For 100_LivingRoom_A", "template": "[assembly:/_pro/effects/templates/liquid/fx_liquid.template?/rainkillbox.entitytemplate].pc_entitytype", "blueprint": "[assembly:/_pro/effects/templates/liquid/fx_liquid.template?/rainkillbox.entitytemplate].pc_entityblueprint", "properties": {"m_mTransform": {"type": "SMatrix43", "value": {"rotation": {"x": -0.0, "y": 0.0, "z": -0.0}, "position": {"x": -5.0, "y": -30.0, "z": 0.0}}}, "m_vGlobalSize": {"type": "SVector3", "value": {"x": 17.0205903053, "y": 17.224439621, "z": 9.228351593000001}}, "m_eidParent": {"type": "SEntityTemplateReference", "value": "fffffffffffffffe"}}, "postInitProperties": {}, "editorOnly": false, "platformSpecificPropertyValues": []}}, {"op": "add", "path": "/entities/005dabeb8d459677", "value": {"parent": "62a87432701e9e3d", "name": "RainKillBox For 202_Office_B", "template": "[assembly:/_pro/effects/templates/liquid/fx_liquid.template?/rainkillbox.entitytemplate].pc_entitytype", "blueprint": "[assembly:/_pro/effects/templates/liquid/fx_liquid.template?/rainkillbox.entitytemplate].pc_entityblueprint", "properties": {"m_mTransform": {"type": "SMatrix43", "value": {"rotation": {"x": -0.0, "y": 0.0, "z": -0.0}, "position": {"x": -12.0, "y": -14.0, "z": 4.4000000954}}}, "m_vGlobalSize": {"type": "SVector3", "value": {"x": 8.0884099007, "y": 5.7041900158, "z": 4.2474190407}}, "m_eidParent": {"type": "SEntityTemplateReference", "value": "fffffffffffffffe"}}, "postInitProperties": {}, "editorOnly": false, "platformSpecificPropertyValues": []}}, {"op": "add", "path": "/entities/841647003679e43b", "value": {"parent": "62a87432701e9e3d", "name": "RainKillBox For 101_Garage_A", "template": "[assembly:/_pro/effects/templates/liquid/fx_liquid.template?/rainkillbox.entitytemplate].pc_entitytype", "blueprint": "[assembly:/_pro/effects/templates/liquid/fx_liquid.template?/rainkillbox.entitytemplate].pc_entityblueprint", "properties": {"m_mTransform": {"type": "SMatrix43", "value": {"rotation": {"x": -0.0, "y": 0.0, "z": -0.0}, "position": {"x": -5.0, "y": -12.0, "z": 0.0}}}, "m_vGlobalSize": {"type": "SVector3", "value": {"x": 15.0, "y": 13.0, "z": 4.0}}, "m_eidParent": {"type": "SEntityTemplateReference", "value": "fffffffffffffffe"}}, "postInitProperties": {}, "editorOnly": false, "platformSpecificPropertyValues": []}}, {"op": "add", "path": "/entities/5898a9722a8f3c31", "value": {"parent": "62a87432701e9e3d", "name": "RainKillBox For Room Include for 102_Garage_B (8568)", "template": "[assembly:/_pro/effects/templates/liquid/fx_liquid.template?/rainkillbox.entitytemplate].pc_entitytype", "blueprint": "[assembly:/_pro/effects/templates/liquid/fx_liquid.template?/rainkillbox.entitytemplate].pc_entityblueprint", "properties": {"m_mTransform": {"type": "SMatrix43", "value": {"rotation": {"x": -0.0, "y": 0.0, "z": -0.0}, "position": {"x": -17.6038, "y": -16.5711, "z": 1.98434}}}, "m_vGlobalSize": {"type": "SVector3", "value": {"x": 7.6311202049, "y": 4.7424302101, "z": 4.0977101326}}, "m_eidParent": {"type": "SEntityTemplateReference", "value": "fffffffffffffffe"}}, "postInitProperties": {}, "editorOnly": false, "platformSpecificPropertyValues": []}}, {"op": "add", "path": "/entities/a0d0be3e609d776e", "value": {"parent": "62a87432701e9e3d", "name": "RainKillBox For 200_LivingRoom_B", "template": "[assembly:/_pro/effects/templates/liquid/fx_liquid.template?/rainkillbox.entitytemplate].pc_entitytype", "blueprint": "[assembly:/_pro/effects/templates/liquid/fx_liquid.template?/rainkillbox.entitytemplate].pc_entityblueprint", "properties": {"m_mTransform": {"type": "SMatrix43", "value": {"rotation": {"x": -0.0, "y": 0.0, "z": -0.0}, "position": {"x": 7.0, "y": -32.0, "z": 4.4000000954}}}, "m_vGlobalSize": {"type": "SVector3", "value": {"x": 8.027009964000001, "y": 7.2353401184, "z": 4.1712299362}}, "m_eidParent": {"type": "SEntityTemplateReference", "value": "fffffffffffffffe"}}, "postInitProperties": {}, "editorOnly": false, "platformSpecificPropertyValues": []}}, {"op": "add", "path": "/entities/3ac25f2657314528/properties/m_Tags", "value": {"type": "ZString", "value": "RainA"}}], "patchVersion": 4}