{"tempHash": "0005C60C0B3C7977", "tbluHash": "002E69256922F8F6", "patch": [{"op": "remove", "path": "/entities/d30f68376b684348"}, {"op": "remove", "path": "/entities/3b191669eb7c6d97"}, {"op": "remove", "path": "/entities/9c609448ed032f38"}, {"op": "remove", "path": "/entities/fd95c59302c8c1a5"}, {"op": "remove", "path": "/entities/b9929db9762baca"}, {"op": "remove", "path": "/entities/5fd7f75afade7c16"}, {"op": "remove", "path": "/entities/489dc1d8f4a75c74"}, {"op": "remove", "path": "/entities/5f269a6d9fb8c702"}, {"op": "remove", "path": "/entities/58bb3d82b4f90357"}, {"op": "remove", "path": "/entities/11ee410a93edd083"}, {"op": "remove", "path": "/entities/ca3b5e31f9a6fc32"}, {"op": "remove", "path": "/entities/c799780d39654ad1"}, {"op": "remove", "path": "/entities/2c589c6e9e5642c5"}, {"op": "remove", "path": "/entities/52fd580aa4a2140a"}, {"op": "remove", "path": "/entities/130f4a4163fd1294"}, {"op": "remove", "path": "/entities/389014bcbf0d3ec4"}, {"op": "remove", "path": "/entities/8bfb1fbd49753661"}, {"op": "remove", "path": "/entities/6d5f715b40abf0d0"}, {"op": "remove", "path": "/entities/d181ffe6eb7c73e"}, {"op": "remove", "path": "/entities/c88e9244db2dbf86"}, {"op": "remove", "path": "/entities/9106bc895b20f6f0"}, {"op": "remove", "path": "/entities/80d9e303e107f063"}, {"op": "remove", "path": "/entities/dac5c18c984cef48"}, {"op": "remove", "path": "/entities/bea9402a5b34d0be"}, {"op": "remove", "path": "/entities/236cf0e5c603e546"}, {"op": "remove", "path": "/entities/27348cb979123f18"}, {"op": "remove", "path": "/entities/e88ee03de587d080"}, {"op": "remove", "path": "/entities/73bb8c9adda033dc"}, {"op": "remove", "path": "/entities/f368ff9f4ce30774"}, {"op": "remove", "path": "/entities/54b9fa5965c66514"}, {"op": "remove", "path": "/entities/967079702c855b7f"}, {"op": "remove", "path": "/entities/bdbd8b54af6cdd84"}, {"op": "remove", "path": "/entities/97d9fa922693701c"}, {"op": "remove", "path": "/entities/149b5a2caf738030"}, {"op": "remove", "path": "/entities/879ba5c8dd265c9c"}, {"op": "remove", "path": "/entities/10f116203f3f9f6"}, {"op": "remove", "path": "/entities/e2a93974b897f9c5"}, {"op": "remove", "path": "/entities/ac805b865a0a0dea"}, {"op": "remove", "path": "/entities/1aa4b3b2c11a16fe"}, {"op": "remove", "path": "/entities/2d490323f06700e2"}, {"op": "remove", "path": "/entities/713662b3c0b381f4"}, {"op": "remove", "path": "/entities/e90084913c2cc8b3"}, {"op": "remove", "path": "/entities/6e4a5207d6ef15d0"}, {"op": "remove", "path": "/entities/d113b0b121011873"}, {"op": "remove", "path": "/entities/4d554484616e8886"}, {"op": "remove", "path": "/entities/99f0c932479b14fd"}, {"op": "remove", "path": "/entities/7184e87bebd8bf37"}, {"op": "remove", "path": "/entities/4d2aa2571411c382"}, {"op": "remove", "path": "/entities/a6d1b2de1fee3383"}, {"op": "remove", "path": "/entities/c8887bfa10cee065"}, {"op": "remove", "path": "/entities/f052614e571f9fd4"}, {"op": "remove", "path": "/entities/e3ff084852f278c4"}, {"op": "remove", "path": "/entities/d5072cfb84badf29"}, {"op": "remove", "path": "/entities/ffc66a740f44c4a7"}, {"op": "remove", "path": "/entities/ec4820f7120b8829"}, {"op": "remove", "path": "/entities/fa9d610a88385d0f"}, {"op": "remove", "path": "/entities/20380b9e9e74644a"}, {"op": "remove", "path": "/entities/197c89f219f4c226"}, {"op": "remove", "path": "/entities/3f52ef46a89f4162"}, {"op": "remove", "path": "/entities/216d7480868b3810"}, {"op": "remove", "path": "/entities/fc802503f9f3e2b9"}, {"op": "remove", "path": "/entities/a07b8176ce445832"}, {"op": "remove", "path": "/entities/a7502a9e682c00b6"}, {"op": "remove", "path": "/entities/66df0322102fbf8a"}, {"op": "remove", "path": "/entities/3ce8c8a94e7e56fc"}, {"op": "remove", "path": "/entities/d3d6dedf4a4f26bb"}, {"op": "remove", "path": "/entities/b4b8994a5a57dfb6"}, {"op": "remove", "path": "/entities/45279f1622075f8d"}, {"op": "remove", "path": "/entities/291de7202353a704"}, {"op": "remove", "path": "/entities/91350cd15357dcfe"}, {"op": "remove", "path": "/entities/f003b4d8c590c7c8"}, {"op": "remove", "path": "/entities/d120aea14fe3a01c"}, {"op": "remove", "path": "/entities/9f93182a4b601025"}, {"op": "remove", "path": "/entities/dd82b4d2d5ec157"}, {"op": "remove", "path": "/entities/cabe8eecf5009e6e"}, {"op": "remove", "path": "/entities/13045ab7649be37d"}, {"op": "remove", "path": "/entities/84affa40e8b86a56"}, {"op": "remove", "path": "/entities/a9cdd666a1ceb42b"}, {"op": "remove", "path": "/entities/2daeff6b22ae2f1e"}, {"op": "remove", "path": "/entities/468266ef50646a40"}, {"op": "remove", "path": "/entities/56fcc647c8cad078"}, {"op": "remove", "path": "/entities/791e3472dc0e84d4"}, {"op": "remove", "path": "/entities/a6762f46a6ccd066"}, {"op": "remove", "path": "/entities/3251c6212246b39d"}, {"op": "remove", "path": "/entities/911e404e17b0f0b2"}, {"op": "remove", "path": "/entities/58b2fcec152279e3"}, {"op": "remove", "path": "/entities/52e9c433097fa91"}, {"op": "remove", "path": "/entities/1f0b2060e99a90e"}, {"op": "remove", "path": "/entities/90922347fa929159"}, {"op": "remove", "path": "/entities/e8bc8ae355051ba4"}, {"op": "remove", "path": "/entities/22d020acefd68238"}, {"op": "remove", "path": "/entities/c579199d0aa6585d"}, {"op": "remove", "path": "/entities/ed458ddfad9918be"}, {"op": "remove", "path": "/entities/bf9a2c712a5a3bb8"}, {"op": "remove", "path": "/entities/9c75a2ee15eb3816"}, {"op": "remove", "path": "/entities/3f8eea98e63127c2"}, {"op": "remove", "path": "/entities/ef4f412d99318404"}, {"op": "remove", "path": "/entities/b1c54061d35ffca5"}, {"op": "remove", "path": "/entities/bdd2fdfc9c41116d"}, {"op": "remove", "path": "/entities/c0c3221c5ab61c67"}, {"op": "remove", "path": "/entities/17876a906737ee3b"}, {"op": "remove", "path": "/entities/dca6c02379f4c75c"}, {"op": "remove", "path": "/entities/365b7b034ce2394a"}, {"op": "remove", "path": "/entities/5efeb88c2f62a36f"}, {"op": "remove", "path": "/entities/886f9440624a6596"}, {"op": "remove", "path": "/entities/140ddff5ac45843"}, {"op": "remove", "path": "/entities/1ae4ba3d9c6bf324"}, {"op": "remove", "path": "/entities/3942897d71d50720"}, {"op": "remove", "path": "/entities/184e475758b9b58f"}, {"op": "remove", "path": "/entities/ff04024216266f79"}, {"op": "remove", "path": "/entities/1b434c402ed9b9d5"}, {"op": "remove", "path": "/entities/a082361f0549f13d"}, {"op": "remove", "path": "/entities/65cde2c57b4dd05c"}, {"op": "remove", "path": "/entities/ee0cea51706bbd69"}, {"op": "remove", "path": "/entities/3c72a1cfa35f7221"}, {"op": "remove", "path": "/entities/73ca190b9a87799"}, {"op": "remove", "path": "/entities/83dfc073ea540abe"}, {"op": "remove", "path": "/entities/761eb54f055aebeb"}, {"op": "remove", "path": "/entities/a2f020bb27c315b1"}, {"op": "remove", "path": "/entities/80ce12af4fdf8c8e"}, {"op": "remove", "path": "/entities/15106ef19f2191cb"}, {"op": "remove", "path": "/entities/fdfb008fce741b97"}, {"op": "remove", "path": "/entities/d7abfe1fbc0190cb"}, {"op": "remove", "path": "/entities/3ef6f6d150e6b917"}, {"op": "remove", "path": "/entities/f61105e9d2b7180e"}, {"op": "remove", "path": "/entities/b75a5082781cacfc"}, {"op": "remove", "path": "/entities/4785ac3f5153cc42"}, {"op": "remove", "path": "/entities/fa56e71c317d19f4"}, {"op": "remove", "path": "/entities/13c68c443751ce61"}, {"op": "remove", "path": "/entities/155cdd985a314a5e"}, {"op": "remove", "path": "/entities/4991fd1fb76bf3dc"}, {"op": "remove", "path": "/entities/d945c8a36382e59f"}, {"op": "remove", "path": "/entities/94bd2d4430af062b"}, {"op": "remove", "path": "/entities/12e9c166c13fbbc9"}, {"op": "remove", "path": "/entities/809e268d74e98649"}, {"op": "remove", "path": "/entities/34aea18b38b4fedf"}, {"op": "remove", "path": "/entities/2620aeffdbd560d8"}, {"op": "remove", "path": "/entities/827a0e162f21ef20"}, {"op": "remove", "path": "/entities/18d1796b3929ac20"}, {"op": "remove", "path": "/entities/a30b97b366c81670"}, {"op": "remove", "path": "/entities/5f0b99301e99ece8"}, {"op": "remove", "path": "/entities/4251bad3118db1c9"}, {"op": "remove", "path": "/entities/1e1bca613771aa02"}, {"op": "remove", "path": "/entities/ece0bf7f3a254f2e"}, {"op": "remove", "path": "/entities/1921b82d20a701bb"}, {"op": "remove", "path": "/entities/f15c41160a64b5e6"}, {"op": "remove", "path": "/entities/a8baacf7228e147b"}, {"op": "remove", "path": "/entities/5a4f1a52e0da1abf"}, {"op": "remove", "path": "/entities/820ef4d86cbaf795"}, {"op": "remove", "path": "/entities/eda5941b76ca056c"}, {"op": "remove", "path": "/entities/f8706c577e04f013"}, {"op": "remove", "path": "/entities/78c831835b75c27d"}, {"op": "remove", "path": "/entities/d8cd48dd6b0beb16"}, {"op": "remove", "path": "/entities/6440f3e50173cd9e"}, {"op": "remove", "path": "/entities/99ba2c0d2a487b99"}, {"op": "remove", "path": "/entities/531ffb31722e81da"}, {"op": "remove", "path": "/entities/f637feefec5d69a5"}, {"op": "remove", "path": "/entities/e918c7878c1b5511"}, {"op": "remove", "path": "/entities/b17fb27ea77c4ba3"}, {"op": "remove", "path": "/entities/658e12f561e3cbbd"}, {"op": "remove", "path": "/entities/26e6d1087ac90ec4"}, {"op": "remove", "path": "/entities/419471a35be919d6"}, {"op": "remove", "path": "/entities/749c3f78f295aca8"}, {"op": "remove", "path": "/entities/389e818caee8202d"}, {"op": "remove", "path": "/entities/9e3bb3090149adf1"}, {"op": "remove", "path": "/entities/b61febfecde02b13"}, {"op": "remove", "path": "/entities/32cf74bfe2cd5a33"}, {"op": "remove", "path": "/entities/8fb742c4c3dc0209"}, {"op": "remove", "path": "/entities/79fe2a79aee0e941"}, {"op": "remove", "path": "/entities/228e73b664570d94"}, {"op": "remove", "path": "/entities/e76fdbcbca3e6054"}, {"op": "remove", "path": "/entities/f32444bab1882099"}, {"op": "remove", "path": "/entities/cd6b7db958d3261f"}, {"op": "remove", "path": "/entities/b1d392aa87734ec"}, {"op": "remove", "path": "/entities/69b383ea50ecd710"}, {"op": "remove", "path": "/entities/a73b313d27f87030"}, {"op": "remove", "path": "/entities/93b30d929aa2b57"}, {"op": "remove", "path": "/entities/2919e162d9c73496"}, {"op": "remove", "path": "/entities/568cfe78733b865b"}, {"op": "remove", "path": "/entities/dbcec7c03aadf149"}, {"op": "remove", "path": "/entities/990d77ca0d0a72d9"}, {"op": "remove", "path": "/entities/2c0015a3e0ee980a"}, {"op": "remove", "path": "/entities/53bd9b562f409778"}, {"op": "remove", "path": "/entities/766a420cf89f0604"}, {"op": "remove", "path": "/entities/e0d8032133a84489"}, {"op": "remove", "path": "/entities/7b60db9396a5df73"}, {"op": "remove", "path": "/entities/a394ccb6bd787866"}, {"op": "remove", "path": "/entities/b2ee9ab94e97142f"}, {"op": "remove", "path": "/entities/77ba4965553d2619"}, {"op": "remove", "path": "/entities/8360b0e8d8e0e374"}, {"op": "remove", "path": "/entities/2ab7163eb1ad92bf"}, {"op": "remove", "path": "/entities/2582a606377be5e7"}, {"op": "remove", "path": "/entities/b29f24fed6f95367"}, {"op": "remove", "path": "/entities/95401a64eedb2136"}, {"op": "remove", "path": "/entities/9b847a81187589fd"}, {"op": "remove", "path": "/entities/3f1e4a49fccdd002"}, {"op": "remove", "path": "/entities/725f56d7b54f5173"}, {"op": "remove", "path": "/entities/3bbbc26bb73a6547"}, {"op": "remove", "path": "/entities/ef73e56dd00e02c9"}, {"op": "remove", "path": "/entities/ad30d9228d91af37"}, {"op": "remove", "path": "/entities/7803b1336e41ca72"}, {"op": "remove", "path": "/entities/425c1cee0f7f1601"}, {"op": "remove", "path": "/entities/a344469058e5e952"}, {"op": "remove", "path": "/entities/a197a9ca1a6d1b2f"}, {"op": "remove", "path": "/entities/6ada749bb65b8b25"}, {"op": "remove", "path": "/entities/55db02efcd779f7e"}, {"op": "remove", "path": "/entities/4a2a8056fbf14108"}, {"op": "remove", "path": "/entities/c4a6e22efe67befe"}, {"op": "remove", "path": "/entities/67a1faaa8f5211ff"}, {"op": "remove", "path": "/entities/acf5f21f649647f"}, {"op": "remove", "path": "/entities/a020519cc33be336"}, {"op": "remove", "path": "/entities/ea80e755041cafd7"}, {"op": "remove", "path": "/entities/1311e007ae42fb50"}, {"op": "remove", "path": "/entities/b137d78294e644c1"}, {"op": "remove", "path": "/entities/9f3862b517f849b7"}, {"op": "remove", "path": "/entities/432080f3ac0d5d9c"}, {"op": "remove", "path": "/entities/f00d978f05c5f1f4"}, {"op": "remove", "path": "/entities/de3859a9362044e5"}, {"op": "remove", "path": "/entities/781f14c934907aa9"}, {"op": "remove", "path": "/entities/c0d7f6beaae258e7"}, {"op": "remove", "path": "/entities/e5b55e888f41473a"}, {"op": "remove", "path": "/entities/c8ea0fdb87d9c8f1"}, {"op": "remove", "path": "/entities/f26e3bfdcb2dd0dc"}, {"op": "remove", "path": "/entities/5242065e50f93cf2"}, {"op": "remove", "path": "/entities/52a9477ea2e9f69a"}, {"op": "remove", "path": "/entities/4a84f505b0f30964"}, {"op": "remove", "path": "/entities/3eca45755e0b2047"}, {"op": "remove", "path": "/entities/7ab05f10efe7087c"}, {"op": "remove", "path": "/entities/56de39372792f227"}, {"op": "remove", "path": "/entities/9e020e2abde0d899"}, {"op": "remove", "path": "/entities/54210fd06af2b8cc"}, {"op": "remove", "path": "/entities/6ff5e1c262f8a301"}, {"op": "remove", "path": "/entities/969ab2cda5967d2b"}, {"op": "remove", "path": "/entities/8b3834a705f7acee"}, {"op": "remove", "path": "/entities/c7cc79fd80be6141"}, {"op": "remove", "path": "/entities/42985ec841d97a05"}, {"op": "remove", "path": "/entities/224406fc9d5d895d"}, {"op": "remove", "path": "/entities/6c318904211e86d8"}, {"op": "remove", "path": "/entities/77b08d5781a4145f"}, {"op": "remove", "path": "/entities/619ecd62ddf80d5"}, {"op": "remove", "path": "/entities/48509b537c4f2fd2"}, {"op": "remove", "path": "/entities/45edda82cc2aded"}, {"op": "remove", "path": "/entities/7d38da9cb32093b9"}, {"op": "remove", "path": "/entities/c5958b2f2c6a38dd"}, {"op": "remove", "path": "/entities/b3646a12381eebb1"}, {"op": "remove", "path": "/entities/1c2a4461c207304b"}, {"op": "remove", "path": "/entities/eba6b368de64d6c1"}, {"op": "remove", "path": "/entities/612fae68052bbe69"}, {"op": "remove", "path": "/entities/d0a300888d6f78d2"}, {"op": "remove", "path": "/entities/20e1729a1d0685b9"}, {"op": "remove", "path": "/entities/5bc8ef9ef61cfc16"}, {"op": "remove", "path": "/entities/6af49b4a455ff750"}, {"op": "remove", "path": "/entities/2cbb37694f7b5022"}, {"op": "remove", "path": "/entities/a439fcdb9da417eb"}, {"op": "remove", "path": "/entities/5347cf3a677e99d7"}, {"op": "remove", "path": "/entities/bf3f48fe4229b5fc"}, {"op": "remove", "path": "/entities/f647916a7160ca92"}, {"op": "remove", "path": "/entities/b291950124030d4b"}, {"op": "remove", "path": "/entities/160af42521ce4c6b"}, {"op": "remove", "path": "/entities/69810ca66c37212b"}, {"op": "remove", "path": "/entities/e2e1fc1131bbb15c"}, {"op": "remove", "path": "/entities/f0dc4dab79e9fa13"}, {"op": "remove", "path": "/entities/83af976e8368cb2e"}, {"op": "remove", "path": "/entities/63856d01bae66440"}, {"op": "remove", "path": "/entities/2b3557ae08f43df6"}, {"op": "remove", "path": "/entities/b51ccd0c008286f6"}, {"op": "remove", "path": "/entities/f2f8fbc736ccf683"}, {"op": "remove", "path": "/entities/81a46044e78a11d0"}, {"op": "remove", "path": "/entities/b74ac438a92b7e59"}, {"op": "remove", "path": "/entities/b81bf96bf4b53aed"}, {"op": "remove", "path": "/entities/8210eccc39020b34"}, {"op": "remove", "path": "/entities/7a7393d55f0904fe"}, {"op": "remove", "path": "/entities/1cdb4fcd0ab2b986"}, {"op": "remove", "path": "/entities/b8395e36c68d6436"}, {"op": "remove", "path": "/entities/6415bf02bc3bb8f7"}, {"op": "remove", "path": "/entities/36304cea46607576"}, {"op": "remove", "path": "/entities/372ea8bfbdf4c953"}, {"op": "remove", "path": "/entities/d1a9d5fa55131213"}, {"op": "remove", "path": "/entities/6a1110746a2df5ee"}, {"op": "remove", "path": "/entities/8375d9fce1d75689"}, {"op": "remove", "path": "/entities/bb413d6597752731"}, {"op": "remove", "path": "/entities/34f24526d09bd169"}, {"op": "remove", "path": "/entities/70c116850b04dcb5"}, {"op": "remove", "path": "/entities/710e6ab2928bc121"}, {"op": "remove", "path": "/entities/b11c54d511bdd023"}, {"op": "remove", "path": "/entities/30758ca795624dea"}, {"op": "remove", "path": "/entities/4fb111fdb963d553"}, {"op": "remove", "path": "/entities/81a4a4923d49669f"}, {"op": "remove", "path": "/entities/7a02745471c47577"}, {"op": "remove", "path": "/entities/4fefc08cfd5dfe8f"}, {"op": "remove", "path": "/entities/487d3bb1addf63c4"}, {"op": "remove", "path": "/entities/32737134e8a9a926"}, {"op": "remove", "path": "/entities/ef6c4906eda708c"}, {"op": "remove", "path": "/entities/e866365a289e33b6"}, {"op": "remove", "path": "/entities/910685f7815789d2"}, {"op": "remove", "path": "/entities/4e12dbf5ebe64749"}, {"op": "remove", "path": "/entities/639af44a6e294658"}, {"op": "remove", "path": "/entities/4b5ce3dd8b5621d5"}, {"op": "remove", "path": "/entities/209bd18b41b62488"}, {"op": "remove", "path": "/entities/a144a1d3bd71711"}, {"op": "remove", "path": "/entities/9d89b205171ea382"}, {"op": "remove", "path": "/entities/dcfb3ffbf283501f"}, {"op": "remove", "path": "/entities/eec7a5de4e4d3f96"}, {"op": "remove", "path": "/entities/7dc621685cddb9d5"}, {"op": "remove", "path": "/entities/1174ec9c9abd6d0"}, {"op": "remove", "path": "/entities/6fd336181118df0c"}, {"op": "remove", "path": "/entities/89cccea0ee37d529"}, {"op": "remove", "path": "/entities/9174480fade63cea"}, {"op": "remove", "path": "/entities/e20ed66dd3d91ba1"}, {"op": "remove", "path": "/entities/e9dac53abe25257e"}, {"op": "remove", "path": "/entities/261949de7168538d"}, {"op": "remove", "path": "/entities/eabb2fa0e6b59769"}, {"op": "remove", "path": "/entities/3ae6a81d0765dbef"}, {"op": "remove", "path": "/entities/708653f4784c5db0"}, {"op": "remove", "path": "/entities/c712d9d53c3519a5"}, {"op": "remove", "path": "/entities/faec7a5ede57c9a5"}, {"op": "remove", "path": "/entities/73ff5e0aa371a800"}, {"op": "remove", "path": "/entities/c59b4290c299c108"}, {"op": "remove", "path": "/entities/66b10fe593adab40"}, {"op": "remove", "path": "/entities/618e59bfbc87d10f"}, {"op": "remove", "path": "/entities/1fc2a6b6a8cd4bb1"}, {"op": "remove", "path": "/entities/66f7a8760463d541"}, {"op": "remove", "path": "/entities/6824644641f4cc71"}, {"op": "remove", "path": "/entities/29f1100cdbc6b02c"}, {"op": "remove", "path": "/entities/9709a7e1f0db2529"}, {"op": "remove", "path": "/entities/e52dce7777e4ff5"}, {"op": "remove", "path": "/entities/66d3ff578474e7a8"}, {"op": "remove", "path": "/entities/ea372673d6e3f535"}, {"op": "remove", "path": "/entities/dbf17627fd2417d"}, {"op": "remove", "path": "/entities/24def0a3882efce3"}, {"op": "remove", "path": "/entities/19c59508bc8ad603"}, {"op": "remove", "path": "/entities/d7a3f971b0229d2e"}, {"op": "remove", "path": "/entities/d5f18e71470825f3"}, {"op": "remove", "path": "/entities/be09da3118cbfd15"}, {"op": "remove", "path": "/entities/f3f59dd97a730dac"}, {"op": "remove", "path": "/entities/b6fd1ed83128b3b8"}, {"op": "remove", "path": "/entities/4a85ddc1a069c5ae"}, {"op": "remove", "path": "/entities/8eca7b78f6789a3a"}, {"op": "remove", "path": "/entities/b1338c6784be8443"}, {"op": "remove", "path": "/entities/9f39ffae05ae47f9"}, {"op": "remove", "path": "/entities/b8458487a28ded15"}, {"op": "remove", "path": "/entities/73c30273e36ee586"}, {"op": "remove", "path": "/entities/235d507724c3ff48"}, {"op": "remove", "path": "/entities/7fde44a668632a2d"}, {"op": "remove", "path": "/entities/9055c616e8762a4a"}, {"op": "remove", "path": "/entities/bb9c3d080cc9f96f"}, {"op": "remove", "path": "/entities/ca0d60acc21a021b"}, {"op": "remove", "path": "/entities/67a074777a5b2c0d"}, {"op": "remove", "path": "/entities/761f75c5d537aabe"}, {"op": "remove", "path": "/entities/b23dde700f0fdf9f"}, {"op": "remove", "path": "/entities/6716226bb4ffdb5b"}, {"op": "remove", "path": "/entities/724f457cb6427bcb"}, {"op": "remove", "path": "/entities/4464e8929fbf9b43"}, {"op": "remove", "path": "/entities/c0e17e64f95f25c0"}, {"op": "remove", "path": "/entities/8a366d0b2bbe4387"}, {"op": "remove", "path": "/entities/e38a8d4e3ee3681b"}, {"op": "remove", "path": "/entities/a42a57458959750c"}, {"op": "remove", "path": "/entities/19921eff2d892996"}, {"op": "remove", "path": "/entities/753f516a7dbc8a2d"}, {"op": "remove", "path": "/entities/68fc8a8546adf188"}, {"op": "remove", "path": "/entities/528440acb1a72928"}, {"op": "remove", "path": "/entities/9b3d6074764bb6c7"}, {"op": "remove", "path": "/entities/7c125593fb721976"}, {"op": "remove", "path": "/entities/2616a7f75b07b914"}, {"op": "remove", "path": "/entities/891b391f0bd890f4"}, {"op": "remove", "path": "/entities/a0b5876305b41f71"}, {"op": "remove", "path": "/entities/35e97465efac302"}, {"op": "remove", "path": "/entities/b8903205a19bb569"}, {"op": "remove", "path": "/entities/f7f64aac4dd18fd4"}, {"op": "remove", "path": "/entities/646662f4216e1db2"}, {"op": "remove", "path": "/entities/98d0b32e0fb97369"}, {"op": "remove", "path": "/entities/d7f1d20f316504b"}, {"op": "remove", "path": "/entities/446b821216133f5c"}, {"op": "remove", "path": "/entities/f82cd50d1d78ace3"}, {"op": "remove", "path": "/entities/e3877a18e658cb49"}, {"op": "remove", "path": "/entities/ce6eefd6a12d9c49"}, {"op": "remove", "path": "/entities/916d1cc416a1a5ea"}, {"op": "remove", "path": "/entities/f02527f468e4d22a"}, {"op": "remove", "path": "/entities/51afe4a7278e42af"}, {"op": "remove", "path": "/entities/d69d57e46b766d94"}, {"op": "remove", "path": "/entities/1022db1277cec107"}, {"op": "remove", "path": "/entities/a0dc88c07f1c404b"}, {"op": "remove", "path": "/entities/1d34a94d381476e4"}, {"op": "remove", "path": "/entities/9d339bde9e8d1b77"}, {"op": "remove", "path": "/entities/b8926f5e3dcc75c2"}, {"op": "remove", "path": "/entities/71ce0795198bf514"}, {"op": "remove", "path": "/entities/57ee7c81450ca5b0"}, {"op": "remove", "path": "/entities/6a5f2e2cbc491a9d"}, {"op": "remove", "path": "/entities/c2f2e763560e34f5"}, {"op": "remove", "path": "/entities/27b1c54bfac9bedb"}, {"op": "remove", "path": "/entities/26a9906de035ea0f"}, {"op": "remove", "path": "/entities/19b217306678db33"}, {"op": "remove", "path": "/entities/98adcc51727a4822"}, {"op": "remove", "path": "/entities/e9983e1f0fcae04"}, {"op": "remove", "path": "/entities/762ab895a86b1946"}, {"op": "remove", "path": "/entities/f070e3a7e5823515"}, {"op": "remove", "path": "/entities/6429aa1b68e9b27e"}, {"op": "remove", "path": "/entities/e916fb1ce9a44fc7"}, {"op": "remove", "path": "/entities/7287f8f9f6122c52"}, {"op": "remove", "path": "/entities/4f8c94092725ea5"}, {"op": "remove", "path": "/entities/5ba97ada732d1613"}, {"op": "remove", "path": "/entities/cf0a40880ef4f41c"}, {"op": "remove", "path": "/entities/d2f59f4e925fdb56"}, {"op": "remove", "path": "/entities/d8b964a1542314e4"}, {"op": "remove", "path": "/entities/710fe9868070c281"}, {"op": "remove", "path": "/entities/fcb0ad487124c0f"}, {"op": "remove", "path": "/entities/75931e4178fc3c92"}, {"op": "remove", "path": "/entities/8b83661740a2f3a5"}, {"op": "remove", "path": "/entities/b62e3383e8c2dbb0"}, {"op": "remove", "path": "/entities/b220e1d31e6e9da4"}, {"op": "remove", "path": "/entities/579aece5669b53d4"}, {"op": "remove", "path": "/entities/84ec48cb382e38ca"}, {"op": "remove", "path": "/entities/4fe272434e1441b6"}, {"op": "remove", "path": "/entities/ca6b01968ee919cb"}, {"op": "remove", "path": "/entities/de17f538b359c799"}, {"op": "remove", "path": "/entities/7efcd60e46b6c36a"}, {"op": "remove", "path": "/entities/d95161c2d6a9f370"}, {"op": "remove", "path": "/entities/7d515fecec811fe3"}, {"op": "remove", "path": "/entities/58330b90b9222106"}, {"op": "remove", "path": "/entities/1f6031ad0d44ae21"}, {"op": "remove", "path": "/entities/4fede9450b4e081e"}, {"op": "remove", "path": "/entities/fce99024be8108bb"}, {"op": "remove", "path": "/entities/74bd845117b15abc"}, {"op": "remove", "path": "/entities/abad183783746f1a"}, {"op": "remove", "path": "/entities/79ddd83ce4979035"}, {"op": "remove", "path": "/entities/6d81afea33a9c5c6"}, {"op": "remove", "path": "/entities/d8f83636c4655b5c"}, {"op": "remove", "path": "/entities/5870d662bd65d6f8"}, {"op": "remove", "path": "/entities/db13314d8193c441"}, {"op": "remove", "path": "/entities/dc2688111db539f3"}, {"op": "remove", "path": "/entities/87358c749b7be68a"}, {"op": "remove", "path": "/entities/760e458ef9c94203"}, {"op": "remove", "path": "/entities/ad24071a747be1ac"}, {"op": "remove", "path": "/entities/76087b0e7c4bf2e9"}, {"op": "remove", "path": "/entities/ce8515ac3b1a1412"}, {"op": "remove", "path": "/entities/d0abf815e925db80"}, {"op": "remove", "path": "/entities/17e35fc092dff6c4"}, {"op": "remove", "path": "/entities/61b7c2e5899d8946"}, {"op": "remove", "path": "/entities/382c251c171fafc4"}, {"op": "remove", "path": "/entities/8d7e3e3814447bc2"}, {"op": "remove", "path": "/entities/2c9de12e17a88497"}, {"op": "remove", "path": "/entities/d98922f4c96aeef6"}, {"op": "remove", "path": "/entities/532b059ed4ccec2c"}, {"op": "remove", "path": "/entities/915ab303420d4572"}, {"op": "remove", "path": "/entities/578e3b40294f82e4"}, {"op": "remove", "path": "/entities/3b26a5b0e411a984"}, {"op": "remove", "path": "/entities/c7bb72ed6266a63f"}, {"op": "remove", "path": "/entities/a627f58ebbec35a2"}, {"op": "remove", "path": "/entities/41136da06917f45f"}, {"op": "remove", "path": "/entities/a80c09a9559a8898"}, {"op": "remove", "path": "/entities/41f4c09d11dadbb"}, {"op": "remove", "path": "/entities/3eaf2c3bb8bd31e3"}, {"op": "remove", "path": "/entities/d3ec2191ef9f9358"}, {"op": "remove", "path": "/entities/595514b461131966"}, {"op": "remove", "path": "/entities/8477319ec5ce5337"}, {"op": "remove", "path": "/entities/a577177511be1218"}, {"op": "remove", "path": "/entities/787276ef458535a2"}, {"op": "remove", "path": "/entities/e3d496f6e692efdc"}, {"op": "remove", "path": "/entities/d0a13af0e273542e"}, {"op": "remove", "path": "/entities/183f746239ba7a28"}, {"op": "remove", "path": "/entities/39cebe58583dcfa7"}, {"op": "remove", "path": "/entities/4de01e0a0e997a7b"}, {"op": "remove", "path": "/entities/5d41933959ad3413"}, {"op": "remove", "path": "/entities/672cb9353f30c1a3"}, {"op": "remove", "path": "/entities/5de9800ad1cacba1"}, {"op": "remove", "path": "/entities/df70d3884b15e5bd"}, {"op": "remove", "path": "/entities/9d6d7678641a70fc"}, {"op": "remove", "path": "/entities/d300efa3d83baba9"}, {"op": "remove", "path": "/entities/9c2f0a424f588eca"}, {"op": "remove", "path": "/entities/bac784d209925756"}, {"op": "remove", "path": "/entities/f3941aefe2e3f0c3"}, {"op": "remove", "path": "/entities/50386aa1c9a97ab"}, {"op": "remove", "path": "/entities/dbaeeeb2ea0455fa"}, {"op": "remove", "path": "/entities/ee569131fb4c8d4f"}, {"op": "remove", "path": "/entities/a76edf30f73f571a"}, {"op": "remove", "path": "/entities/bf141016947ffa9f"}, {"op": "remove", "path": "/entities/8e46947dc03a8079"}, {"op": "remove", "path": "/entities/74b6168e1d2ecb1"}, {"op": "remove", "path": "/entities/fd2feedfa5ca92ab"}, {"op": "remove", "path": "/entities/b4b2860287fd364d"}, {"op": "remove", "path": "/entities/ff9bf96aec1b63a7"}, {"op": "remove", "path": "/entities/6c079ccfb1aa7dca"}, {"op": "remove", "path": "/entities/48d440ab9fe93677"}, {"op": "remove", "path": "/entities/a1e1c329aacd4309"}, {"op": "remove", "path": "/entities/3abffaf1204be4"}, {"op": "remove", "path": "/entities/327305ae9f711744"}, {"op": "remove", "path": "/entities/b1ebfa5045653140"}, {"op": "remove", "path": "/entities/2cb023ec7bc9067b"}, {"op": "remove", "path": "/entities/b4f0846345f9a19a"}, {"op": "remove", "path": "/entities/51b5b49145db08a"}, {"op": "remove", "path": "/entities/2a7d3f6658b73e1d"}, {"op": "remove", "path": "/entities/a2e7501d5599592"}, {"op": "remove", "path": "/entities/af08c0966132fc51"}, {"op": "remove", "path": "/entities/b26f83cb50319a14"}, {"op": "remove", "path": "/entities/572d46070cb01ecc"}, {"op": "remove", "path": "/entities/4ad3bcf83a55c040"}, {"op": "remove", "path": "/entities/ba5109744eba4762"}, {"op": "remove", "path": "/entities/53d36943ec448951"}, {"op": "remove", "path": "/entities/eb612ba835d30cce"}, {"op": "remove", "path": "/entities/b500667f1a96f891"}, {"op": "remove", "path": "/entities/1ee8661cfd3c997d"}, {"op": "remove", "path": "/entities/68a6328d123181db"}, {"op": "remove", "path": "/entities/2b34a849494ebbb5"}, {"op": "remove", "path": "/entities/ecfdac842b56fed0"}, {"op": "remove", "path": "/entities/2550c0288d023fd2"}, {"op": "remove", "path": "/entities/e56f9b6a30c0c761"}, {"op": "remove", "path": "/entities/f998ad5922a95709"}, {"op": "remove", "path": "/entities/6749bddd691ce86c"}, {"op": "remove", "path": "/entities/1be861d05f7a314"}, {"op": "remove", "path": "/entities/93f822c6cf5680e"}, {"op": "remove", "path": "/entities/c320f8708314202e"}, {"op": "remove", "path": "/entities/75d04aa1dc59cd9f"}, {"op": "remove", "path": "/entities/8eb96435282793c"}, {"op": "remove", "path": "/entities/6e1cc1212fc16ebc"}, {"op": "remove", "path": "/entities/5d148dc0fde20602"}, {"op": "remove", "path": "/entities/87ff7194fb9db9d"}, {"op": "remove", "path": "/entities/85e453432b31b65e"}, {"op": "remove", "path": "/entities/e9382a677f4d979e"}, {"op": "remove", "path": "/entities/b3a685aab169afda"}, {"op": "remove", "path": "/entities/6810d29db280256"}, {"op": "remove", "path": "/entities/3f640473e69111f"}, {"op": "remove", "path": "/entities/695d702af51f500f"}, {"op": "remove", "path": "/entities/de583b1a745e2923"}, {"op": "remove", "path": "/entities/7501d9fa68cd7ee5"}, {"op": "remove", "path": "/entities/83e1870f0b6f93cb"}, {"op": "remove", "path": "/entities/f68787c61abe3717"}, {"op": "remove", "path": "/entities/8e1c944d0d970a45"}, {"op": "remove", "path": "/entities/c4709f3955a166b6"}, {"op": "remove", "path": "/entities/eebc29ea687f965d"}, {"op": "remove", "path": "/entities/cbb8e8a58b0ef981"}, {"op": "remove", "path": "/entities/fa5b7caf2c6bc79f"}, {"op": "remove", "path": "/entities/a37907ec58702ac6"}, {"op": "remove", "path": "/entities/7fc3d7f244b84970"}, {"op": "remove", "path": "/entities/4bc26c0cd45718ed"}, {"op": "remove", "path": "/entities/c097b5f41df2c6da"}, {"op": "remove", "path": "/entities/3a19cb335e82e95e"}, {"op": "remove", "path": "/entities/51956aa4c2a97c6d"}, {"op": "remove", "path": "/entities/42e2406a1b6866aa"}, {"op": "remove", "path": "/entities/18ad48e4b6535431"}, {"op": "remove", "path": "/entities/38b3e1f45eaf0029"}, {"op": "remove", "path": "/entities/a5d7aa410842c0af"}, {"op": "remove", "path": "/entities/41803d45477c255f"}, {"op": "remove", "path": "/entities/c263de5951fc5c92"}, {"op": "remove", "path": "/entities/e6c9203ed1e7de68"}, {"op": "remove", "path": "/entities/19b079d359cc45bf"}, {"op": "remove", "path": "/entities/8f704093fd17dd06"}, {"op": "remove", "path": "/entities/bf8d02891091aab8"}, {"op": "remove", "path": "/entities/4fe9ccc2ea413e3d"}, {"op": "remove", "path": "/entities/2cdfaaf22275d08b"}, {"op": "remove", "path": "/entities/6bb67781301627"}, {"op": "remove", "path": "/entities/c7ecd116554d47ee"}, {"op": "remove", "path": "/entities/9d29b72be7831c57"}, {"op": "remove", "path": "/entities/d91dde2b3762a00d"}, {"op": "remove", "path": "/entities/e5769e45e0d3ad85"}, {"op": "remove", "path": "/entities/58d38d01fc4afd4f"}, {"op": "remove", "path": "/entities/8f9fa91557edf60a"}, {"op": "remove", "path": "/entities/f7cd429732188278"}, {"op": "remove", "path": "/entities/77b6519625d2fc40"}, {"op": "remove", "path": "/entities/2a68fc81b87c05bf"}, {"op": "remove", "path": "/entities/4213caf8e1ecb54e"}, {"op": "remove", "path": "/entities/a26b0b4b3b89d1eb"}, {"op": "remove", "path": "/entities/92fd94d7b1b84783"}, {"op": "remove", "path": "/entities/c46cd23d4119d9a9"}, {"op": "remove", "path": "/entities/7fdc3500ad2f684"}, {"op": "remove", "path": "/entities/354afde8b6fca1d3"}, {"op": "remove", "path": "/entities/8d6db09145146971"}, {"op": "remove", "path": "/entities/9f082f94e3a26c93"}, {"op": "remove", "path": "/entities/79b65e5b3081d416"}, {"op": "remove", "path": "/entities/7be502632a9bcb4"}, {"op": "remove", "path": "/entities/a33225e28a9c575d"}, {"op": "remove", "path": "/entities/9543a0f55f081e3b"}, {"op": "remove", "path": "/entities/30d32740f9c9c9c"}, {"op": "remove", "path": "/entities/c00012c4ae092446"}, {"op": "remove", "path": "/entities/eacfd6bcd0288554"}, {"op": "remove", "path": "/entities/894c1d38ccaa552e"}, {"op": "remove", "path": "/entities/1ab6c16a7da4f5cc"}, {"op": "remove", "path": "/entities/3e4eedf9d448988e"}, {"op": "remove", "path": "/entities/78066b971b437907"}, {"op": "remove", "path": "/entities/e9dfca27eb73f8c0"}, {"op": "remove", "path": "/entities/5e22d86dcd6b2345"}, {"op": "remove", "path": "/entities/e482c88f98fbd01"}, {"op": "remove", "path": "/entities/96fe3c6659846f89"}, {"op": "remove", "path": "/entities/b5dea938f899b559"}, {"op": "remove", "path": "/entities/49a6c0e638a85243"}, {"op": "remove", "path": "/entities/3f05bc62656766b6"}, {"op": "remove", "path": "/entities/6884b01eeed84d86"}, {"op": "remove", "path": "/entities/385b45a662e02365"}, {"op": "remove", "path": "/entities/c9063e98582da2bc"}, {"op": "remove", "path": "/entities/a32be692d5ea427f"}, {"op": "remove", "path": "/entities/8bccf08aef14879a"}, {"op": "remove", "path": "/entities/53e811f3d9dcabf9"}, {"op": "remove", "path": "/entities/ab1f79b6274c7a6a"}, {"op": "remove", "path": "/entities/25cdf1abf36e8681"}, {"op": "remove", "path": "/entities/ea758c5a0822fb8f"}, {"op": "remove", "path": "/entities/89353bb98b1c7a1f"}, {"op": "remove", "path": "/entities/8fcce22ddcf822a4"}, {"op": "remove", "path": "/entities/2ae9a0f7f3f0a4de"}, {"op": "remove", "path": "/entities/442ccb4ff9476df6"}, {"op": "remove", "path": "/entities/a3e6333c7edc6e37"}, {"op": "remove", "path": "/entities/e642b900bbbebb6a"}, {"op": "remove", "path": "/entities/702ba242cbf56558"}, {"op": "remove", "path": "/entities/c414b908c79a47c5"}, {"op": "remove", "path": "/entities/507a00cc324a864e"}, {"op": "remove", "path": "/entities/fe92a7483ea1e70a"}, {"op": "remove", "path": "/entities/f846c609f43e18d1"}, {"op": "remove", "path": "/entities/e4f612c4a8b65346"}, {"op": "remove", "path": "/entities/7abd36c51c81bd55"}, {"op": "remove", "path": "/entities/b151fda4c8752e0d"}, {"op": "remove", "path": "/entities/a0ee7ab08dcb8363"}, {"op": "remove", "path": "/entities/dd2e130478a2033f"}, {"op": "remove", "path": "/entities/fa69cd65ac2a9177"}, {"op": "remove", "path": "/entities/e7e99ecc41a63b65"}, {"op": "remove", "path": "/entities/4ec41665cda10bb6"}, {"op": "remove", "path": "/entities/80eaf06df153f537"}, {"op": "remove", "path": "/entities/80e85b95c9617e73"}, {"op": "remove", "path": "/entities/e6f2f9c7ba809d14"}, {"op": "remove", "path": "/entities/ddbb29809731327b"}, {"op": "remove", "path": "/entities/223af3edfe7140fd"}, {"op": "remove", "path": "/entities/af7402ceda30c727"}, {"op": "remove", "path": "/entities/2e69dd37203cdc1d"}, {"op": "remove", "path": "/entities/14df71747810044e"}, {"op": "remove", "path": "/entities/774d57454c8b4f9b"}, {"op": "remove", "path": "/entities/1382b50f90ae9691"}, {"op": "remove", "path": "/entities/b41a7f92c817f982"}, {"op": "remove", "path": "/entities/1dbd7f96ba199539"}, {"op": "remove", "path": "/entities/3d962f7c3990734b"}, {"op": "remove", "path": "/entities/94902b4d57d14a07"}, {"op": "remove", "path": "/entities/1b53f94247652a4e"}, {"op": "remove", "path": "/entities/63b6b506cecbdae2"}, {"op": "remove", "path": "/entities/caa5b7c0ff6b3131"}, {"op": "remove", "path": "/entities/d044b0e3584bc8cb"}, {"op": "remove", "path": "/entities/ebe05dc46ed3f2ce"}, {"op": "remove", "path": "/entities/c7360b12006f160c"}, {"op": "remove", "path": "/entities/8805f40f08906cbe"}, {"op": "remove", "path": "/entities/c6a10516c46d23a2"}, {"op": "remove", "path": "/entities/49b4dddb33a996ac"}, {"op": "remove", "path": "/entities/784848e3bce281b9"}, {"op": "remove", "path": "/entities/7ad2184d25f274b1"}, {"op": "remove", "path": "/entities/e5f47410ee126d4d"}, {"op": "remove", "path": "/entities/60ef9d9a734a111d"}, {"op": "remove", "path": "/entities/976531c3435b2c92"}, {"op": "remove", "path": "/entities/162ac216e3f70d5"}, {"op": "remove", "path": "/entities/d5769dc0bd5fe7ab"}, {"op": "remove", "path": "/entities/ed0a9ceb01ef7a43"}, {"op": "remove", "path": "/entities/6c45f1e8f4d1e4b2"}, {"op": "remove", "path": "/entities/79f53193cfc581cb"}, {"op": "remove", "path": "/entities/5d03aadbbf16e9a7"}, {"op": "remove", "path": "/entities/b219717bab641300"}, {"op": "remove", "path": "/entities/c0aa3b2458c79b57"}, {"op": "remove", "path": "/entities/f6c9a7781b239c1"}, {"op": "remove", "path": "/entities/28334fd8c52d8a4d"}, {"op": "remove", "path": "/entities/d04bc11e1297a510"}, {"op": "remove", "path": "/entities/e3ee6feb6a6ce6eb"}, {"op": "remove", "path": "/entities/8fd12d09d3c07ff7"}, {"op": "remove", "path": "/entities/3b8cd07fcb4f5eaa"}, {"op": "remove", "path": "/entities/65df35febe659e64"}, {"op": "remove", "path": "/entities/3b34441feb1bd5ec"}, {"op": "remove", "path": "/entities/137928fb01a0949d"}, {"op": "remove", "path": "/entities/94cd77f64e646248"}, {"op": "remove", "path": "/entities/4e1b64a8d462f394"}, {"op": "remove", "path": "/entities/d50bfdc693ee1652"}, {"op": "remove", "path": "/entities/7939f713b4d8ca36"}, {"op": "remove", "path": "/entities/172226221b1fbad2"}, {"op": "remove", "path": "/entities/b67de47052497423"}, {"op": "remove", "path": "/entities/f565085836902987"}, {"op": "remove", "path": "/entities/a4893a85f608431f"}, {"op": "remove", "path": "/entities/113e9cab964eed79"}, {"op": "remove", "path": "/entities/7ab8879937b0c4f5"}, {"op": "remove", "path": "/entities/10dde3f5ce1ab4f4"}, {"op": "remove", "path": "/entities/5abb342ead81d0f3"}, {"op": "remove", "path": "/entities/8e069141eb22cdd8"}, {"op": "remove", "path": "/entities/e0bffcc82efcb827"}, {"op": "remove", "path": "/entities/251581ef1e401dab"}, {"op": "remove", "path": "/entities/c64b5847d9e7ed58"}, {"op": "remove", "path": "/entities/e5382a2e7d77eee3"}, {"op": "remove", "path": "/entities/91a5bae2635b4dc2"}, {"op": "remove", "path": "/entities/138e35d9e68b0fa9"}, {"op": "remove", "path": "/entities/a02fb226a8348ed7"}, {"op": "remove", "path": "/entities/bc3f6dada27735e"}, {"op": "remove", "path": "/entities/ab4ed5f3326cbb7f"}, {"op": "remove", "path": "/entities/d76bdf09fe604f62"}, {"op": "remove", "path": "/entities/65028a538961f53a"}, {"op": "remove", "path": "/entities/3897643d22707d75"}, {"op": "remove", "path": "/entities/6de6ce9347e9ae95"}, {"op": "remove", "path": "/entities/4b590e9766919ed6"}, {"op": "remove", "path": "/entities/6dd3d8497b01e90d"}, {"op": "remove", "path": "/entities/3d5faaf443689365"}, {"op": "remove", "path": "/entities/148fd6da892c2524"}, {"op": "remove", "path": "/entities/e151186ffda99d31"}, {"op": "remove", "path": "/entities/c0002d93eb2c8760"}, {"op": "remove", "path": "/entities/9adad42311f10a9d"}, {"op": "remove", "path": "/entities/b289122c85252d59"}, {"op": "remove", "path": "/entities/fd27b5b866f17b48"}, {"op": "remove", "path": "/entities/1aa8c767607d4e42"}, {"op": "remove", "path": "/entities/7116a02f01dbbc1b"}, {"op": "remove", "path": "/entities/89442f302da7a611"}, {"op": "remove", "path": "/entities/7e6fc73f8e171b62"}, {"op": "remove", "path": "/entities/c7f2ca0befb69fbd"}, {"op": "remove", "path": "/entities/39485201455c5a3e"}, {"op": "remove", "path": "/entities/6823763622880b53"}, {"op": "remove", "path": "/entities/616d983d6c8e83ab"}, {"op": "remove", "path": "/entities/dccf435eeeeef7eb"}, {"op": "remove", "path": "/entities/62a874c8a62b5bf6"}, {"op": "remove", "path": "/entities/745bfdbb51d8231e"}, {"op": "remove", "path": "/entities/7d78635bc80d9a0c"}, {"op": "remove", "path": "/entities/d89e58cef5379f8e"}, {"op": "remove", "path": "/entities/55a4261d1c93a209"}, {"op": "remove", "path": "/entities/6cd87e5addcde8e"}, {"op": "remove", "path": "/entities/79f05e24797fa05a"}, {"op": "remove", "path": "/entities/53aa07f43f41b2c0"}, {"op": "remove", "path": "/entities/b73babb7580c8db1"}, {"op": "remove", "path": "/entities/5d44cf14e572e4d9"}, {"op": "remove", "path": "/entities/76b3ae397b8f43d8"}, {"op": "remove", "path": "/entities/adbade80da74d984"}, {"op": "remove", "path": "/entities/76755bb142ddb027"}, {"op": "remove", "path": "/entities/a05afbc415a09735"}, {"op": "remove", "path": "/entities/d776987b895c4d13"}, {"op": "remove", "path": "/entities/e69db33fd062c7d4"}, {"op": "remove", "path": "/entities/6a6bfbc61e98134a"}, {"op": "remove", "path": "/entities/12e7d95cbe152a7b"}, {"op": "remove", "path": "/entities/410557aaed7af389"}, {"op": "remove", "path": "/entities/8c8373126f255f26"}, {"op": "remove", "path": "/entities/eb1ae9f9ef49a463"}, {"op": "remove", "path": "/entities/85cee318de2d25b3"}, {"op": "remove", "path": "/entities/a812eff5dc003cc3"}, {"op": "remove", "path": "/entities/b4f4eb697e2d237f"}, {"op": "remove", "path": "/entities/32d8d564032eda9b"}, {"op": "remove", "path": "/entities/a9fbe8431e6d9950"}, {"op": "remove", "path": "/entities/42992accecede5f4"}, {"op": "remove", "path": "/entities/3344b787dcad449d"}, {"op": "remove", "path": "/entities/1aa7dd812d6501d4"}, {"op": "remove", "path": "/entities/6b82f7077747b0e1"}, {"op": "remove", "path": "/entities/60b47d285b48a139"}, {"op": "remove", "path": "/entities/2cefc4a32845e422"}, {"op": "remove", "path": "/entities/e593e0da247d14db"}, {"op": "remove", "path": "/entities/2fdb77be607e5037"}, {"op": "remove", "path": "/entities/474892b38e8b3dca"}, {"op": "remove", "path": "/entities/5deb98270ebeba64"}, {"op": "remove", "path": "/entities/71bf6f2359990035"}, {"op": "remove", "path": "/entities/9f5ae1a45886c41e"}, {"op": "remove", "path": "/entities/b332768299c13d15"}, {"op": "remove", "path": "/entities/288e3ff5f3f72a0f"}, {"op": "remove", "path": "/entities/acb50106f34a8167"}, {"op": "remove", "path": "/entities/41324287936f2432"}, {"op": "remove", "path": "/entities/684a05915b2bb9d2"}, {"op": "remove", "path": "/entities/be53ba15c3b3f8b4"}, {"op": "remove", "path": "/entities/384cc8637e0f7378"}, {"op": "remove", "path": "/entities/7afb20a1db9ff9c3"}, {"op": "remove", "path": "/entities/70d5a099e556004b"}, {"op": "remove", "path": "/entities/b066395fd6bd7eb6"}, {"op": "remove", "path": "/entities/9f30089ba611dfcb"}, {"op": "remove", "path": "/entities/7283cb4583ac6ce7"}, {"op": "remove", "path": "/entities/a1a9e2e3a07a0c18"}, {"op": "remove", "path": "/entities/19e8f9c676024917"}, {"op": "remove", "path": "/entities/7ba49d238e040a07"}, {"op": "remove", "path": "/entities/cc432ba6ac7a71fc"}, {"op": "remove", "path": "/entities/70b18fd089fce002"}, {"op": "remove", "path": "/entities/b36acc2c9ebaf859"}, {"op": "remove", "path": "/entities/ac5eeee52f84c845"}, {"op": "remove", "path": "/entities/42cfe9ecd7370e13"}, {"op": "remove", "path": "/entities/d2694f6d64857aa6"}, {"op": "remove", "path": "/entities/cbbcc7ef28bbcda2"}, {"op": "remove", "path": "/entities/ea2a65c2e317a5c"}, {"op": "remove", "path": "/entities/51d545f367f62dff"}, {"op": "remove", "path": "/entities/fe23276069f03ea0"}, {"op": "remove", "path": "/entities/2309a3de5c5e7ff6"}, {"op": "remove", "path": "/entities/7b752c5073dd72b6"}, {"op": "remove", "path": "/entities/9a468ac66c59a3a3"}, {"op": "remove", "path": "/entities/521864aee727f8b2"}, {"op": "remove", "path": "/entities/162ecad5a4c9f04f"}, {"op": "remove", "path": "/entities/25eac9f7050edab5"}, {"op": "remove", "path": "/entities/6c8d02683514b1c9"}, {"op": "remove", "path": "/entities/f89ecf39739af1d7"}, {"op": "remove", "path": "/entities/1b0bb0146dec1d9"}, {"op": "remove", "path": "/entities/d9b9d6491906770e"}, {"op": "remove", "path": "/entities/921d2c3af3d401ef"}, {"op": "remove", "path": "/entities/c66253644d7b0af8"}, {"op": "remove", "path": "/entities/6544e8ded1aa1194"}, {"op": "remove", "path": "/entities/41ad30004c1767e6"}, {"op": "remove", "path": "/entities/e6c79267cef38523"}, {"op": "remove", "path": "/entities/d961260e85a98544"}, {"op": "remove", "path": "/entities/85d73686a53ef2e4"}, {"op": "remove", "path": "/entities/118f250229239837"}, {"op": "remove", "path": "/entities/162550f178521853"}, {"op": "remove", "path": "/entities/7217f0d93092c79b"}, {"op": "remove", "path": "/entities/5c1f9b4fa8920fae"}, {"op": "remove", "path": "/entities/87320e4491513a35"}, {"op": "remove", "path": "/entities/425043cdc053276"}, {"op": "remove", "path": "/entities/57152da9d6579087"}, {"op": "remove", "path": "/entities/80ed53c04052ba23"}, {"op": "remove", "path": "/entities/cb67a10803b04bd3"}, {"op": "remove", "path": "/entities/77831c36e4325b5e"}, {"op": "remove", "path": "/entities/f623f050d7933f0c"}, {"op": "remove", "path": "/entities/f6b23e52cdb6707b"}, {"op": "remove", "path": "/entities/d6599751f58fe41c"}, {"op": "remove", "path": "/entities/456507cd07a43c95"}, {"op": "remove", "path": "/entities/7082ee7d94703ef7"}, {"op": "remove", "path": "/entities/33583f3a019589da"}, {"op": "remove", "path": "/entities/89b39bcaef66aba6"}, {"op": "remove", "path": "/entities/bfc468a7580565f5"}, {"op": "remove", "path": "/entities/6ff6c7cd08880c03"}, {"op": "remove", "path": "/entities/4060e51917f956fd"}, {"op": "remove", "path": "/entities/b63c44367648e045"}, {"op": "remove", "path": "/entities/73d407dd582fe409"}, {"op": "remove", "path": "/entities/4822cc86e4ddf21b"}, {"op": "remove", "path": "/entities/2916d9040e0f9d82"}, {"op": "remove", "path": "/entities/422c37ffd01b3748"}, {"op": "remove", "path": "/entities/24acd6050c759d4b"}, {"op": "remove", "path": "/entities/2271f7ab82f2fffd"}, {"op": "remove", "path": "/entities/925e6975c4291fac"}, {"op": "remove", "path": "/entities/78158ee422e8f0da"}, {"op": "remove", "path": "/entities/1fe42636f4b7cf4"}, {"op": "remove", "path": "/entities/416c2765d748aec8"}, {"op": "remove", "path": "/entities/c56820ffdc851cf0"}, {"op": "remove", "path": "/entities/39627fb9d1396c2a"}, {"op": "remove", "path": "/entities/88ae78bf0a3f3030"}, {"op": "remove", "path": "/entities/db0999a5cdad635d"}, {"op": "remove", "path": "/entities/533be9093dd9f943"}, {"op": "remove", "path": "/entities/dce8cd11f9602761"}, {"op": "remove", "path": "/entities/a36e414125053363"}, {"op": "remove", "path": "/entities/5c9b406a36d37a4e"}, {"op": "remove", "path": "/entities/f84db66e0e630652"}, {"op": "remove", "path": "/entities/5acc64c8557f7be1"}, {"op": "remove", "path": "/entities/d7ca7227f1d93da3"}, {"op": "remove", "path": "/entities/1df1779af4518889"}, {"op": "remove", "path": "/entities/638bfa82c8848f7f"}, {"op": "remove", "path": "/entities/a9c542b98be676f0"}, {"op": "remove", "path": "/entities/42645d7b4ecdf808"}, {"op": "remove", "path": "/entities/4bf7498dd42a202d"}, {"op": "remove", "path": "/entities/d311977808a6d34c"}, {"op": "remove", "path": "/entities/2afe0bbe0bf594af"}, {"op": "remove", "path": "/entities/39f5be4156b4c8a6"}, {"op": "remove", "path": "/entities/13f954f3975a806f"}, {"op": "remove", "path": "/entities/a89d5ccf214997aa"}, {"op": "remove", "path": "/entities/cc951fa09b70eb5e"}, {"op": "remove", "path": "/entities/d1a6f16c28105a06"}, {"op": "remove", "path": "/entities/214eeb768dd6fc65"}, {"op": "remove", "path": "/entities/2f9b6e3dd0107329"}, {"op": "remove", "path": "/entities/533b24c5f185ed44"}, {"op": "remove", "path": "/entities/bd8c97b94b156dc4"}, {"op": "remove", "path": "/entities/46fd82d1a5120540"}, {"op": "remove", "path": "/entities/2e8d3add1eabef6f"}, {"op": "remove", "path": "/entities/a3ca2fe7c22e9e6c"}, {"op": "remove", "path": "/entities/52332a46785f4820"}, {"op": "remove", "path": "/entities/e1380929f4d2cdd6"}, {"op": "remove", "path": "/entities/b2e01e49bfeda3b8"}, {"op": "remove", "path": "/entities/1b8cda1181180095"}, {"op": "remove", "path": "/entities/4df7dce81f41020d"}, {"op": "remove", "path": "/entities/738aed911457721b"}, {"op": "remove", "path": "/entities/dbfe87fc5a6a289e"}, {"op": "remove", "path": "/entities/b08c973af15ccaf5"}, {"op": "remove", "path": "/entities/263ec22c7c52de2b"}, {"op": "remove", "path": "/entities/458cd87b2e1db813"}, {"op": "remove", "path": "/entities/74a19e8d3c82880f"}, {"op": "remove", "path": "/entities/6e558bb9d387b1a3"}, {"op": "remove", "path": "/entities/68ec7a92eec42211"}, {"op": "remove", "path": "/entities/f726c8c7ca0003b9"}, {"op": "remove", "path": "/entities/2be57ffd53e956e"}, {"op": "remove", "path": "/entities/5d41d0843cc5e5a2"}, {"op": "remove", "path": "/entities/9f8892aaf6ff68ad"}, {"op": "remove", "path": "/entities/fb88b9c0bbb7cfae"}, {"op": "remove", "path": "/entities/ae0ef973d2ef86e0"}, {"op": "remove", "path": "/entities/627f41791c03fe6c"}, {"op": "remove", "path": "/entities/8b43e0941ce95283"}, {"op": "remove", "path": "/entities/64ac9d63a1a32ad4"}, {"op": "remove", "path": "/entities/b3416431ddf192d7"}, {"op": "remove", "path": "/entities/c3002637f0fed906"}, {"op": "remove", "path": "/entities/a1a71760aaf6f78c"}, {"op": "remove", "path": "/entities/51164db5af87d152"}, {"op": "remove", "path": "/entities/7ccf88f77fb78ffd"}, {"op": "remove", "path": "/entities/f2479c3632140e32"}, {"op": "remove", "path": "/entities/227a5182e57bede"}, {"op": "remove", "path": "/entities/ecd2c345e6ef131"}, {"op": "remove", "path": "/entities/4bb98c84ab9cc9fd"}, {"op": "remove", "path": "/entities/d0511d18c7c50b1d"}, {"op": "remove", "path": "/entities/3fdb81e0010fef32"}, {"op": "remove", "path": "/entities/1eeca4665ef962d"}, {"op": "remove", "path": "/entities/d474184be7e5be86"}, {"op": "remove", "path": "/entities/83743dc08b66d6f8"}, {"op": "remove", "path": "/entities/5beced341233ec0"}, {"op": "remove", "path": "/entities/77e66d686caa40e3"}, {"op": "remove", "path": "/entities/611e3d70a75f7843"}, {"op": "remove", "path": "/entities/510592fb4b65a6ab"}, {"op": "remove", "path": "/entities/fffffffffffffffe/entitySubsets/1/1/entities/3711"}, {"op": "remove", "path": "/entities/fffffffffffffffe/entitySubsets/2/1/entities/226"}, {"op": "remove", "path": "/entities/fffffffffffffffe/entitySubsets/2/1/entities/226"}, {"op": "remove", "path": "/entities/fffffffffffffffe/entitySubsets/2/1/entities/226"}, {"op": "remove", "path": "/entities/fffffffffffffffe/entitySubsets/2/1/entities/226"}, {"op": "remove", "path": "/entities/fffffffffffffffe/entitySubsets/2/1/entities/226"}, {"op": "remove", "path": "/entities/fffffffffffffffe/entitySubsets/2/1/entities/226"}, {"op": "remove", "path": "/entities/fffffffffffffffe/entitySubsets/2/1/entities/226"}, {"op": "remove", "path": "/entities/fffffffffffffffe/entitySubsets/2/1/entities/226"}, {"op": "remove", "path": "/entities/fffffffffffffffe/entitySubsets/2/1/entities/226"}, {"op": "remove", "path": "/entities/fffffffffffffffe/entitySubsets/2/1/entities/226"}, {"op": "remove", "path": "/entities/fffffffffffffffe/entitySubsets/2/1/entities/226"}, {"op": "remove", "path": "/entities/fffffffffffffffe/entitySubsets/2/1/entities/226"}, {"op": "remove", "path": "/entities/fffffffffffffffe/entitySubsets/2/1/entities/226"}, {"op": "remove", "path": "/entities/fffffffffffffffe/entitySubsets/2/1/entities/226"}, {"op": "remove", "path": "/entities/fffffffffffffffe/entitySubsets/2/1/entities/226"}, {"op": "remove", "path": "/entities/fffffffffffffffe/entitySubsets/2/1/entities/226"}, {"op": "remove", "path": "/entities/fffffffffffffffe/entitySubsets/2/1/entities/226"}, {"op": "remove", "path": "/entities/fffffffffffffffe/entitySubsets/2/1/entities/226"}, {"op": "remove", "path": "/entities/fffffffffffffffe/entitySubsets/2/1/entities/226"}, {"op": "remove", "path": "/entities/fffffffffffffffe/entitySubsets/2/1/entities/226"}, {"op": "remove", "path": "/entities/fffffffffffffffe/entitySubsets/2/1/entities/226"}, {"op": "remove", "path": "/entities/fffffffffffffffe/entitySubsets/2/1/entities/226"}, {"op": "remove", "path": "/entities/fffffffffffffffe/entitySubsets/2/1/entities/226"}, {"op": "remove", "path": "/entities/fffffffffffffffe/entitySubsets/2/1/entities/226"}, {"op": "remove", "path": "/entities/fffffffffffffffe/entitySubsets/2/1/entities/226"}, {"op": "remove", "path": "/entities/fffffffffffffffe/entitySubsets/2/1/entities/226"}, {"op": "remove", "path": "/entities/fffffffffffffffe/entitySubsets/2/1/entities/226"}, {"op": "remove", "path": "/entities/fffffffffffffffe/entitySubsets/2/1/entities/226"}, {"op": "remove", "path": "/entities/fffffffffffffffe/entitySubsets/2/1/entities/226"}, {"op": "remove", "path": "/entities/fffffffffffffffe/entitySubsets/2/1/entities/226"}, {"op": "remove", "path": "/entities/fffffffffffffffe/entitySubsets/2/1/entities/226"}, {"op": "remove", "path": "/entities/fffffffffffffffe/entitySubsets/2/1/entities/226"}, {"op": "remove", "path": "/entities/fffffffffffffffe/entitySubsets/2/1/entities/226"}, {"op": "remove", "path": "/entities/fffffffffffffffe/entitySubsets/2/1/entities/226"}, {"op": "remove", "path": "/entities/fffffffffffffffe/entitySubsets/2/1/entities/226"}, {"op": "remove", "path": "/entities/fffffffffffffffe/entitySubsets/2/1/entities/226"}, {"op": "remove", "path": "/entities/fffffffffffffffe/entitySubsets/2/1/entities/226"}, {"op": "remove", "path": "/entities/fffffffffffffffe/entitySubsets/2/1/entities/226"}, {"op": "remove", "path": "/entities/fffffffffffffffe/entitySubsets/2/1/entities/226"}, {"op": "remove", "path": "/entities/fffffffffffffffe/entitySubsets/2/1/entities/226"}, {"op": "remove", "path": "/entities/fffffffffffffffe/entitySubsets/2/1/entities/226"}, {"op": "remove", "path": "/entities/fffffffffffffffe/entitySubsets/2/1/entities/226"}, {"op": "remove", "path": "/entities/fffffffffffffffe/entitySubsets/2/1/entities/226"}, {"op": "remove", "path": "/entities/fffffffffffffffe/entitySubsets/2/1/entities/226"}, {"op": "remove", "path": "/entities/fffffffffffffffe/entitySubsets/2/1/entities/226"}, {"op": "remove", "path": "/entities/fffffffffffffffe/entitySubsets/2/1/entities/226"}, {"op": "remove", "path": "/entities/fffffffffffffffe/entitySubsets/2/1/entities/226"}, {"op": "remove", "path": "/entities/fffffffffffffffe/entitySubsets/2/1/entities/226"}, {"op": "remove", "path": "/entities/fffffffffffffffe/entitySubsets/2/1/entities/226"}, {"op": "remove", "path": "/entities/fffffffffffffffe/entitySubsets/2/1/entities/226"}, {"op": "remove", "path": "/entities/fffffffffffffffe/entitySubsets/2/1/entities/226"}, {"op": "remove", "path": "/entities/fffffffffffffffe/entitySubsets/2/1/entities/226"}, {"op": "remove", "path": "/entities/fffffffffffffffe/entitySubsets/2/1/entities/226"}, {"op": "remove", "path": "/entities/fffffffffffffffe/entitySubsets/2/1/entities/226"}, {"op": "remove", "path": "/entities/fffffffffffffffe/entitySubsets/2/1/entities/226"}, {"op": "remove", "path": "/entities/fffffffffffffffe/entitySubsets/2/1/entities/226"}, {"op": "remove", "path": "/entities/fffffffffffffffe/entitySubsets/2/1/entities/226"}, {"op": "remove", "path": "/entities/fffffffffffffffe/entitySubsets/2/1/entities/226"}, {"op": "remove", "path": "/entities/fffffffffffffffe/entitySubsets/2/1/entities/226"}, {"op": "remove", "path": "/entities/fffffffffffffffe/entitySubsets/2/1/entities/226"}, {"op": "remove", "path": "/entities/fffffffffffffffe/entitySubsets/2/1/entities/226"}, {"op": "remove", "path": "/entities/fffffffffffffffe/entitySubsets/2/1/entities/226"}, {"op": "remove", "path": "/entities/fffffffffffffffe/entitySubsets/2/1/entities/226"}, {"op": "remove", "path": "/entities/fffffffffffffffe/entitySubsets/2/1/entities/226"}, {"op": "remove", "path": "/entities/fffffffffffffffe/entitySubsets/2/1/entities/226"}, {"op": "remove", "path": "/entities/fffffffffffffffe/entitySubsets/2/1/entities/226"}, {"op": "remove", "path": "/entities/fffffffffffffffe/entitySubsets/2/1/entities/226"}, {"op": "remove", "path": "/entities/fffffffffffffffe/entitySubsets/2/1/entities/226"}, {"op": "remove", "path": "/entities/fffffffffffffffe/entitySubsets/2/1/entities/226"}, {"op": "remove", "path": "/entities/fffffffffffffffe/entitySubsets/2/1/entities/226"}, {"op": "remove", "path": "/entities/fffffffffffffffe/entitySubsets/2/1/entities/226"}, {"op": "remove", "path": "/entities/fffffffffffffffe/entitySubsets/2/1/entities/226"}, {"op": "remove", "path": "/entities/fffffffffffffffe/entitySubsets/2/1/entities/226"}, {"op": "remove", "path": "/entities/fffffffffffffffe/entitySubsets/2/1/entities/226"}, {"op": "remove", "path": "/entities/fffffffffffffffe/entitySubsets/2/1/entities/226"}, {"op": "remove", "path": "/entities/fffffffffffffffe/entitySubsets/2/1/entities/226"}, {"op": "remove", "path": "/entities/fffffffffffffffe/entitySubsets/2/1/entities/226"}, {"op": "remove", "path": "/entities/fffffffffffffffe/entitySubsets/2/1/entities/226"}, {"op": "remove", "path": "/entities/fffffffffffffffe/entitySubsets/2/1/entities/226"}, {"op": "remove", "path": "/entities/fffffffffffffffe/entitySubsets/2/1/entities/226"}, {"op": "remove", "path": "/entities/fffffffffffffffe/entitySubsets/2/1/entities/226"}, {"op": "remove", "path": "/entities/fffffffffffffffe/entitySubsets/2/1/entities/226"}, {"op": "remove", "path": "/entities/fffffffffffffffe/entitySubsets/2/1/entities/226"}, {"op": "remove", "path": "/entities/fffffffffffffffe/entitySubsets/2/1/entities/226"}, {"op": "remove", "path": "/entities/fffffffffffffffe/entitySubsets/2/1/entities/226"}, {"op": "remove", "path": "/entities/fffffffffffffffe/entitySubsets/2/1/entities/226"}, {"op": "remove", "path": "/entities/fffffffffffffffe/entitySubsets/2/1/entities/226"}, {"op": "remove", "path": "/entities/fffffffffffffffe/entitySubsets/2/1/entities/226"}, {"op": "remove", "path": "/entities/fffffffffffffffe/entitySubsets/2/1/entities/226"}, {"op": "remove", "path": "/entities/fffffffffffffffe/entitySubsets/2/1/entities/226"}, {"op": "remove", "path": "/entities/fffffffffffffffe/entitySubsets/2/1/entities/226"}, {"op": "remove", "path": "/entities/fffffffffffffffe/entitySubsets/2/1/entities/226"}, {"op": "remove", "path": "/entities/fffffffffffffffe/entitySubsets/2/1/entities/226"}, {"op": "remove", "path": "/entities/fffffffffffffffe/entitySubsets/2/1/entities/226"}, {"op": "remove", "path": "/entities/fffffffffffffffe/entitySubsets/2/1/entities/226"}, {"op": "remove", "path": "/entities/fffffffffffffffe/entitySubsets/2/1/entities/226"}, {"op": "remove", "path": "/entities/fffffffffffffffe/entitySubsets/2/1/entities/226"}, {"op": "remove", "path": "/entities/fffffffffffffffe/entitySubsets/2/1/entities/226"}, {"op": "remove", "path": "/entities/fffffffffffffffe/entitySubsets/2/1/entities/226"}, {"op": "remove", "path": "/entities/fffffffffffffffe/entitySubsets/2/1/entities/226"}, {"op": "remove", "path": "/entities/fffffffffffffffe/entitySubsets/2/1/entities/226"}, {"op": "remove", "path": "/entities/fffffffffffffffe/entitySubsets/2/1/entities/226"}, {"op": "remove", "path": "/entities/fffffffffffffffe/entitySubsets/2/1/entities/226"}, {"op": "remove", "path": "/entities/fffffffffffffffe/entitySubsets/2/1/entities/226"}, {"op": "remove", "path": "/entities/fffffffffffffffe/entitySubsets/2/1/entities/226"}, {"op": "remove", "path": "/entities/fffffffffffffffe/entitySubsets/2/1/entities/226"}, {"op": "remove", "path": "/entities/fffffffffffffffe/entitySubsets/2/1/entities/226"}, {"op": "remove", "path": "/entities/fffffffffffffffe/entitySubsets/2/1/entities/226"}, {"op": "remove", "path": "/entities/fffffffffffffffe/entitySubsets/2/1/entities/226"}, {"op": "remove", "path": "/entities/fffffffffffffffe/entitySubsets/2/1/entities/226"}, {"op": "remove", "path": "/entities/fffffffffffffffe/entitySubsets/2/1/entities/226"}, {"op": "remove", "path": "/entities/fffffffffffffffe/entitySubsets/2/1/entities/226"}, {"op": "remove", "path": "/entities/fffffffffffffffe/entitySubsets/2/1/entities/226"}, {"op": "remove", "path": "/entities/fffffffffffffffe/entitySubsets/2/1/entities/226"}, {"op": "remove", "path": "/entities/fffffffffffffffe/entitySubsets/2/1/entities/226"}, {"op": "remove", "path": "/entities/fffffffffffffffe/entitySubsets/2/1/entities/226"}, {"op": "remove", "path": "/entities/fffffffffffffffe/entitySubsets/2/1/entities/226"}, {"op": "remove", "path": "/entities/fffffffffffffffe/entitySubsets/2/1/entities/226"}, {"op": "remove", "path": "/entities/fffffffffffffffe/entitySubsets/2/1/entities/226"}, {"op": "remove", "path": "/entities/fffffffffffffffe/entitySubsets/2/1/entities/226"}, {"op": "remove", "path": "/entities/fffffffffffffffe/entitySubsets/2/1/entities/226"}, {"op": "remove", "path": "/entities/fffffffffffffffe/entitySubsets/2/1/entities/226"}, {"op": "remove", "path": "/entities/fffffffffffffffe/entitySubsets/2/1/entities/226"}, {"op": "remove", "path": "/entities/fffffffffffffffe/entitySubsets/2/1/entities/226"}, {"op": "remove", "path": "/entities/fffffffffffffffe/entitySubsets/2/1/entities/226"}, {"op": "remove", "path": "/entities/fffffffffffffffe/entitySubsets/2/1/entities/226"}, {"op": "remove", "path": "/entities/fffffffffffffffe/entitySubsets/2/1/entities/226"}, {"op": "remove", "path": "/entities/fffffffffffffffe/entitySubsets/2/1/entities/226"}, {"op": "remove", "path": "/entities/fffffffffffffffe/entitySubsets/2/1/entities/226"}, {"op": "remove", "path": "/entities/fffffffffffffffe/entitySubsets/2/1/entities/226"}, {"op": "remove", "path": "/entities/fffffffffffffffe/entitySubsets/2/1/entities/226"}, {"op": "remove", "path": "/entities/fffffffffffffffe/entitySubsets/2/1/entities/226"}, {"op": "remove", "path": "/entities/fffffffffffffffe/entitySubsets/2/1/entities/226"}, {"op": "remove", "path": "/entities/fffffffffffffffe/entitySubsets/2/1/entities/226"}, {"op": "remove", "path": "/entities/fffffffffffffffe/entitySubsets/2/1/entities/226"}, {"op": "remove", "path": "/entities/fffffffffffffffe/entitySubsets/2/1/entities/226"}, {"op": "remove", "path": "/entities/fffffffffffffffe/entitySubsets/2/1/entities/226"}, {"op": "remove", "path": "/entities/fffffffffffffffe/entitySubsets/2/1/entities/226"}, {"op": "remove", "path": "/entities/fffffffffffffffe/entitySubsets/2/1/entities/226"}, {"op": "remove", "path": "/entities/fffffffffffffffe/entitySubsets/2/1/entities/226"}, {"op": "remove", "path": "/entities/fffffffffffffffe/entitySubsets/2/1/entities/226"}, {"op": "remove", "path": "/entities/fffffffffffffffe/entitySubsets/2/1/entities/226"}, {"op": "remove", "path": "/entities/fffffffffffffffe/entitySubsets/2/1/entities/226"}, {"op": "remove", "path": "/entities/fffffffffffffffe/entitySubsets/2/1/entities/226"}, {"op": "remove", "path": "/entities/fffffffffffffffe/entitySubsets/2/1/entities/226"}, {"op": "remove", "path": "/entities/fffffffffffffffe/entitySubsets/2/1/entities/226"}, {"op": "remove", "path": "/entities/fffffffffffffffe/entitySubsets/2/1/entities/226"}, {"op": "remove", "path": "/entities/fffffffffffffffe/entitySubsets/2/1/entities/226"}, {"op": "remove", "path": "/entities/fffffffffffffffe/entitySubsets/2/1/entities/226"}, {"op": "remove", "path": "/entities/fffffffffffffffe/entitySubsets/2/1/entities/226"}, {"op": "remove", "path": "/entities/fffffffffffffffe/entitySubsets/2/1/entities/226"}, {"op": "remove", "path": "/entities/fffffffffffffffe/entitySubsets/2/1/entities/226"}, {"op": "remove", "path": "/entities/fffffffffffffffe/entitySubsets/2/1/entities/226"}, {"op": "remove", "path": "/entities/fffffffffffffffe/entitySubsets/2/1/entities/226"}, {"op": "remove", "path": "/entities/fffffffffffffffe/entitySubsets/2/1/entities/226"}, {"op": "remove", "path": "/entities/fffffffffffffffe/entitySubsets/2/1/entities/226"}, {"op": "remove", "path": "/entities/fffffffffffffffe/entitySubsets/2/1/entities/226"}, {"op": "remove", "path": "/entities/fffffffffffffffe/entitySubsets/2/1/entities/226"}, {"op": "remove", "path": "/entities/fffffffffffffffe/entitySubsets/2/1/entities/226"}, {"op": "remove", "path": "/entities/fffffffffffffffe/entitySubsets/2/1/entities/226"}, {"op": "remove", "path": "/entities/fffffffffffffffe/entitySubsets/2/1/entities/226"}, {"op": "remove", "path": "/entities/fffffffffffffffe/entitySubsets/2/1/entities/226"}, {"op": "remove", "path": "/entities/fffffffffffffffe/entitySubsets/2/1/entities/226"}, {"op": "remove", "path": "/entities/fffffffffffffffe/entitySubsets/2/1/entities/226"}, {"op": "remove", "path": "/entities/fffffffffffffffe/entitySubsets/2/1/entities/226"}, {"op": "remove", "path": "/entities/fffffffffffffffe/entitySubsets/2/1/entities/226"}, {"op": "remove", "path": "/entities/fffffffffffffffe/entitySubsets/2/1/entities/226"}, {"op": "remove", "path": "/entities/fffffffffffffffe/entitySubsets/2/1/entities/226"}, {"op": "remove", "path": "/entities/fffffffffffffffe/entitySubsets/2/1/entities/226"}, {"op": "remove", "path": "/entities/fffffffffffffffe/entitySubsets/2/1/entities/226"}, {"op": "remove", "path": "/entities/fffffffffffffffe/entitySubsets/2/1/entities/226"}, {"op": "remove", "path": "/entities/fffffffffffffffe/entitySubsets/2/1/entities/226"}, {"op": "remove", "path": "/entities/fffffffffffffffe/entitySubsets/2/1/entities/226"}, {"op": "remove", "path": "/entities/fffffffffffffffe/entitySubsets/2/1/entities/226"}, {"op": "remove", "path": "/entities/fffffffffffffffe/entitySubsets/2/1/entities/226"}, {"op": "remove", "path": "/entities/fffffffffffffffe/entitySubsets/2/1/entities/226"}, {"op": "remove", "path": "/entities/fffffffffffffffe/entitySubsets/2/1/entities/226"}, {"op": "remove", "path": "/entities/fffffffffffffffe/entitySubsets/2/1/entities/226"}, {"op": "remove", "path": "/entities/fffffffffffffffe/entitySubsets/2/1/entities/226"}, {"op": "remove", "path": "/entities/fffffffffffffffe/entitySubsets/2/1/entities/226"}, {"op": "remove", "path": "/entities/fffffffffffffffe/entitySubsets/2/1/entities/226"}, {"op": "remove", "path": "/entities/fffffffffffffffe/entitySubsets/2/1/entities/226"}, {"op": "remove", "path": "/entities/fffffffffffffffe/entitySubsets/2/1/entities/226"}, {"op": "remove", "path": "/entities/fffffffffffffffe/entitySubsets/2/1/entities/226"}, {"op": "remove", "path": "/entities/fffffffffffffffe/entitySubsets/2/1/entities/226"}, {"op": "remove", "path": "/entities/fffffffffffffffe/entitySubsets/2/1/entities/226"}, {"op": "remove", "path": "/entities/fffffffffffffffe/entitySubsets/2/1/entities/226"}, {"op": "remove", "path": "/entities/fffffffffffffffe/entitySubsets/2/1/entities/226"}, {"op": "remove", "path": "/entities/fffffffffffffffe/entitySubsets/2/1/entities/226"}, {"op": "remove", "path": "/entities/fffffffffffffffe/entitySubsets/2/1/entities/226"}, {"op": "remove", "path": "/entities/fffffffffffffffe/entitySubsets/2/1/entities/226"}, {"op": "remove", "path": "/entities/fffffffffffffffe/entitySubsets/2/1/entities/226"}, {"op": "remove", "path": "/entities/fffffffffffffffe/entitySubsets/2/1/entities/226"}, {"op": "remove", "path": "/entities/fffffffffffffffe/entitySubsets/2/1/entities/226"}, {"op": "remove", "path": "/entities/fffffffffffffffe/entitySubsets/2/1/entities/226"}, {"op": "remove", "path": "/entities/fffffffffffffffe/entitySubsets/2/1/entities/226"}, {"op": "remove", "path": "/entities/fffffffffffffffe/entitySubsets/2/1/entities/226"}, {"op": "remove", "path": "/entities/fffffffffffffffe/entitySubsets/2/1/entities/226"}, {"op": "remove", "path": "/entities/fffffffffffffffe/entitySubsets/2/1/entities/226"}, {"op": "remove", "path": "/entities/fffffffffffffffe/entitySubsets/2/1/entities/226"}, {"op": "remove", "path": "/entities/fffffffffffffffe/entitySubsets/2/1/entities/226"}, {"op": "remove", "path": "/entities/fffffffffffffffe/entitySubsets/2/1/entities/226"}, {"op": "remove", "path": "/entities/fffffffffffffffe/entitySubsets/2/1/entities/226"}, {"op": "remove", "path": "/entities/fffffffffffffffe/entitySubsets/2/1/entities/226"}, {"op": "remove", "path": "/entities/fffffffffffffffe/entitySubsets/2/1/entities/226"}, {"op": "remove", "path": "/entities/fffffffffffffffe/entitySubsets/2/1/entities/226"}, {"op": "remove", "path": "/entities/fffffffffffffffe/entitySubsets/2/1/entities/226"}, {"op": "remove", "path": "/entities/fffffffffffffffe/entitySubsets/2/1/entities/226"}, {"op": "remove", "path": "/entities/fffffffffffffffe/entitySubsets/2/1/entities/226"}, {"op": "remove", "path": "/entities/fffffffffffffffe/entitySubsets/2/1/entities/226"}, {"op": "remove", "path": "/entities/fffffffffffffffe/entitySubsets/2/1/entities/226"}, {"op": "remove", "path": "/entities/fffffffffffffffe/entitySubsets/2/1/entities/226"}, {"op": "remove", "path": "/entities/fffffffffffffffe/entitySubsets/2/1/entities/226"}, {"op": "remove", "path": "/entities/fffffffffffffffe/entitySubsets/2/1/entities/226"}, {"op": "remove", "path": "/entities/fffffffffffffffe/entitySubsets/2/1/entities/226"}, {"op": "remove", "path": "/entities/fffffffffffffffe/entitySubsets/2/1/entities/226"}, {"op": "remove", "path": "/entities/fffffffffffffffe/entitySubsets/2/1/entities/226"}, {"op": "remove", "path": "/entities/fffffffffffffffe/entitySubsets/2/1/entities/226"}, {"op": "remove", "path": "/entities/fffffffffffffffe/entitySubsets/2/1/entities/226"}, {"op": "remove", "path": "/entities/fffffffffffffffe/entitySubsets/2/1/entities/226"}, {"op": "remove", "path": "/entities/fffffffffffffffe/entitySubsets/2/1/entities/226"}, {"op": "remove", "path": "/entities/fffffffffffffffe/entitySubsets/2/1/entities/226"}, {"op": "remove", "path": "/entities/fffffffffffffffe/entitySubsets/2/1/entities/226"}, {"op": "remove", "path": "/entities/fffffffffffffffe/entitySubsets/2/1/entities/226"}, {"op": "remove", "path": "/entities/fffffffffffffffe/entitySubsets/2/1/entities/226"}, {"op": "remove", "path": "/entities/fffffffffffffffe/entitySubsets/2/1/entities/226"}, {"op": "remove", "path": "/entities/fffffffffffffffe/entitySubsets/2/1/entities/226"}, {"op": "remove", "path": "/entities/fffffffffffffffe/entitySubsets/2/1/entities/226"}, {"op": "remove", "path": "/entities/fffffffffffffffe/entitySubsets/2/1/entities/226"}, {"op": "remove", "path": "/entities/fffffffffffffffe/entitySubsets/2/1/entities/226"}, {"op": "remove", "path": "/entities/fffffffffffffffe/entitySubsets/2/1/entities/226"}, {"op": "remove", "path": "/entities/fffffffffffffffe/entitySubsets/2/1/entities/226"}, {"op": "remove", "path": "/entities/fffffffffffffffe/entitySubsets/2/1/entities/226"}, {"op": "remove", "path": "/entities/fffffffffffffffe/entitySubsets/2/1/entities/226"}, {"op": "remove", "path": "/entities/fffffffffffffffe/entitySubsets/2/1/entities/226"}, {"op": "remove", "path": "/entities/fffffffffffffffe/entitySubsets/2/1/entities/226"}, {"op": "remove", "path": "/entities/fffffffffffffffe/entitySubsets/2/1/entities/226"}, {"op": "remove", "path": "/entities/fffffffffffffffe/entitySubsets/2/1/entities/226"}, {"op": "remove", "path": "/entities/fffffffffffffffe/entitySubsets/2/1/entities/226"}, {"op": "remove", "path": "/entities/fffffffffffffffe/entitySubsets/2/1/entities/226"}, {"op": "remove", "path": "/entities/fffffffffffffffe/entitySubsets/2/1/entities/226"}, {"op": "remove", "path": "/entities/fffffffffffffffe/entitySubsets/2/1/entities/226"}, {"op": "remove", "path": "/entities/fffffffffffffffe/entitySubsets/2/1/entities/226"}, {"op": "remove", "path": "/entities/fffffffffffffffe/entitySubsets/2/1/entities/226"}, {"op": "remove", "path": "/entities/fffffffffffffffe/entitySubsets/2/1/entities/226"}, {"op": "remove", "path": "/entities/fffffffffffffffe/entitySubsets/2/1/entities/226"}, {"op": "remove", "path": "/entities/fffffffffffffffe/entitySubsets/2/1/entities/226"}, {"op": "remove", "path": "/entities/fffffffffffffffe/entitySubsets/2/1/entities/226"}, {"op": "remove", "path": "/entities/fffffffffffffffe/entitySubsets/2/1/entities/226"}, {"op": "remove", "path": "/entities/fffffffffffffffe/entitySubsets/2/1/entities/226"}, {"op": "remove", "path": "/entities/fffffffffffffffe/entitySubsets/2/1/entities/226"}, {"op": "remove", "path": "/entities/fffffffffffffffe/entitySubsets/2/1/entities/226"}, {"op": "remove", "path": "/entities/fffffffffffffffe/entitySubsets/2/1/entities/226"}, {"op": "remove", "path": "/entities/fffffffffffffffe/entitySubsets/2/1/entities/226"}, {"op": "remove", "path": "/entities/fffffffffffffffe/entitySubsets/2/1/entities/226"}, {"op": "remove", "path": "/entities/fffffffffffffffe/entitySubsets/2/1/entities/226"}, {"op": "remove", "path": "/entities/fffffffffffffffe/entitySubsets/2/1/entities/226"}, {"op": "remove", "path": "/entities/fffffffffffffffe/entitySubsets/2/1/entities/226"}, {"op": "remove", "path": "/entities/fffffffffffffffe/entitySubsets/2/1/entities/226"}, {"op": "remove", "path": "/entities/fffffffffffffffe/entitySubsets/2/1/entities/226"}, {"op": "remove", "path": "/entities/fffffffffffffffe/entitySubsets/2/1/entities/226"}, {"op": "remove", "path": "/entities/fffffffffffffffe/entitySubsets/2/1/entities/226"}, {"op": "remove", "path": "/entities/fffffffffffffffe/entitySubsets/2/1/entities/226"}, {"op": "remove", "path": "/entities/fffffffffffffffe/entitySubsets/2/1/entities/226"}, {"op": "remove", "path": "/entities/fffffffffffffffe/entitySubsets/2/1/entities/226"}, {"op": "remove", "path": "/entities/fffffffffffffffe/entitySubsets/2/1/entities/226"}, {"op": "remove", "path": "/entities/fffffffffffffffe/entitySubsets/2/1/entities/226"}, {"op": "remove", "path": "/entities/fffffffffffffffe/entitySubsets/2/1/entities/226"}, {"op": "remove", "path": "/entities/fffffffffffffffe/entitySubsets/2/1/entities/226"}, {"op": "remove", "path": "/entities/fffffffffffffffe/entitySubsets/2/1/entities/226"}, {"op": "remove", "path": "/entities/fffffffffffffffe/entitySubsets/2/1/entities/226"}, {"op": "remove", "path": "/entities/fffffffffffffffe/entitySubsets/2/1/entities/226"}, {"op": "remove", "path": "/entities/fffffffffffffffe/entitySubsets/2/1/entities/226"}, {"op": "remove", "path": "/entities/fffffffffffffffe/entitySubsets/2/1/entities/226"}, {"op": "remove", "path": "/entities/fffffffffffffffe/entitySubsets/2/1/entities/226"}, {"op": "remove", "path": "/entities/fffffffffffffffe/entitySubsets/2/1/entities/226"}, {"op": "remove", "path": "/entities/fffffffffffffffe/entitySubsets/2/1/entities/226"}, {"op": "remove", "path": "/entities/fffffffffffffffe/entitySubsets/2/1/entities/226"}, {"op": "remove", "path": "/entities/fffffffffffffffe/entitySubsets/2/1/entities/226"}, {"op": "remove", "path": "/entities/fffffffffffffffe/entitySubsets/2/1/entities/226"}, {"op": "remove", "path": "/entities/fffffffffffffffe/entitySubsets/2/1/entities/226"}, {"op": "remove", "path": "/entities/fffffffffffffffe/entitySubsets/2/1/entities/226"}, {"op": "remove", "path": "/entities/fffffffffffffffe/entitySubsets/2/1/entities/226"}, {"op": "remove", "path": "/entities/fffffffffffffffe/entitySubsets/2/1/entities/226"}, {"op": "remove", "path": "/entities/fffffffffffffffe/entitySubsets/2/1/entities/226"}, {"op": "remove", "path": "/entities/fffffffffffffffe/entitySubsets/2/1/entities/226"}, {"op": "remove", "path": "/entities/fffffffffffffffe/entitySubsets/2/1/entities/226"}, {"op": "remove", "path": "/entities/fffffffffffffffe/entitySubsets/2/1/entities/226"}, {"op": "remove", "path": "/entities/fffffffffffffffe/entitySubsets/2/1/entities/226"}, {"op": "remove", "path": "/entities/fffffffffffffffe/entitySubsets/2/1/entities/226"}, {"op": "remove", "path": "/entities/fffffffffffffffe/entitySubsets/2/1/entities/226"}, {"op": "remove", "path": "/entities/fffffffffffffffe/entitySubsets/2/1/entities/226"}, {"op": "remove", "path": "/entities/fffffffffffffffe/entitySubsets/2/1/entities/226"}, {"op": "remove", "path": "/entities/fffffffffffffffe/entitySubsets/2/1/entities/226"}, {"op": "remove", "path": "/entities/fffffffffffffffe/entitySubsets/2/1/entities/226"}, {"op": "remove", "path": "/entities/fffffffffffffffe/entitySubsets/2/1/entities/226"}, {"op": "remove", "path": "/entities/fffffffffffffffe/entitySubsets/2/1/entities/226"}, {"op": "remove", "path": "/entities/fffffffffffffffe/entitySubsets/2/1/entities/226"}, {"op": "remove", "path": "/entities/fffffffffffffffe/entitySubsets/2/1/entities/226"}, {"op": "remove", "path": "/entities/fffffffffffffffe/entitySubsets/2/1/entities/226"}, {"op": "remove", "path": "/entities/fffffffffffffffe/entitySubsets/2/1/entities/226"}, {"op": "remove", "path": "/entities/fffffffffffffffe/entitySubsets/2/1/entities/226"}, {"op": "remove", "path": "/entities/fffffffffffffffe/entitySubsets/2/1/entities/226"}, {"op": "remove", "path": "/entities/fffffffffffffffe/entitySubsets/2/1/entities/226"}, {"op": "remove", "path": "/entities/fffffffffffffffe/entitySubsets/2/1/entities/226"}, {"op": "remove", "path": "/entities/fffffffffffffffe/entitySubsets/2/1/entities/226"}, {"op": "remove", "path": "/entities/fffffffffffffffe/entitySubsets/2/1/entities/226"}, {"op": "remove", "path": "/entities/fffffffffffffffe/entitySubsets/2/1/entities/226"}, {"op": "move", "from": "/entities/fffffffffffffffe/entitySubsets/2/1/entities/226", "path": "/entities/fffffffffffffffe/entitySubsets/2/1/entities/226"}, {"op": "move", "from": "/entities/fffffffffffffffe/entitySubsets/2/1/entities/227", "path": "/entities/fffffffffffffffe/entitySubsets/2/1/entities/227"}, {"op": "move", "from": "/entities/fffffffffffffffe/entitySubsets/2/1/entities/228", "path": "/entities/fffffffffffffffe/entitySubsets/2/1/entities/228"}, {"op": "move", "from": "/entities/fffffffffffffffe/entitySubsets/2/1/entities/229", "path": "/entities/fffffffffffffffe/entitySubsets/2/1/entities/229"}, {"op": "move", "from": "/entities/fffffffffffffffe/entitySubsets/2/1/entities/230", "path": "/entities/fffffffffffffffe/entitySubsets/2/1/entities/230"}, {"op": "move", "from": "/entities/fffffffffffffffe/entitySubsets/2/1/entities/231", "path": "/entities/fffffffffffffffe/entitySubsets/2/1/entities/231"}, {"op": "move", "from": "/entities/fffffffffffffffe/entitySubsets/2/1/entities/232", "path": "/entities/fffffffffffffffe/entitySubsets/2/1/entities/232"}, {"op": "move", "from": "/entities/fffffffffffffffe/entitySubsets/2/1/entities/233", "path": "/entities/fffffffffffffffe/entitySubsets/2/1/entities/233"}, {"op": "move", "from": "/entities/fffffffffffffffe/entitySubsets/2/1/entities/234", "path": "/entities/fffffffffffffffe/entitySubsets/2/1/entities/234"}, {"op": "move", "from": "/entities/fffffffffffffffe/entitySubsets/2/1/entities/235", "path": "/entities/fffffffffffffffe/entitySubsets/2/1/entities/235"}, {"op": "move", "from": "/entities/fffffffffffffffe/entitySubsets/2/1/entities/236", "path": "/entities/fffffffffffffffe/entitySubsets/2/1/entities/236"}, {"op": "move", "from": "/entities/fffffffffffffffe/entitySubsets/2/1/entities/237", "path": "/entities/fffffffffffffffe/entitySubsets/2/1/entities/237"}, {"op": "move", "from": "/entities/fffffffffffffffe/entitySubsets/2/1/entities/238", "path": "/entities/fffffffffffffffe/entitySubsets/2/1/entities/238"}, {"op": "move", "from": "/entities/fffffffffffffffe/entitySubsets/2/1/entities/239", "path": "/entities/fffffffffffffffe/entitySubsets/2/1/entities/239"}, {"op": "move", "from": "/entities/fffffffffffffffe/entitySubsets/2/1/entities/240", "path": "/entities/fffffffffffffffe/entitySubsets/2/1/entities/240"}, {"op": "move", "from": "/entities/fffffffffffffffe/entitySubsets/2/1/entities/241", "path": "/entities/fffffffffffffffe/entitySubsets/2/1/entities/241"}, {"op": "move", "from": "/entities/fffffffffffffffe/entitySubsets/2/1/entities/242", "path": "/entities/fffffffffffffffe/entitySubsets/2/1/entities/242"}, {"op": "move", "from": "/entities/fffffffffffffffe/entitySubsets/2/1/entities/243", "path": "/entities/fffffffffffffffe/entitySubsets/2/1/entities/243"}, {"op": "move", "from": "/entities/fffffffffffffffe/entitySubsets/2/1/entities/244", "path": "/entities/fffffffffffffffe/entitySubsets/2/1/entities/244"}, {"op": "move", "from": "/entities/fffffffffffffffe/entitySubsets/2/1/entities/245", "path": "/entities/fffffffffffffffe/entitySubsets/2/1/entities/245"}, {"op": "move", "from": "/entities/fffffffffffffffe/entitySubsets/2/1/entities/246", "path": "/entities/fffffffffffffffe/entitySubsets/2/1/entities/246"}, {"op": "move", "from": "/entities/fffffffffffffffe/entitySubsets/2/1/entities/247", "path": "/entities/fffffffffffffffe/entitySubsets/2/1/entities/247"}, {"op": "move", "from": "/entities/fffffffffffffffe/entitySubsets/2/1/entities/248", "path": "/entities/fffffffffffffffe/entitySubsets/2/1/entities/248"}, {"op": "move", "from": "/entities/fffffffffffffffe/entitySubsets/2/1/entities/249", "path": "/entities/fffffffffffffffe/entitySubsets/2/1/entities/249"}, {"op": "move", "from": "/entities/fffffffffffffffe/entitySubsets/2/1/entities/250", "path": "/entities/fffffffffffffffe/entitySubsets/2/1/entities/250"}, {"op": "move", "from": "/entities/fffffffffffffffe/entitySubsets/2/1/entities/251", "path": "/entities/fffffffffffffffe/entitySubsets/2/1/entities/251"}, {"op": "move", "from": "/entities/fffffffffffffffe/entitySubsets/2/1/entities/252", "path": "/entities/fffffffffffffffe/entitySubsets/2/1/entities/252"}, {"op": "remove", "path": "/entities/a85e073a9ca0e67c/properties/m_aGeoms/value/0"}, {"op": "remove", "path": "/entities/a85e073a9ca0e67c/properties/m_aGeoms/value/0"}, {"op": "remove", "path": "/entities/a85e073a9ca0e67c/properties/m_aGeoms/value/0"}, {"op": "remove", "path": "/entities/a85e073a9ca0e67c/properties/m_aGeoms/value/0"}], "patchVersion": 4}