{"tempHash": "009763A1C427B581", "tbluHash": "00D4510579219532", "patch": [{"op": "add", "path": "/entities/3936fe87fc41f519", "value": {"parent": "32ec912707ef891b", "name": "RainKillBox For Room_109_floor first_Office", "template": "[assembly:/_pro/effects/templates/liquid/fx_liquid.template?/rainkillbox.entitytemplate].pc_entitytype", "blueprint": "[assembly:/_pro/effects/templates/liquid/fx_liquid.template?/rainkillbox.entitytemplate].pc_entityblueprint", "properties": {"m_mTransform": {"type": "SMatrix43", "value": {"rotation": {"x": -0.0, "y": 0.0, "z": 39.99995278631442}, "position": {"x": -66.8089523315, "y": 99.6497879028, "z": 10.0956401825}}}, "m_vGlobalSize": {"type": "SVector3", "value": {"x": 11.7370901108, "y": 8.122341156000001, "z": 3.3701601028}}, "m_eidParent": {"type": "SEntityTemplateReference", "value": "fffffffffffffffe"}}, "postInitProperties": {}, "editorOnly": false, "platformSpecificPropertyValues": []}}, {"op": "add", "path": "/entities/75ba889853eae747", "value": {"parent": "32ec912707ef891b", "name": "RainKillBox For Room Include for Room_301_Courtyard_Building_A (33147)", "template": "[assembly:/_pro/effects/templates/liquid/fx_liquid.template?/rainkillbox.entitytemplate].pc_entitytype", "blueprint": "[assembly:/_pro/effects/templates/liquid/fx_liquid.template?/rainkillbox.entitytemplate].pc_entityblueprint", "properties": {"m_mTransform": {"type": "SMatrix43", "value": {"rotation": {"x": -34.61416073757714, "y": 0.0, "z": -0.0}, "position": {"x": 51.9016, "y": 46.3965, "z": 15.8989}}}, "m_vGlobalSize": {"type": "SVector3", "value": {"x": 7.5716099739, "y": 4.5250201225, "z": 4.2209401131}}, "m_eidParent": {"type": "SEntityTemplateReference", "value": "fffffffffffffffe"}}, "postInitProperties": {}, "editorOnly": false, "platformSpecificPropertyValues": []}}, {"op": "add", "path": "/entities/37fa8f9ee4ba6fff", "value": {"parent": "32ec912707ef891b", "name": "RainKillBox For Room_115_floorGround_Grand", "template": "[assembly:/_pro/effects/templates/liquid/fx_liquid.template?/rainkillbox.entitytemplate].pc_entitytype", "blueprint": "[assembly:/_pro/effects/templates/liquid/fx_liquid.template?/rainkillbox.entitytemplate].pc_entityblueprint", "properties": {"m_mTransform": {"type": "SMatrix43", "value": {"rotation": {"x": -0.0, "y": 0.0, "z": 39.99995278631441}, "position": {"x": -66.8089523315, "y": 99.6497879028, "z": 10.0956401825}}}, "m_vGlobalSize": {"type": "SVector3", "value": {"x": 8.4566707611, "y": 10.399778381, "z": 3.2886595725999994}}, "m_eidParent": {"type": "SEntityTemplateReference", "value": "fffffffffffffffe"}}, "postInitProperties": {}, "editorOnly": false, "platformSpecificPropertyValues": []}}, {"op": "add", "path": "/entities/febfadd9d24a8f9e", "value": {"parent": "32ec912707ef891b", "name": "RainKillBox For Room Include for 900_HouseShed (48182)", "template": "[assembly:/_pro/effects/templates/liquid/fx_liquid.template?/rainkillbox.entitytemplate].pc_entitytype", "blueprint": "[assembly:/_pro/effects/templates/liquid/fx_liquid.template?/rainkillbox.entitytemplate].pc_entityblueprint", "properties": {"m_mTransform": {"type": "SMatrix43", "value": {"rotation": {"x": 29.047275338568003, "y": 53.574000741447556, "z": -140.68655463271622}, "position": {"x": -78.3973, "y": 137.677, "z": 17.7152}}}, "m_vGlobalSize": {"type": "SVector3", "value": {"x": 5.7369499207, "y": 3.5299499035, "z": 1.0885800123}}, "m_eidParent": {"type": "SEntityTemplateReference", "value": "fffffffffffffffe"}}, "postInitProperties": {}, "editorOnly": false, "platformSpecificPropertyValues": []}}, {"op": "add", "path": "/entities/6e87aecbf42603f2", "value": {"parent": "32ec912707ef891b", "name": "RainKillBox For Room_116_floorGround_Kitchen", "template": "[assembly:/_pro/effects/templates/liquid/fx_liquid.template?/rainkillbox.entitytemplate].pc_entitytype", "blueprint": "[assembly:/_pro/effects/templates/liquid/fx_liquid.template?/rainkillbox.entitytemplate].pc_entityblueprint", "properties": {"m_mTransform": {"type": "SMatrix43", "value": {"rotation": {"x": -0.0, "y": 0.0, "z": 39.99995278631442}, "position": {"x": -66.8089523315, "y": 99.6497879028, "z": 10.0956401825}}}, "m_vGlobalSize": {"type": "SVector3", "value": {"x": 9.817549943900001, "y": 12.751749992300002, "z": 3.3162999152999992}}, "m_eidParent": {"type": "SEntityTemplateReference", "value": "fffffffffffffffe"}}, "postInitProperties": {}, "editorOnly": false, "platformSpecificPropertyValues": []}}, {"op": "add", "path": "/entities/f55026efa4035c0e", "value": {"parent": "32ec912707ef891b", "name": "RainKillBox For Room Include for Room_109_floor first_Office (55201)", "template": "[assembly:/_pro/effects/templates/liquid/fx_liquid.template?/rainkillbox.entitytemplate].pc_entitytype", "blueprint": "[assembly:/_pro/effects/templates/liquid/fx_liquid.template?/rainkillbox.entitytemplate].pc_entityblueprint", "properties": {"m_mTransform": {"type": "SMatrix43", "value": {"rotation": {"x": -0.0, "y": 0.0, "z": -5.1726821108738426}, "position": {"x": -62.4909, "y": 99.6533, "z": 21.2934}}}, "m_vGlobalSize": {"type": "SVector3", "value": {"x": 2.1563699245, "y": 1.7603700161, "z": 4.027780056}}, "m_eidParent": {"type": "SEntityTemplateReference", "value": "fffffffffffffffe"}}, "postInitProperties": {}, "editorOnly": false, "platformSpecificPropertyValues": []}}, {"op": "add", "path": "/entities/b3fe9ef0e51a26d4", "value": {"parent": "32ec912707ef891b", "name": "RainKillBox For Room_111_floor first_MainHallBack", "template": "[assembly:/_pro/effects/templates/liquid/fx_liquid.template?/rainkillbox.entitytemplate].pc_entitytype", "blueprint": "[assembly:/_pro/effects/templates/liquid/fx_liquid.template?/rainkillbox.entitytemplate].pc_entityblueprint", "properties": {"m_mTransform": {"type": "SMatrix43", "value": {"rotation": {"x": -0.0, "y": 0.0, "z": 39.99995278631442}, "position": {"x": -66.8089523315, "y": 99.6497879028, "z": 10.0956401825}}}, "m_vGlobalSize": {"type": "SVector3", "value": {"x": 10.2115399837, "y": 3.5447998046999984, "z": 3.318369865400001}}, "m_eidParent": {"type": "SEntityTemplateReference", "value": "fffffffffffffffe"}}, "postInitProperties": {}, "editorOnly": false, "platformSpecificPropertyValues": []}}, {"op": "add", "path": "/entities/3103f4795ca86125", "value": {"parent": "32ec912707ef891b", "name": "RainKillBox For Room Include for Room_200_Barn_Main_Room (46424)", "template": "[assembly:/_pro/effects/templates/liquid/fx_liquid.template?/rainkillbox.entitytemplate].pc_entitytype", "blueprint": "[assembly:/_pro/effects/templates/liquid/fx_liquid.template?/rainkillbox.entitytemplate].pc_entityblueprint", "properties": {"m_mTransform": {"type": "SMatrix43", "value": {"rotation": {"x": -0.0, "y": 0.0, "z": -0.0}, "position": {"x": 11.0189, "y": 83.0643, "z": 14.361}}}, "m_vGlobalSize": {"type": "SVector3", "value": {"x": 4.9060602188, "y": 0.4819560051, "z": 2.9891600609}}, "m_eidParent": {"type": "SEntityTemplateReference", "value": "fffffffffffffffe"}}, "postInitProperties": {}, "editorOnly": false, "platformSpecificPropertyValues": []}}, {"op": "add", "path": "/entities/5046b6514d988b2f", "value": {"parent": "32ec912707ef891b", "name": "RainKillBox For Room Include for Room_115_floorGround_Grand (38432)", "template": "[assembly:/_pro/effects/templates/liquid/fx_liquid.template?/rainkillbox.entitytemplate].pc_entitytype", "blueprint": "[assembly:/_pro/effects/templates/liquid/fx_liquid.template?/rainkillbox.entitytemplate].pc_entityblueprint", "properties": {"m_mTransform": {"type": "SMatrix43", "value": {"rotation": {"x": -0.0, "y": 0.0, "z": 38.93467694606454}, "position": {"x": -73.5579, "y": 90.6608, "z": 17.4221}}}, "m_vGlobalSize": {"type": "SVector3", "value": {"x": 2.6978099346, "y": 1.7603700161, "z": 3.4700200558}}, "m_eidParent": {"type": "SEntityTemplateReference", "value": "fffffffffffffffe"}}, "postInitProperties": {}, "editorOnly": false, "platformSpecificPropertyValues": []}}, {"op": "add", "path": "/entities/f1d8ae556d0ddd28", "value": {"parent": "32ec912707ef891b", "name": "RainKillBox For Room Include for Room_400_Fruit_Packing_Shed (39942)", "template": "[assembly:/_pro/effects/templates/liquid/fx_liquid.template?/rainkillbox.entitytemplate].pc_entitytype", "blueprint": "[assembly:/_pro/effects/templates/liquid/fx_liquid.template?/rainkillbox.entitytemplate].pc_entityblueprint", "properties": {"m_mTransform": {"type": "SMatrix43", "value": {"rotation": {"x": -0.0, "y": 0.0, "z": -5.851987276166407}, "position": {"x": -53.2996, "y": 17.5359, "z": 15.7941}}}, "m_vGlobalSize": {"type": "SVector3", "value": {"x": 5.5571699142, "y": 4.2436499596, "z": 4.2209401131}}, "m_eidParent": {"type": "SEntityTemplateReference", "value": "fffffffffffffffe"}}, "postInitProperties": {}, "editorOnly": false, "platformSpecificPropertyValues": []}}, {"op": "add", "path": "/entities/704fed78c7a8fef0", "value": {"parent": "32ec912707ef891b", "name": "RainKillBox For Room Include for Room_109_floor first_Office (55201)", "template": "[assembly:/_pro/effects/templates/liquid/fx_liquid.template?/rainkillbox.entitytemplate].pc_entitytype", "blueprint": "[assembly:/_pro/effects/templates/liquid/fx_liquid.template?/rainkillbox.entitytemplate].pc_entityblueprint", "properties": {"m_mTransform": {"type": "SMatrix43", "value": {"rotation": {"x": -0.0, "y": 0.0, "z": 85.26098558021609}, "position": {"x": -60.4438, "y": 101.309, "z": 21.2934}}}, "m_vGlobalSize": {"type": "SVector3", "value": {"x": 2.0746200085, "y": 1.7603700161, "z": 4.027780056}}, "m_eidParent": {"type": "SEntityTemplateReference", "value": "fffffffffffffffe"}}, "postInitProperties": {}, "editorOnly": false, "platformSpecificPropertyValues": []}}, {"op": "add", "path": "/entities/66a057b9e94a6644", "value": {"parent": "32ec912707ef891b", "name": "RainKillBox For Room Include for 500_Room_Hay_Storage (34821)", "template": "[assembly:/_pro/effects/templates/liquid/fx_liquid.template?/rainkillbox.entitytemplate].pc_entitytype", "blueprint": "[assembly:/_pro/effects/templates/liquid/fx_liquid.template?/rainkillbox.entitytemplate].pc_entityblueprint", "properties": {"m_mTransform": {"type": "SMatrix43", "value": {"rotation": {"x": -108.07213340425936, "y": 90.0, "z": 0.0}, "position": {"x": 52.9707, "y": 15.2333, "z": 18.6758}}}, "m_vGlobalSize": {"type": "SVector3", "value": {"x": 19.9831008911, "y": 3.7776300907, "z": 1.9062000513}}, "m_eidParent": {"type": "SEntityTemplateReference", "value": "fffffffffffffffe"}}, "postInitProperties": {}, "editorOnly": false, "platformSpecificPropertyValues": []}}, {"op": "add", "path": "/entities/4cde182f159c0195", "value": {"parent": "32ec912707ef891b", "name": "RainKillBox For Room_306_Courtyard_Building_B", "template": "[assembly:/_pro/effects/templates/liquid/fx_liquid.template?/rainkillbox.entitytemplate].pc_entitytype", "blueprint": "[assembly:/_pro/effects/templates/liquid/fx_liquid.template?/rainkillbox.entitytemplate].pc_entityblueprint", "properties": {"m_mTransform": {"type": "SMatrix43", "value": {"rotation": {"x": -0.0, "y": 0.0, "z": -0.0}, "position": {"x": 52.462638855, "y": 67.6362304688, "z": 13.8171596527}}}, "m_vGlobalSize": {"type": "SVector3", "value": {"x": 7.713849783000001, "y": 6.9091200827999995, "z": 3.7685800791}}, "m_eidParent": {"type": "SEntityTemplateReference", "value": "fffffffffffffffe"}}, "postInitProperties": {}, "editorOnly": false, "platformSpecificPropertyValues": []}}, {"op": "add", "path": "/entities/ba3e81861caad0b8", "value": {"parent": "32ec912707ef891b", "name": "HitmanRainWetLogic", "template": "00FDB8565FFAA61A", "blueprint": "00609605E8B31DA5", "properties": {}, "postInitProperties": {"DryVolumes": {"type": "TArray<SEntityTemplateReference>", "value": [{"ref": "9827d6f3fed09906", "externalScene": null, "exposedEntity": "NotInRain"}, {"ref": "eb441a52301ddd11", "externalScene": null, "exposedEntity": "NotInRain"}, {"ref": "bc7b9cdbe9796d64", "externalScene": null, "exposedEntity": "NotInRain"}, {"ref": "e7dece933693bb48", "externalScene": null, "exposedEntity": "NotInRain"}, {"ref": "8829a537dfaea50e", "externalScene": null, "exposedEntity": "NotInRain"}, {"ref": "d71c35aa2471dcfd", "externalScene": null, "exposedEntity": "NotInRain"}, {"ref": "283936e82f26d87d", "externalScene": null, "exposedEntity": "NotInRain"}, {"ref": "c921eff00ee6a61e", "externalScene": null, "exposedEntity": "NotInRain"}, {"ref": "81721e7bb8763fdf", "externalScene": null, "exposedEntity": "NotInRain"}, {"ref": "aead8dd14e1ac4c3", "externalScene": null, "exposedEntity": "NotInRain"}, {"ref": "75ba889853eae747", "externalScene": null, "exposedEntity": "NotInRain"}, {"ref": "bf4babb8442f81e5", "externalScene": null, "exposedEntity": "NotInRain"}, {"ref": "f9618bb03b483674", "externalScene": null, "exposedEntity": "NotInRain"}, {"ref": "66a057b9e94a6644", "externalScene": null, "exposedEntity": "NotInRain"}, {"ref": "74690a08cad84583", "externalScene": null, "exposedEntity": "NotInRain"}, {"ref": "01dae7f10dc31f09", "externalScene": null, "exposedEntity": "NotInRain"}, {"ref": "635c783356287d3f", "externalScene": null, "exposedEntity": "NotInRain"}, {"ref": "079f86b04b96f8a7", "externalScene": null, "exposedEntity": "NotInRain"}, {"ref": "94e52beb638712fb", "externalScene": null, "exposedEntity": "NotInRain"}, {"ref": "a18cfc1382b6b1db", "externalScene": null, "exposedEntity": "NotInRain"}, {"ref": "3f7141e6d17c3df4", "externalScene": null, "exposedEntity": "NotInRain"}, {"ref": "81700d4f84f83955", "externalScene": null, "exposedEntity": "NotInRain"}, {"ref": "5a6b1d5b7a71f5df", "externalScene": null, "exposedEntity": "NotInRain"}, {"ref": "8261ad2b609455c4", "externalScene": null, "exposedEntity": "NotInRain"}, {"ref": "35be82e44190b2e8", "externalScene": null, "exposedEntity": "NotInRain"}, {"ref": "37fa8f9ee4ba6fff", "externalScene": null, "exposedEntity": "NotInRain"}, {"ref": "8ead28fce5ae93bb", "externalScene": null, "exposedEntity": "NotInRain"}, {"ref": "2fceb3f9f1bf79bb", "externalScene": null, "exposedEntity": "NotInRain"}, {"ref": "5046b6514d988b2f", "externalScene": null, "exposedEntity": "NotInRain"}, {"ref": "65538cc6212e898c", "externalScene": null, "exposedEntity": "NotInRain"}, {"ref": "00d4a4135d405964", "externalScene": null, "exposedEntity": "NotInRain"}, {"ref": "b8ad1ca7f231fe2e", "externalScene": null, "exposedEntity": "NotInRain"}, {"ref": "f1d8ae556d0ddd28", "externalScene": null, "exposedEntity": "NotInRain"}, {"ref": "b911341aae6de42f", "externalScene": null, "exposedEntity": "NotInRain"}, {"ref": "45a01a5767973568", "externalScene": null, "exposedEntity": "NotInRain"}, {"ref": "2ce43e19fed8646c", "externalScene": null, "exposedEntity": "NotInRain"}, {"ref": "6e87aecbf42603f2", "externalScene": null, "exposedEntity": "NotInRain"}, {"ref": "984df80a58d13c65", "externalScene": null, "exposedEntity": "NotInRain"}, {"ref": "5024b0f29b906703", "externalScene": null, "exposedEntity": "NotInRain"}, {"ref": "296829441f6563f0", "externalScene": null, "exposedEntity": "NotInRain"}, {"ref": "2e9aab1b9fd7d526", "externalScene": null, "exposedEntity": "NotInRain"}, {"ref": "870b4bed6b684b6a", "externalScene": null, "exposedEntity": "NotInRain"}, {"ref": "3103f4795ca86125", "externalScene": null, "exposedEntity": "NotInRain"}, {"ref": "d940fcfc756458a0", "externalScene": null, "exposedEntity": "NotInRain"}, {"ref": "ebf7db0355272d03", "externalScene": null, "exposedEntity": "NotInRain"}, {"ref": "56664bb06dc88ad4", "externalScene": null, "exposedEntity": "NotInRain"}, {"ref": "01a87ed650eb7857", "externalScene": null, "exposedEntity": "NotInRain"}, {"ref": "b9e4ab958379dbbd", "externalScene": null, "exposedEntity": "NotInRain"}, {"ref": "ef5c2c8c715784a7", "externalScene": null, "exposedEntity": "NotInRain"}, {"ref": "f1db757ac2fc81c1", "externalScene": null, "exposedEntity": "NotInRain"}, {"ref": "de7999edd25c540a", "externalScene": null, "exposedEntity": "NotInRain"}, {"ref": "587d6892ce80353e", "externalScene": null, "exposedEntity": "NotInRain"}, {"ref": "c52f790f2297e072", "externalScene": null, "exposedEntity": "NotInRain"}, {"ref": "432fd55df0d6a258", "externalScene": null, "exposedEntity": "NotInRain"}, {"ref": "8d62d346365f80c6", "externalScene": null, "exposedEntity": "NotInRain"}, {"ref": "8bb4aba6e2779990", "externalScene": null, "exposedEntity": "NotInRain"}, {"ref": "32d4d6bb03c97f65", "externalScene": null, "exposedEntity": "NotInRain"}, {"ref": "b3fe9ef0e51a26d4", "externalScene": null, "exposedEntity": "NotInRain"}, {"ref": "947b2b75e19cdabb", "externalScene": null, "exposedEntity": "NotInRain"}, {"ref": "9954d188b8b343d3", "externalScene": null, "exposedEntity": "NotInRain"}, {"ref": "3d804679f7197a11", "externalScene": null, "exposedEntity": "NotInRain"}, {"ref": "f29ca5486c0a5f8c", "externalScene": null, "exposedEntity": "NotInRain"}, {"ref": "febfadd9d24a8f9e", "externalScene": null, "exposedEntity": "NotInRain"}, {"ref": "c76ad2d510511fbb", "externalScene": null, "exposedEntity": "NotInRain"}, {"ref": "5f3943260a28fa04", "externalScene": null, "exposedEntity": "NotInRain"}, {"ref": "d47ef5b133bf1b3b", "externalScene": null, "exposedEntity": "NotInRain"}, {"ref": "3bf380e6d2e887cf", "externalScene": null, "exposedEntity": "NotInRain"}, {"ref": "c3d3fb88ffe51fa3", "externalScene": null, "exposedEntity": "NotInRain"}, {"ref": "945bb3d586961fd8", "externalScene": null, "exposedEntity": "NotInRain"}, {"ref": "4a449a2812aec68a", "externalScene": null, "exposedEntity": "NotInRain"}, {"ref": "b0952f86a1fe2130", "externalScene": null, "exposedEntity": "NotInRain"}, {"ref": "21eb2467a3f5cd55", "externalScene": null, "exposedEntity": "NotInRain"}, {"ref": "31dd3bee411ffd98", "externalScene": null, "exposedEntity": "NotInRain"}, {"ref": "d236c0fcd81e4766", "externalScene": null, "exposedEntity": "NotInRain"}, {"ref": "ffb7bfbaca7c89b0", "externalScene": null, "exposedEntity": "NotInRain"}, {"ref": "6714b890149584bd", "externalScene": null, "exposedEntity": "NotInRain"}, {"ref": "aee352548aba9c2f", "externalScene": null, "exposedEntity": "NotInRain"}, {"ref": "5209af1671c659e0", "externalScene": null, "exposedEntity": "NotInRain"}, {"ref": "77ee0934ea2ddef4", "externalScene": null, "exposedEntity": "NotInRain"}, {"ref": "3936fe87fc41f519", "externalScene": null, "exposedEntity": "NotInRain"}, {"ref": "704fed78c7a8fef0", "externalScene": null, "exposedEntity": "NotInRain"}, {"ref": "7e97c237e6defab1", "externalScene": null, "exposedEntity": "NotInRain"}, {"ref": "b6d0051a66f2242f", "externalScene": null, "exposedEntity": "NotInRain"}, {"ref": "f55026efa4035c0e", "externalScene": null, "exposedEntity": "NotInRain"}, {"ref": "6f3ba6bc4604ffea", "externalScene": null, "exposedEntity": "NotInRain"}, {"ref": "a7fc189f69ccb9c2", "externalScene": null, "exposedEntity": "NotInRain"}, {"ref": "9299780acd03a75c", "externalScene": null, "exposedEntity": "NotInRain"}, {"ref": "2da5b805300a9498", "externalScene": null, "exposedEntity": "NotInRain"}, {"ref": "1a30e826ddcec836", "externalScene": null, "exposedEntity": "NotInRain"}, {"ref": "2e42eb5fc6a758dd", "externalScene": null, "exposedEntity": "NotInRain"}, {"ref": "046ade3e1e7c911d", "externalScene": null, "exposedEntity": "NotInRain"}, {"ref": "4cde182f159c0195", "externalScene": null, "exposedEntity": "NotInRain"}, {"ref": "a57da0f06e27ea85", "externalScene": null, "exposedEntity": "NotInRain"}, {"ref": "02e47d3ec216e156", "externalScene": null, "exposedEntity": "NotInRain"}, {"ref": "f104b6db58220756", "externalScene": null, "exposedEntity": "NotInRain"}, {"ref": "f0475fc54199c644", "externalScene": null, "exposedEntity": "NotInRain"}, {"ref": "573a7f6ef23be804", "externalScene": null, "exposedEntity": "NotInRain"}, {"ref": "4ba51b1595f43028", "externalScene": null, "exposedEntity": "NotInRain"}, {"ref": "00738fee60087c1b", "externalScene": null, "exposedEntity": "NotInRain"}]}}, "editorOnly": false, "platformSpecificPropertyValues": []}}, {"op": "add", "path": "/entities/8ead28fce5ae93bb", "value": {"parent": "32ec912707ef891b", "name": "RainKillBox For Room Include for Room_115_floorGround_Grand (38432)", "template": "[assembly:/_pro/effects/templates/liquid/fx_liquid.template?/rainkillbox.entitytemplate].pc_entitytype", "blueprint": "[assembly:/_pro/effects/templates/liquid/fx_liquid.template?/rainkillbox.entitytemplate].pc_entityblueprint", "properties": {"m_mTransform": {"type": "SMatrix43", "value": {"rotation": {"x": -0.0, "y": 0.0, "z": -5.1726821108738426}, "position": {"x": -74.9329, "y": 90.1997, "z": 17.3888}}}, "m_vGlobalSize": {"type": "SVector3", "value": {"x": 2.1371700764, "y": 1.7603700161, "z": 3.4750199318}}, "m_eidParent": {"type": "SEntityTemplateReference", "value": "fffffffffffffffe"}}, "postInitProperties": {}, "editorOnly": false, "platformSpecificPropertyValues": []}}, {"op": "add", "path": "/entities/635c783356287d3f", "value": {"parent": "32ec912707ef891b", "name": "RainKillBox For Room Include for Room_104_floor first_Bedroom (34914)", "template": "[assembly:/_pro/effects/templates/liquid/fx_liquid.template?/rainkillbox.entitytemplate].pc_entitytype", "blueprint": "[assembly:/_pro/effects/templates/liquid/fx_liquid.template?/rainkillbox.entitytemplate].pc_entityblueprint", "properties": {"m_mTransform": {"type": "SMatrix43", "value": {"rotation": {"x": -0.0, "y": 0.0, "z": -5.1726821108738426}, "position": {"x": -74.8455, "y": 90.273, "z": 21.0489}}}, "m_vGlobalSize": {"type": "SVector3", "value": {"x": 2.1371700764, "y": 1.7603700161, "z": 3.7876698971}}, "m_eidParent": {"type": "SEntityTemplateReference", "value": "fffffffffffffffe"}}, "postInitProperties": {}, "editorOnly": false, "platformSpecificPropertyValues": []}}, {"op": "add", "path": "/entities/b6d0051a66f2242f", "value": {"parent": "32ec912707ef891b", "name": "RainKillBox For Room Include for Room_109_floor first_Office (55201)", "template": "[assembly:/_pro/effects/templates/liquid/fx_liquid.template?/rainkillbox.entitytemplate].pc_entitytype", "blueprint": "[assembly:/_pro/effects/templates/liquid/fx_liquid.template?/rainkillbox.entitytemplate].pc_entityblueprint", "properties": {"m_mTransform": {"type": "SMatrix43", "value": {"rotation": {"x": -0.0, "y": 0.0, "z": 38.934676946064535}, "position": {"x": -61.1333, "y": 100.103, "z": 21.2934}}}, "m_vGlobalSize": {"type": "SVector3", "value": {"x": 2.5841600895, "y": 1.7603700161, "z": 4.027780056}}, "m_eidParent": {"type": "SEntityTemplateReference", "value": "fffffffffffffffe"}}, "postInitProperties": {}, "editorOnly": false, "platformSpecificPropertyValues": []}}, {"op": "add", "path": "/entities/00738fee60087c1b", "value": {"parent": "32ec912707ef891b", "name": "RainKillBox For Room_401_Fruit_Packing_Shed", "template": "[assembly:/_pro/effects/templates/liquid/fx_liquid.template?/rainkillbox.entitytemplate].pc_entitytype", "blueprint": "[assembly:/_pro/effects/templates/liquid/fx_liquid.template?/rainkillbox.entitytemplate].pc_entityblueprint", "properties": {"m_mTransform": {"type": "SMatrix43", "value": {"rotation": {"x": -0.0, "y": 0.0, "z": -4.999784590717854}, "position": {"x": -34.623249054, "y": 12.8397397995, "z": 13.8999996185}}}, "m_vGlobalSize": {"type": "SVector3", "value": {"x": 4.0469501019, "y": 3.8069000245, "z": 3.7823998928}}, "m_eidParent": {"type": "SEntityTemplateReference", "value": "fffffffffffffffe"}}, "postInitProperties": {}, "editorOnly": false, "platformSpecificPropertyValues": []}}, {"op": "add", "path": "/entities/573a7f6ef23be804", "value": {"parent": "32ec912707ef891b", "name": "RainKillBox For Room Include for 700_Room_Garage (56224)", "template": "[assembly:/_pro/effects/templates/liquid/fx_liquid.template?/rainkillbox.entitytemplate].pc_entitytype", "blueprint": "[assembly:/_pro/effects/templates/liquid/fx_liquid.template?/rainkillbox.entitytemplate].pc_entityblueprint", "properties": {"m_mTransform": {"type": "SMatrix43", "value": {"rotation": {"x": -160.75782796404224, "y": -90.0, "z": 0.0}, "position": {"x": -40.8716, "y": 119.723, "z": 16.7215}}}, "m_vGlobalSize": {"type": "SVector3", "value": {"x": 9.9197797775, "y": 3.6043601036, "z": 1.8995000124}}, "m_eidParent": {"type": "SEntityTemplateReference", "value": "fffffffffffffffe"}}, "postInitProperties": {}, "editorOnly": false, "platformSpecificPropertyValues": []}}, {"op": "add", "path": "/entities/9299780acd03a75c", "value": {"parent": "32ec912707ef891b", "name": "RainKillBox For Room Include for Room_305_Courtyard_Building_B (55698)", "template": "[assembly:/_pro/effects/templates/liquid/fx_liquid.template?/rainkillbox.entitytemplate].pc_entitytype", "blueprint": "[assembly:/_pro/effects/templates/liquid/fx_liquid.template?/rainkillbox.entitytemplate].pc_entityblueprint", "properties": {"m_mTransform": {"type": "SMatrix43", "value": {"rotation": {"x": -89.99973666277445, "y": 90.0, "z": 0.0}, "position": {"x": 53.1584, "y": 52.5716, "z": 17.0962}}}, "m_vGlobalSize": {"type": "SVector3", "value": {"x": 7.6102099419, "y": 4.1591701508, "z": 1.9062000513}}, "m_eidParent": {"type": "SEntityTemplateReference", "value": "fffffffffffffffe"}}, "postInitProperties": {}, "editorOnly": false, "platformSpecificPropertyValues": []}}, {"op": "add", "path": "/entities/94e52beb638712fb", "value": {"parent": "32ec912707ef891b", "name": "RainKillBox For Room Include for Room_104_floor first_Bedroom (34914)", "template": "[assembly:/_pro/effects/templates/liquid/fx_liquid.template?/rainkillbox.entitytemplate].pc_entitytype", "blueprint": "[assembly:/_pro/effects/templates/liquid/fx_liquid.template?/rainkillbox.entitytemplate].pc_entityblueprint", "properties": {"m_mTransform": {"type": "SMatrix43", "value": {"rotation": {"x": -0.0, "y": 0.0, "z": 38.934676946064535}, "position": {"x": -74.5465, "y": 92.0187, "z": 21.0402}}}, "m_vGlobalSize": {"type": "SVector3", "value": {"x": 5.3993301392, "y": 2.1818599701, "z": 3.804899931}}, "m_eidParent": {"type": "SEntityTemplateReference", "value": "fffffffffffffffe"}}, "postInitProperties": {}, "editorOnly": false, "platformSpecificPropertyValues": []}}, {"op": "add", "path": "/entities/f1db757ac2fc81c1", "value": {"parent": "32ec912707ef891b", "name": "RainKillBox For Room Include for Room_200_Barn_Main_Room (46424)", "template": "[assembly:/_pro/effects/templates/liquid/fx_liquid.template?/rainkillbox.entitytemplate].pc_entitytype", "blueprint": "[assembly:/_pro/effects/templates/liquid/fx_liquid.template?/rainkillbox.entitytemplate].pc_entityblueprint", "properties": {"m_mTransform": {"type": "SMatrix43", "value": {"rotation": {"x": -0.0, "y": 0.0, "z": -0.0}, "position": {"x": 11.0189, "y": 116.705, "z": 14.361}}}, "m_vGlobalSize": {"type": "SVector3", "value": {"x": 4.9060602188, "y": 0.7445530295, "z": 2.9891600609}}, "m_eidParent": {"type": "SEntityTemplateReference", "value": "fffffffffffffffe"}}, "postInitProperties": {}, "editorOnly": false, "platformSpecificPropertyValues": []}}, {"op": "add", "path": "/entities/8bb4aba6e2779990", "value": {"parent": "32ec912707ef891b", "name": "RainKillBox For Room Include for Room_114_floorGround_Family (47628)", "template": "[assembly:/_pro/effects/templates/liquid/fx_liquid.template?/rainkillbox.entitytemplate].pc_entitytype", "blueprint": "[assembly:/_pro/effects/templates/liquid/fx_liquid.template?/rainkillbox.entitytemplate].pc_entityblueprint", "properties": {"m_mTransform": {"type": "SMatrix43", "value": {"rotation": {"x": -0.0, "y": 0.0, "z": 39.99995273079982}, "position": {"x": -80.7666, "y": 112.582, "z": 17.5492}}}, "m_vGlobalSize": {"type": "SVector3", "value": {"x": 8.630979538, "y": 1.9013700485, "z": 3.3432600498}}, "m_eidParent": {"type": "SEntityTemplateReference", "value": "fffffffffffffffe"}}, "postInitProperties": {}, "editorOnly": false, "platformSpecificPropertyValues": []}}, {"op": "add", "path": "/entities/35be82e44190b2e8", "value": {"parent": "32ec912707ef891b", "name": "RainKillBox For Room Include for Room_304_Courtyard_Barn_Workshop_A (38414)", "template": "[assembly:/_pro/effects/templates/liquid/fx_liquid.template?/rainkillbox.entitytemplate].pc_entitytype", "blueprint": "[assembly:/_pro/effects/templates/liquid/fx_liquid.template?/rainkillbox.entitytemplate].pc_entityblueprint", "properties": {"m_mTransform": {"type": "SMatrix43", "value": {"rotation": {"x": 66.26148376169026, "y": 0.0, "z": -0.0}, "position": {"x": 18.8949, "y": 45.0872, "z": 18.1851}}}, "m_vGlobalSize": {"type": "SVector3", "value": {"x": 14.8788995743, "y": 6.4158802032, "z": 2.8215200901}}, "m_eidParent": {"type": "SEntityTemplateReference", "value": "fffffffffffffffe"}}, "postInitProperties": {}, "editorOnly": false, "platformSpecificPropertyValues": []}}, {"op": "add", "path": "/entities/7e97c237e6defab1", "value": {"parent": "32ec912707ef891b", "name": "RainKillBox For Room Include for Room_109_floor first_Office (55201)", "template": "[assembly:/_pro/effects/templates/liquid/fx_liquid.template?/rainkillbox.entitytemplate].pc_entitytype", "blueprint": "[assembly:/_pro/effects/templates/liquid/fx_liquid.template?/rainkillbox.entitytemplate].pc_entityblueprint", "properties": {"m_mTransform": {"type": "SMatrix43", "value": {"rotation": {"x": -0.0, "y": 0.0, "z": 38.934676946064535}, "position": {"x": -62.3582, "y": 101.463, "z": 21.2934}}}, "m_vGlobalSize": {"type": "SVector3", "value": {"x": 5.125480175, "y": 2.1860098839, "z": 4.027780056}}, "m_eidParent": {"type": "SEntityTemplateReference", "value": "fffffffffffffffe"}}, "postInitProperties": {}, "editorOnly": false, "platformSpecificPropertyValues": []}}, {"op": "add", "path": "/entities/8829a537dfaea50e", "value": {"parent": "32ec912707ef891b", "name": "RainKillBox For Room Include for Room_101_basement_Main (25476)", "template": "[assembly:/_pro/effects/templates/liquid/fx_liquid.template?/rainkillbox.entitytemplate].pc_entitytype", "blueprint": "[assembly:/_pro/effects/templates/liquid/fx_liquid.template?/rainkillbox.entitytemplate].pc_entityblueprint", "properties": {"m_mTransform": {"type": "SMatrix43", "value": {"rotation": {"x": -0.0, "y": 0.0, "z": 39.999952730799826}, "position": {"x": -75.1512, "y": 104.067, "z": 16.5698}}}, "m_vGlobalSize": {"type": "SVector3", "value": {"x": 1.4061100483, "y": 1.9335000515, "z": 4.5734901428}}, "m_eidParent": {"type": "SEntityTemplateReference", "value": "fffffffffffffffe"}}, "postInitProperties": {}, "editorOnly": false, "platformSpecificPropertyValues": []}}, {"op": "add", "path": "/entities/283936e82f26d87d", "value": {"parent": "32ec912707ef891b", "name": "RainKillBox For Room Include for Room_101_basement_Main (25476)", "template": "[assembly:/_pro/effects/templates/liquid/fx_liquid.template?/rainkillbox.entitytemplate].pc_entitytype", "blueprint": "[assembly:/_pro/effects/templates/liquid/fx_liquid.template?/rainkillbox.entitytemplate].pc_entityblueprint", "properties": {"m_mTransform": {"type": "SMatrix43", "value": {"rotation": {"x": -40.86123592629115, "y": 32.95642893279791, "z": 42.658212066269655}, "position": {"x": -74.4459, "y": 104.649, "z": 17.8729}}}, "m_vGlobalSize": {"type": "SVector3", "value": {"x": 1.7174299955, "y": 1.9475400448, "z": 0.656020999}}, "m_eidParent": {"type": "SEntityTemplateReference", "value": "fffffffffffffffe"}}, "postInitProperties": {}, "editorOnly": false, "platformSpecificPropertyValues": []}}, {"op": "add", "path": "/entities/bc7b9cdbe9796d64", "value": {"parent": "32ec912707ef891b", "name": "RainKillBox For Room_105_floor first_Guest", "template": "[assembly:/_pro/effects/templates/liquid/fx_liquid.template?/rainkillbox.entitytemplate].pc_entitytype", "blueprint": "[assembly:/_pro/effects/templates/liquid/fx_liquid.template?/rainkillbox.entitytemplate].pc_entityblueprint", "properties": {"m_mTransform": {"type": "SMatrix43", "value": {"rotation": {"x": -0.0, "y": 0.0, "z": 39.99995278631442}, "position": {"x": -66.8089523315, "y": 99.6497879028, "z": 10.0956401825}}}, "m_vGlobalSize": {"type": "SVector3", "value": {"x": 8.5595703125, "y": 9.0781908035, "z": 3.9141597747}}, "m_eidParent": {"type": "SEntityTemplateReference", "value": "fffffffffffffffe"}}, "postInitProperties": {}, "editorOnly": false, "platformSpecificPropertyValues": []}}, {"op": "add", "path": "/entities/f104b6db58220756", "value": {"parent": "32ec912707ef891b", "name": "RainKillBox For Room Include for Room_306_Courtyard_Building_B (55951)", "template": "[assembly:/_pro/effects/templates/liquid/fx_liquid.template?/rainkillbox.entitytemplate].pc_entitytype", "blueprint": "[assembly:/_pro/effects/templates/liquid/fx_liquid.template?/rainkillbox.entitytemplate].pc_entityblueprint", "properties": {"m_mTransform": {"type": "SMatrix43", "value": {"rotation": {"x": -89.99889757780781, "y": -90.0, "z": 0.0}, "position": {"x": 50.5714, "y": 67.0276, "z": 17.0302}}}, "m_vGlobalSize": {"type": "SVector3", "value": {"x": 6.7890300751, "y": 4.9017701149, "z": 1.9567799568}}, "m_eidParent": {"type": "SEntityTemplateReference", "value": "fffffffffffffffe"}}, "postInitProperties": {}, "editorOnly": false, "platformSpecificPropertyValues": []}}, {"op": "add", "path": "/entities/81721e7bb8763fdf", "value": {"parent": "32ec912707ef891b", "name": "RainKillBox For Room_301_Courtyard_Building_A", "template": "[assembly:/_pro/effects/templates/liquid/fx_liquid.template?/rainkillbox.entitytemplate].pc_entitytype", "blueprint": "[assembly:/_pro/effects/templates/liquid/fx_liquid.template?/rainkillbox.entitytemplate].pc_entityblueprint", "properties": {"m_mTransform": {"type": "SMatrix43", "value": {"rotation": {"x": -0.0, "y": 0.0, "z": -0.0}, "position": {"x": 48.1361618042, "y": 45.9896812439, "z": 12.9941596985}}}, "m_vGlobalSize": {"type": "SVector3", "value": {"x": 7.5473652183999995, "y": 7.3660202026, "z": 3.5557858571999996}}, "m_eidParent": {"type": "SEntityTemplateReference", "value": "fffffffffffffffe"}}, "postInitProperties": {}, "editorOnly": false, "platformSpecificPropertyValues": []}}, {"op": "add", "path": "/entities/4ba51b1595f43028", "value": {"parent": "32ec912707ef891b", "name": "RainKillBox For Room Include for 700_Room_Garage (56224)", "template": "[assembly:/_pro/effects/templates/liquid/fx_liquid.template?/rainkillbox.entitytemplate].pc_entitytype", "blueprint": "[assembly:/_pro/effects/templates/liquid/fx_liquid.template?/rainkillbox.entitytemplate].pc_entityblueprint", "properties": {"m_mTransform": {"type": "SMatrix43", "value": {"rotation": {"x": -17.569910804394414, "y": 90.0, "z": 0.0}, "position": {"x": -38.969, "y": 121.557, "z": 16.7246}}}, "m_vGlobalSize": {"type": "SVector3", "value": {"x": 9.7977800369, "y": 3.8038799763, "z": 1.8184399605}}, "m_eidParent": {"type": "SEntityTemplateReference", "value": "fffffffffffffffe"}}, "postInitProperties": {}, "editorOnly": false, "platformSpecificPropertyValues": []}}, {"op": "add", "path": "/entities/984df80a58d13c65", "value": {"parent": "32ec912707ef891b", "name": "RainKillBox For Room_106_floor first_Kids", "template": "[assembly:/_pro/effects/templates/liquid/fx_liquid.template?/rainkillbox.entitytemplate].pc_entitytype", "blueprint": "[assembly:/_pro/effects/templates/liquid/fx_liquid.template?/rainkillbox.entitytemplate].pc_entityblueprint", "properties": {"m_mTransform": {"type": "SMatrix43", "value": {"rotation": {"x": -0.0, "y": 0.0, "z": 39.99995278631441}, "position": {"x": -66.8089523315, "y": 99.6497879028, "z": 10.0956401825}}}, "m_vGlobalSize": {"type": "SVector3", "value": {"x": 9.734150171300001, "y": 9.356100082400001, "z": 3.3552598952999997}}, "m_eidParent": {"type": "SEntityTemplateReference", "value": "fffffffffffffffe"}}, "postInitProperties": {}, "editorOnly": false, "platformSpecificPropertyValues": []}}, {"op": "add", "path": "/entities/9827d6f3fed09906", "value": {"parent": "32ec912707ef891b", "name": "RainKillBox For Room_102_basement_Secret_Tunnel", "template": "[assembly:/_pro/effects/templates/liquid/fx_liquid.template?/rainkillbox.entitytemplate].pc_entitytype", "blueprint": "[assembly:/_pro/effects/templates/liquid/fx_liquid.template?/rainkillbox.entitytemplate].pc_entityblueprint", "properties": {"m_mTransform": {"type": "SMatrix43", "value": {"rotation": {"x": -0.0, "y": 0.0, "z": 39.99995278631442}, "position": {"x": -66.8089523315, "y": 99.6497879028, "z": 10.0956401825}}}, "m_vGlobalSize": {"type": "SVector3", "value": {"x": 6.7746500969, "y": 3.0389995574999986, "z": 2.9003000259}}, "m_eidParent": {"type": "SEntityTemplateReference", "value": "fffffffffffffffe"}}, "postInitProperties": {}, "editorOnly": false, "platformSpecificPropertyValues": []}}, {"op": "add", "path": "/entities/046ade3e1e7c911d", "value": {"parent": "32ec912707ef891b", "name": "RainKillBox For Room Include for Room_107_MainHall (55859)", "template": "[assembly:/_pro/effects/templates/liquid/fx_liquid.template?/rainkillbox.entitytemplate].pc_entitytype", "blueprint": "[assembly:/_pro/effects/templates/liquid/fx_liquid.template?/rainkillbox.entitytemplate].pc_entityblueprint", "properties": {"m_mTransform": {"type": "SMatrix43", "value": {"rotation": {"x": -0.0, "y": 0.0, "z": 39.999952730799826}, "position": {"x": -79.7059, "y": 104.81, "z": 20.9769}}}, "m_vGlobalSize": {"type": "SVector3", "value": {"x": 3.4362800121, "y": 5.6219801903, "z": 3.6089398861}}, "m_eidParent": {"type": "SEntityTemplateReference", "value": "fffffffffffffffe"}}, "postInitProperties": {}, "editorOnly": false, "platformSpecificPropertyValues": []}}, {"op": "add", "path": "/entities/6f3ba6bc4604ffea", "value": {"parent": "32ec912707ef891b", "name": "RainKillBox For Room_122_floorGround_Utility", "template": "[assembly:/_pro/effects/templates/liquid/fx_liquid.template?/rainkillbox.entitytemplate].pc_entitytype", "blueprint": "[assembly:/_pro/effects/templates/liquid/fx_liquid.template?/rainkillbox.entitytemplate].pc_entityblueprint", "properties": {"m_mTransform": {"type": "SMatrix43", "value": {"rotation": {"x": -0.0, "y": 0.0, "z": 39.99995278631441}, "position": {"x": -66.813659668, "y": 99.6533813477, "z": 10.0991802216}}}, "m_vGlobalSize": {"type": "SVector3", "value": {"x": 9.8918797969, "y": 4.3696002960000015, "z": 3.3162999152999992}}, "m_eidParent": {"type": "SEntityTemplateReference", "value": "fffffffffffffffe"}}, "postInitProperties": {}, "editorOnly": false, "platformSpecificPropertyValues": []}}, {"op": "add", "path": "/entities/d236c0fcd81e4766", "value": {"parent": "32ec912707ef891b", "name": "RainKillBox For Room Include for Room_307_Courtyard_Building_B (50302)", "template": "[assembly:/_pro/effects/templates/liquid/fx_liquid.template?/rainkillbox.entitytemplate].pc_entitytype", "blueprint": "[assembly:/_pro/effects/templates/liquid/fx_liquid.template?/rainkillbox.entitytemplate].pc_entityblueprint", "properties": {"m_mTransform": {"type": "SMatrix43", "value": {"rotation": {"x": -90.0, "y": -90.0, "z": 0.0}, "position": {"x": 50.1317, "y": 60.2177, "z": 17.3254}}}, "m_vGlobalSize": {"type": "SVector3", "value": {"x": 7.4343700409, "y": 4.6604599953, "z": 1.0306799412}}, "m_eidParent": {"type": "SEntityTemplateReference", "value": "fffffffffffffffe"}}, "postInitProperties": {}, "editorOnly": false, "platformSpecificPropertyValues": []}}, {"op": "add", "path": "/entities/5024b0f29b906703", "value": {"parent": "32ec912707ef891b", "name": "RainKillBox For Room Include for Room_106_floor first_Kids (43283)", "template": "[assembly:/_pro/effects/templates/liquid/fx_liquid.template?/rainkillbox.entitytemplate].pc_entitytype", "blueprint": "[assembly:/_pro/effects/templates/liquid/fx_liquid.template?/rainkillbox.entitytemplate].pc_entityblueprint", "properties": {"m_mTransform": {"type": "SMatrix43", "value": {"rotation": {"x": -0.0, "y": 0.0, "z": 39.999952730799826}, "position": {"x": -81.9697, "y": 115.755, "z": 20.9021}}}, "m_vGlobalSize": {"type": "SVector3", "value": {"x": 7.2895298004, "y": 4.3121600151, "z": 3.3090200424}}, "m_eidParent": {"type": "SEntityTemplateReference", "value": "fffffffffffffffe"}}, "postInitProperties": {}, "editorOnly": false, "platformSpecificPropertyValues": []}}, {"op": "add", "path": "/entities/01dae7f10dc31f09", "value": {"parent": "32ec912707ef891b", "name": "RainKillBox For Room Include for Room_104_floor first_Bedroom (34914)", "template": "[assembly:/_pro/effects/templates/liquid/fx_liquid.template?/rainkillbox.entitytemplate].pc_entitytype", "blueprint": "[assembly:/_pro/effects/templates/liquid/fx_liquid.template?/rainkillbox.entitytemplate].pc_entityblueprint", "properties": {"m_mTransform": {"type": "SMatrix43", "value": {"rotation": {"x": -0.0, "y": 0.0, "z": 85.26098558021609}, "position": {"x": -72.6547, "y": 91.9734, "z": 21.0443}}}, "m_vGlobalSize": {"type": "SVector3", "value": {"x": 2.0149900913, "y": 1.7603700161, "z": 3.7968800068}}, "m_eidParent": {"type": "SEntityTemplateReference", "value": "fffffffffffffffe"}}, "postInitProperties": {}, "editorOnly": false, "platformSpecificPropertyValues": []}}, {"op": "add", "path": "/entities/296829441f6563f0", "value": {"parent": "32ec912707ef891b", "name": "RainKillBox For Room_108_floor first_Master", "template": "[assembly:/_pro/effects/templates/liquid/fx_liquid.template?/rainkillbox.entitytemplate].pc_entitytype", "blueprint": "[assembly:/_pro/effects/templates/liquid/fx_liquid.template?/rainkillbox.entitytemplate].pc_entityblueprint", "properties": {"m_mTransform": {"type": "SMatrix43", "value": {"rotation": {"x": -0.0, "y": 0.0, "z": 39.99995278631441}, "position": {"x": -66.8089523315, "y": 99.6497879028, "z": 10.0956401825}}}, "m_vGlobalSize": {"type": "SVector3", "value": {"x": 9.776020288400002, "y": 7.7090196609, "z": 3.3552598952999997}}, "m_eidParent": {"type": "SEntityTemplateReference", "value": "fffffffffffffffe"}}, "postInitProperties": {}, "editorOnly": false, "platformSpecificPropertyValues": []}}, {"op": "add", "path": "/entities/aee352548aba9c2f", "value": {"parent": "32ec912707ef891b", "name": "RainKillBox For Room_303_Courtyard_Tractor_Utility_A", "template": "[assembly:/_pro/effects/templates/liquid/fx_liquid.template?/rainkillbox.entitytemplate].pc_entitytype", "blueprint": "[assembly:/_pro/effects/templates/liquid/fx_liquid.template?/rainkillbox.entitytemplate].pc_entityblueprint", "properties": {"m_mTransform": {"type": "SMatrix43", "value": {"rotation": {"x": -0.0, "y": 0.0, "z": -0.0}, "position": {"x": 39.9293212891, "y": 76.2921600342, "z": 12.9941596985}}}, "m_vGlobalSize": {"type": "SVector3", "value": {"x": 3.8505101204, "y": 3.9330780952999995, "z": 3.0195811093}}, "m_eidParent": {"type": "SEntityTemplateReference", "value": "fffffffffffffffe"}}, "postInitProperties": {}, "editorOnly": false, "platformSpecificPropertyValues": []}}, {"op": "add", "path": "/entities/d71c35aa2471dcfd", "value": {"parent": "32ec912707ef891b", "name": "RainKillBox For Room Include for Room_101_basement_Main (25476)", "template": "[assembly:/_pro/effects/templates/liquid/fx_liquid.template?/rainkillbox.entitytemplate].pc_entitytype", "blueprint": "[assembly:/_pro/effects/templates/liquid/fx_liquid.template?/rainkillbox.entitytemplate].pc_entityblueprint", "properties": {"m_mTransform": {"type": "SMatrix43", "value": {"rotation": {"x": -0.0, "y": 0.0, "z": 39.999952730799826}, "position": {"x": -73.0245, "y": 105.95, "z": 16.1703}}}, "m_vGlobalSize": {"type": "SVector3", "value": {"x": 5.6180300713, "y": 2.0867300034, "z": 3.7745599747}}, "m_eidParent": {"type": "SEntityTemplateReference", "value": "fffffffffffffffe"}}, "postInitProperties": {}, "editorOnly": false, "platformSpecificPropertyValues": []}}, {"op": "add", "path": "/entities/3d804679f7197a11", "value": {"parent": "32ec912707ef891b", "name": "RainKillBox For 900_HouseShed", "template": "[assembly:/_pro/effects/templates/liquid/fx_liquid.template?/rainkillbox.entitytemplate].pc_entitytype", "blueprint": "[assembly:/_pro/effects/templates/liquid/fx_liquid.template?/rainkillbox.entitytemplate].pc_entityblueprint", "properties": {"m_mTransform": {"type": "SMatrix43", "value": {"rotation": {"x": -0.0, "y": 0.0, "z": 40.00003280223112}, "position": {"x": -78.8990936279, "y": 137.6932067871, "z": 16.3622093201}}}, "m_vGlobalSize": {"type": "SVector3", "value": {"x": 5.6238200665, "y": 3.7783799171, "z": 3.0223299265000003}}, "m_eidParent": {"type": "SEntityTemplateReference", "value": "fffffffffffffffe"}}, "postInitProperties": {}, "editorOnly": false, "platformSpecificPropertyValues": []}}, {"op": "add", "path": "/entities/d940fcfc756458a0", "value": {"parent": "32ec912707ef891b", "name": "RainKillBox For Room Include for Room_200_Barn_Main_Room (46424)", "template": "[assembly:/_pro/effects/templates/liquid/fx_liquid.template?/rainkillbox.entitytemplate].pc_entitytype", "blueprint": "[assembly:/_pro/effects/templates/liquid/fx_liquid.template?/rainkillbox.entitytemplate].pc_entityblueprint", "properties": {"m_mTransform": {"type": "SMatrix43", "value": {"rotation": {"x": -90.0, "y": 90.0, "z": 0.0}, "position": {"x": 16.6114, "y": 111.421, "z": 20.3146}}}, "m_vGlobalSize": {"type": "SVector3", "value": {"x": 11.1719999313, "y": 5.2241802216, "z": 3.6048998833}}, "m_eidParent": {"type": "SEntityTemplateReference", "value": "fffffffffffffffe"}}, "postInitProperties": {}, "editorOnly": false, "platformSpecificPropertyValues": []}}, {"op": "add", "path": "/entities/e7dece933693bb48", "value": {"parent": "32ec912707ef891b", "name": "RainKillBox For Room_101_basement_Main", "template": "[assembly:/_pro/effects/templates/liquid/fx_liquid.template?/rainkillbox.entitytemplate].pc_entitytype", "blueprint": "[assembly:/_pro/effects/templates/liquid/fx_liquid.template?/rainkillbox.entitytemplate].pc_entityblueprint", "properties": {"m_mTransform": {"type": "SMatrix43", "value": {"rotation": {"x": -0.0, "y": 0.0, "z": 39.99995278631441}, "position": {"x": -66.8089523315, "y": 99.6497879028, "z": 10.0956401825}}}, "m_vGlobalSize": {"type": "SVector3", "value": {"x": 23.817259788500003, "y": 14.277290105800002, "z": 3.6758799553000006}}, "m_eidParent": {"type": "SEntityTemplateReference", "value": "fffffffffffffffe"}}, "postInitProperties": {}, "editorOnly": false, "platformSpecificPropertyValues": []}}, {"op": "add", "path": "/entities/3f7141e6d17c3df4", "value": {"parent": "32ec912707ef891b", "name": "RainKillBox For Room_402_Old_Shack", "template": "[assembly:/_pro/effects/templates/liquid/fx_liquid.template?/rainkillbox.entitytemplate].pc_entitytype", "blueprint": "[assembly:/_pro/effects/templates/liquid/fx_liquid.template?/rainkillbox.entitytemplate].pc_entityblueprint", "properties": {"m_mTransform": {"type": "SMatrix43", "value": {"rotation": {"x": -0.0, "y": 0.0, "z": -5.892630939837287}, "position": {"x": -8.1949520111, "y": -52.0115318298, "z": 12.8423299789}}}, "m_vGlobalSize": {"type": "SVector3", "value": {"x": 5.6574299336, "y": 3.7933370769, "z": 3.253289938}}, "m_eidParent": {"type": "SEntityTemplateReference", "value": "fffffffffffffffe"}}, "postInitProperties": {}, "editorOnly": false, "platformSpecificPropertyValues": []}}, {"op": "add", "path": "/entities/f29ca5486c0a5f8c", "value": {"parent": "32ec912707ef891b", "name": "RainKillBox For Room Include for 900_HouseShed (48182)", "template": "[assembly:/_pro/effects/templates/liquid/fx_liquid.template?/rainkillbox.entitytemplate].pc_entitytype", "blueprint": "[assembly:/_pro/effects/templates/liquid/fx_liquid.template?/rainkillbox.entitytemplate].pc_entityblueprint", "properties": {"m_mTransform": {"type": "SMatrix43", "value": {"rotation": {"x": -0.0, "y": 0.0, "z": -139.99996654906818}, "position": {"x": -79.5615, "y": 139.009, "z": 17.9552}}}, "m_vGlobalSize": {"type": "SVector3", "value": {"x": 5.7369499207, "y": 0.5619919896, "z": 1.5037100315}}, "m_eidParent": {"type": "SEntityTemplateReference", "value": "fffffffffffffffe"}}, "postInitProperties": {}, "editorOnly": false, "platformSpecificPropertyValues": []}}, {"op": "add", "path": "/entities/31dd3bee411ffd98", "value": {"parent": "32ec912707ef891b", "name": "RainKillBox For Room_307_Courtyard_Building_B", "template": "[assembly:/_pro/effects/templates/liquid/fx_liquid.template?/rainkillbox.entitytemplate].pc_entitytype", "blueprint": "[assembly:/_pro/effects/templates/liquid/fx_liquid.template?/rainkillbox.entitytemplate].pc_entityblueprint", "properties": {"m_mTransform": {"type": "SMatrix43", "value": {"rotation": {"x": -0.0, "y": 0.0, "z": -0.0}, "position": {"x": 47.9592018127, "y": 58.5087585449, "z": 16.4868507385}}}, "m_vGlobalSize": {"type": "SVector3", "value": {"x": 7.6953463778, "y": 7.233199834800001, "z": 3.6915960796}}, "m_eidParent": {"type": "SEntityTemplateReference", "value": "fffffffffffffffe"}}, "postInitProperties": {}, "editorOnly": false, "platformSpecificPropertyValues": []}}, {"op": "add", "path": "/entities/8d62d346365f80c6", "value": {"parent": "32ec912707ef891b", "name": "RainKillBox For Room Include for Room_114_floorGround_Family (47628)", "template": "[assembly:/_pro/effects/templates/liquid/fx_liquid.template?/rainkillbox.entitytemplate].pc_entitytype", "blueprint": "[assembly:/_pro/effects/templates/liquid/fx_liquid.template?/rainkillbox.entitytemplate].pc_entityblueprint", "properties": {"m_mTransform": {"type": "SMatrix43", "value": {"rotation": {"x": -0.0, "y": 0.0, "z": 85.26098558021609}, "position": {"x": -84.1281, "y": 109.457, "z": 17.5492}}}, "m_vGlobalSize": {"type": "SVector3", "value": {"x": 2.0853900909, "y": 1.8144999743, "z": 3.3432600498}}, "m_eidParent": {"type": "SEntityTemplateReference", "value": "fffffffffffffffe"}}, "postInitProperties": {}, "editorOnly": false, "platformSpecificPropertyValues": []}}, {"op": "add", "path": "/entities/a57da0f06e27ea85", "value": {"parent": "32ec912707ef891b", "name": "RainKillBox For Room Include for Room_306_Courtyard_Building_B (55951)", "template": "[assembly:/_pro/effects/templates/liquid/fx_liquid.template?/rainkillbox.entitytemplate].pc_entitytype", "blueprint": "[assembly:/_pro/effects/templates/liquid/fx_liquid.template?/rainkillbox.entitytemplate].pc_entityblueprint", "properties": {"m_mTransform": {"type": "SMatrix43", "value": {"rotation": {"x": -0.0, "y": 0.0, "z": -89.99994270422049}, "position": {"x": 51.8701, "y": 67.0052, "z": 16.9455}}}, "m_vGlobalSize": {"type": "SVector3", "value": {"x": 6.8635702133, "y": 7.4692001343, "z": 1.9062000513}}, "m_eidParent": {"type": "SEntityTemplateReference", "value": "fffffffffffffffe"}}, "postInitProperties": {}, "editorOnly": false, "platformSpecificPropertyValues": []}}, {"op": "add", "path": "/entities/74690a08cad84583", "value": {"parent": "32ec912707ef891b", "name": "RainKillBox For Room_104_floor first_Bedroom", "template": "[assembly:/_pro/effects/templates/liquid/fx_liquid.template?/rainkillbox.entitytemplate].pc_entitytype", "blueprint": "[assembly:/_pro/effects/templates/liquid/fx_liquid.template?/rainkillbox.entitytemplate].pc_entityblueprint", "properties": {"m_mTransform": {"type": "SMatrix43", "value": {"rotation": {"x": -0.0, "y": 0.0, "z": 39.99995278631442}, "position": {"x": -66.8089523315, "y": 99.6497879028, "z": 10.0956401825}}}, "m_vGlobalSize": {"type": "SVector3", "value": {"x": 8.6861991883, "y": 8.0258899108, "z": 3.3552598952999997}}, "m_eidParent": {"type": "SEntityTemplateReference", "value": "fffffffffffffffe"}}, "postInitProperties": {}, "editorOnly": false, "platformSpecificPropertyValues": []}}, {"op": "add", "path": "/entities/2fceb3f9f1bf79bb", "value": {"parent": "32ec912707ef891b", "name": "RainKillBox For Room Include for Room_115_floorGround_Grand (38432)", "template": "[assembly:/_pro/effects/templates/liquid/fx_liquid.template?/rainkillbox.entitytemplate].pc_entitytype", "blueprint": "[assembly:/_pro/effects/templates/liquid/fx_liquid.template?/rainkillbox.entitytemplate].pc_entityblueprint", "properties": {"m_mTransform": {"type": "SMatrix43", "value": {"rotation": {"x": -0.0, "y": 0.0, "z": 85.26098558021609}, "position": {"x": -72.7369, "y": 91.9611, "z": 17.4822}}}, "m_vGlobalSize": {"type": "SVector3", "value": {"x": 2.1371700764, "y": 1.7603700161, "z": 3.2844700813}}, "m_eidParent": {"type": "SEntityTemplateReference", "value": "fffffffffffffffe"}}, "postInitProperties": {}, "editorOnly": false, "platformSpecificPropertyValues": []}}, {"op": "add", "path": "/entities/c76ad2d510511fbb", "value": {"parent": "32ec912707ef891b", "name": "RainKillBox For Room_300_Courtyard_Building_A", "template": "[assembly:/_pro/effects/templates/liquid/fx_liquid.template?/rainkillbox.entitytemplate].pc_entitytype", "blueprint": "[assembly:/_pro/effects/templates/liquid/fx_liquid.template?/rainkillbox.entitytemplate].pc_entityblueprint", "properties": {"m_mTransform": {"type": "SMatrix43", "value": {"rotation": {"x": -0.0, "y": 0.0, "z": -0.0}, "position": {"x": 37.3141708374, "y": 45.9896812439, "z": 12.9941596985}}}, "m_vGlobalSize": {"type": "SVector3", "value": {"x": 10.966128796300001, "y": 7.4068002701, "z": 3.5581402554999997}}, "m_eidParent": {"type": "SEntityTemplateReference", "value": "fffffffffffffffe"}}, "postInitProperties": {}, "editorOnly": false, "platformSpecificPropertyValues": []}}, {"op": "add", "path": "/entities/de7999edd25c540a", "value": {"parent": "32ec912707ef891b", "name": "RainKillBox For Room Include for Room_200_Barn_Main_Room (46424)", "template": "[assembly:/_pro/effects/templates/liquid/fx_liquid.template?/rainkillbox.entitytemplate].pc_entitytype", "blueprint": "[assembly:/_pro/effects/templates/liquid/fx_liquid.template?/rainkillbox.entitytemplate].pc_entityblueprint", "properties": {"m_mTransform": {"type": "SMatrix43", "value": {"rotation": {"x": -90.0, "y": 90.0, "z": 0.0}, "position": {"x": 13.0498, "y": 99.9777, "z": 23.6919}}}, "m_vGlobalSize": {"type": "SVector3", "value": {"x": 33.8522987366, "y": 7.3874101639, "z": 4.2678599358}}, "m_eidParent": {"type": "SEntityTemplateReference", "value": "fffffffffffffffe"}}, "postInitProperties": {}, "editorOnly": false, "platformSpecificPropertyValues": []}}, {"op": "add", "path": "/entities/1a30e826ddcec836", "value": {"parent": "32ec912707ef891b", "name": "RainKillBox For Room Include for Room_305_Courtyard_Building_B (55698)", "template": "[assembly:/_pro/effects/templates/liquid/fx_liquid.template?/rainkillbox.entitytemplate].pc_entitytype", "blueprint": "[assembly:/_pro/effects/templates/liquid/fx_liquid.template?/rainkillbox.entitytemplate].pc_entityblueprint", "properties": {"m_mTransform": {"type": "SMatrix43", "value": {"rotation": {"x": -89.99889757780781, "y": -90.0, "z": 0.0}, "position": {"x": 50.5714, "y": 52.9368, "z": 17.0302}}}, "m_vGlobalSize": {"type": "SVector3", "value": {"x": 6.9124097824, "y": 4.9017701149, "z": 1.9567799568}}, "m_eidParent": {"type": "SEntityTemplateReference", "value": "fffffffffffffffe"}}, "postInitProperties": {}, "editorOnly": false, "platformSpecificPropertyValues": []}}, {"op": "add", "path": "/entities/3bf380e6d2e887cf", "value": {"parent": "32ec912707ef891b", "name": "RainKillBox For Room_113_floorGround_Dining", "template": "[assembly:/_pro/effects/templates/liquid/fx_liquid.template?/rainkillbox.entitytemplate].pc_entitytype", "blueprint": "[assembly:/_pro/effects/templates/liquid/fx_liquid.template?/rainkillbox.entitytemplate].pc_entityblueprint", "properties": {"m_mTransform": {"type": "SMatrix43", "value": {"rotation": {"x": -0.0, "y": 0.0, "z": 39.99995278631441}, "position": {"x": -66.8089523315, "y": 99.6497879028, "z": 10.0956401825}}}, "m_vGlobalSize": {"type": "SVector3", "value": {"x": 11.9301601648, "y": 7.899427831100001, "z": 3.316500187}}, "m_eidParent": {"type": "SEntityTemplateReference", "value": "fffffffffffffffe"}}, "postInitProperties": {}, "editorOnly": false, "platformSpecificPropertyValues": []}}, {"op": "add", "path": "/entities/ebf7db0355272d03", "value": {"parent": "32ec912707ef891b", "name": "RainKillBox For Room Include for Room_200_Barn_Main_Room (46424)", "template": "[assembly:/_pro/effects/templates/liquid/fx_liquid.template?/rainkillbox.entitytemplate].pc_entitytype", "blueprint": "[assembly:/_pro/effects/templates/liquid/fx_liquid.template?/rainkillbox.entitytemplate].pc_entityblueprint", "properties": {"m_mTransform": {"type": "SMatrix43", "value": {"rotation": {"x": -90.0, "y": 90.0, "z": 0.0}, "position": {"x": 16.6114, "y": 91.4873, "z": 20.3146}}}, "m_vGlobalSize": {"type": "SVector3", "value": {"x": 16.7301998138, "y": 5.2241802216, "z": 3.6048998833}}, "m_eidParent": {"type": "SEntityTemplateReference", "value": "fffffffffffffffe"}}, "postInitProperties": {}, "editorOnly": false, "platformSpecificPropertyValues": []}}, {"op": "add", "path": "/entities/b8ad1ca7f231fe2e", "value": {"parent": "32ec912707ef891b", "name": "RainKillBox For Room Include for Room_400_Fruit_Packing_Shed (39942)", "template": "[assembly:/_pro/effects/templates/liquid/fx_liquid.template?/rainkillbox.entitytemplate].pc_entitytype", "blueprint": "[assembly:/_pro/effects/templates/liquid/fx_liquid.template?/rainkillbox.entitytemplate].pc_entityblueprint", "properties": {"m_mTransform": {"type": "SMatrix43", "value": {"rotation": {"x": -0.0, "y": 0.0, "z": -5.8555049986187635}, "position": {"x": -40.8411, "y": 16.3025, "z": 18.2956}}}, "m_vGlobalSize": {"type": "SVector3", "value": {"x": 4.2073698044, "y": 2.0919599533, "z": 1.2577199936}}, "m_eidParent": {"type": "SEntityTemplateReference", "value": "fffffffffffffffe"}}, "postInitProperties": {}, "editorOnly": false, "platformSpecificPropertyValues": []}}, {"op": "add", "path": "/entities/21eb2467a3f5cd55", "value": {"parent": "32ec912707ef891b", "name": "RainKillBox For Room_403_BackRoom", "template": "[assembly:/_pro/effects/templates/liquid/fx_liquid.template?/rainkillbox.entitytemplate].pc_entitytype", "blueprint": "[assembly:/_pro/effects/templates/liquid/fx_liquid.template?/rainkillbox.entitytemplate].pc_entityblueprint", "properties": {"m_mTransform": {"type": "SMatrix43", "value": {"rotation": {"x": -0.0, "y": 0.0, "z": -5.892653796966958}, "position": {"x": -50.9394989014, "y": 13.4548196793, "z": 13.6763801575}}}, "m_vGlobalSize": {"type": "SVector3", "value": {"x": 5.4125795421, "y": 3.5543299913000004, "z": 3.95972009}}, "m_eidParent": {"type": "SEntityTemplateReference", "value": "fffffffffffffffe"}}, "postInitProperties": {}, "editorOnly": false, "platformSpecificPropertyValues": []}}, {"op": "add", "path": "/entities/c52f790f2297e072", "value": {"parent": "32ec912707ef891b", "name": "RainKillBox For Room Include for Room_200_Barn_Main_Room (46424)", "template": "[assembly:/_pro/effects/templates/liquid/fx_liquid.template?/rainkillbox.entitytemplate].pc_entitytype", "blueprint": "[assembly:/_pro/effects/templates/liquid/fx_liquid.template?/rainkillbox.entitytemplate].pc_entityblueprint", "properties": {"m_mTransform": {"type": "SMatrix43", "value": {"rotation": {"x": -90.0, "y": -90.0, "z": 0.0}, "position": {"x": 8.90125, "y": 99.9833, "z": 23.6051}}}, "m_vGlobalSize": {"type": "SVector3", "value": {"x": 33.8572998047, "y": 7.3874101639, "z": 4.2203598022}}, "m_eidParent": {"type": "SEntityTemplateReference", "value": "fffffffffffffffe"}}, "postInitProperties": {}, "editorOnly": false, "platformSpecificPropertyValues": []}}, {"op": "add", "path": "/entities/c921eff00ee6a61e", "value": {"parent": "32ec912707ef891b", "name": "RainKillBox For Room_302_Courtyard_Tractor_Storage", "template": "[assembly:/_pro/effects/templates/liquid/fx_liquid.template?/rainkillbox.entitytemplate].pc_entitytype", "blueprint": "[assembly:/_pro/effects/templates/liquid/fx_liquid.template?/rainkillbox.entitytemplate].pc_entityblueprint", "properties": {"m_mTransform": {"type": "SMatrix43", "value": {"rotation": {"x": -0.0, "y": 0.0, "z": -0.0}, "position": {"x": 31.0738391876, "y": 76.2921600342, "z": 12.9941596985}}}, "m_vGlobalSize": {"type": "SVector3", "value": {"x": 16.7791101933, "y": 9.7420301437, "z": 4.9801258743}}, "m_eidParent": {"type": "SEntityTemplateReference", "value": "fffffffffffffffe"}}, "postInitProperties": {}, "editorOnly": false, "platformSpecificPropertyValues": []}}, {"op": "add", "path": "/entities/56664bb06dc88ad4", "value": {"parent": "32ec912707ef891b", "name": "RainKillBox For Room Include for Room_200_Barn_Main_Room (46424)", "template": "[assembly:/_pro/effects/templates/liquid/fx_liquid.template?/rainkillbox.entitytemplate].pc_entitytype", "blueprint": "[assembly:/_pro/effects/templates/liquid/fx_liquid.template?/rainkillbox.entitytemplate].pc_entityblueprint", "properties": {"m_mTransform": {"type": "SMatrix43", "value": {"rotation": {"x": -90.0, "y": 90.0, "z": 0.0}, "position": {"x": 21.3253, "y": 99.9374, "z": 16.8591}}}, "m_vGlobalSize": {"type": "SVector3", "value": {"x": 33.8796005249, "y": 5.2062401772, "z": 1.7403899431}}, "m_eidParent": {"type": "SEntityTemplateReference", "value": "fffffffffffffffe"}}, "postInitProperties": {}, "editorOnly": false, "platformSpecificPropertyValues": []}}, {"op": "add", "path": "/entities/5a6b1d5b7a71f5df", "value": {"parent": "32ec912707ef891b", "name": "RainKillBox For Room_304_Courtyard_Barn_Workshop_A", "template": "[assembly:/_pro/effects/templates/liquid/fx_liquid.template?/rainkillbox.entitytemplate].pc_entitytype", "blueprint": "[assembly:/_pro/effects/templates/liquid/fx_liquid.template?/rainkillbox.entitytemplate].pc_entityblueprint", "properties": {"m_mTransform": {"type": "SMatrix43", "value": {"rotation": {"x": -0.0, "y": 0.0, "z": -0.0}, "position": {"x": 13.3029603958, "y": 44.8559112549, "z": 12.8845996857}}}, "m_vGlobalSize": {"type": "SVector3", "value": {"x": 14.8107999563, "y": 8.9890198707, "z": 4.3176598549}}, "m_eidParent": {"type": "SEntityTemplateReference", "value": "fffffffffffffffe"}}, "postInitProperties": {}, "editorOnly": false, "platformSpecificPropertyValues": []}}, {"op": "add", "path": "/entities/945bb3d586961fd8", "value": {"parent": "32ec912707ef891b", "name": "RainKillBox For Room Include for Room_113_floorGround_Dining (49342)", "template": "[assembly:/_pro/effects/templates/liquid/fx_liquid.template?/rainkillbox.entitytemplate].pc_entitytype", "blueprint": "[assembly:/_pro/effects/templates/liquid/fx_liquid.template?/rainkillbox.entitytemplate].pc_entityblueprint", "properties": {"m_mTransform": {"type": "SMatrix43", "value": {"rotation": {"x": -0.0, "y": 0.0, "z": 38.934963238888585}, "position": {"x": -62.2622, "y": 101.351, "z": 17.3676}}}, "m_vGlobalSize": {"type": "SVector3", "value": {"x": 5.1718797684, "y": 2.3686800003, "z": 3.5113899708}}, "m_eidParent": {"type": "SEntityTemplateReference", "value": "fffffffffffffffe"}}, "postInitProperties": {}, "editorOnly": false, "platformSpecificPropertyValues": []}}, {"op": "add", "path": "/entities/bf4babb8442f81e5", "value": {"parent": "32ec912707ef891b", "name": "RainKillBox For 500_Room_Hay_Storage", "template": "[assembly:/_pro/effects/templates/liquid/fx_liquid.template?/rainkillbox.entitytemplate].pc_entitytype", "blueprint": "[assembly:/_pro/effects/templates/liquid/fx_liquid.template?/rainkillbox.entitytemplate].pc_entityblueprint", "properties": {"m_mTransform": {"type": "SMatrix43", "value": {"rotation": {"x": -0.0, "y": 0.0, "z": -2.9994861687282603}, "position": {"x": 52.1780891418, "y": 15.3461503983, "z": 15.8146495819}}}, "m_vGlobalSize": {"type": "SVector3", "value": {"x": 7.427729845, "y": 19.8532400131, "z": 6.4077601433}}, "m_eidParent": {"type": "SEntityTemplateReference", "value": "fffffffffffffffe"}}, "postInitProperties": {}, "editorOnly": false, "platformSpecificPropertyValues": []}}, {"op": "add", "path": "/entities/45a01a5767973568", "value": {"parent": "32ec912707ef891b", "name": "RainKillBox For Room_102_basement_Small", "template": "[assembly:/_pro/effects/templates/liquid/fx_liquid.template?/rainkillbox.entitytemplate].pc_entitytype", "blueprint": "[assembly:/_pro/effects/templates/liquid/fx_liquid.template?/rainkillbox.entitytemplate].pc_entityblueprint", "properties": {"m_mTransform": {"type": "SMatrix43", "value": {"rotation": {"x": -0.0, "y": 0.0, "z": 39.99995278631442}, "position": {"x": -66.8089523315, "y": 99.6497879028, "z": 10.0956401825}}}, "m_vGlobalSize": {"type": "SVector3", "value": {"x": 11.962360382, "y": 12.718599319500001, "z": 3.2448700666000003}}, "m_eidParent": {"type": "SEntityTemplateReference", "value": "fffffffffffffffe"}}, "postInitProperties": {}, "editorOnly": false, "platformSpecificPropertyValues": []}}, {"op": "add", "path": "/entities/02e47d3ec216e156", "value": {"parent": "32ec912707ef891b", "name": "RainKillBox For Room Include for Room_306_Courtyard_Building_B (55951)", "template": "[assembly:/_pro/effects/templates/liquid/fx_liquid.template?/rainkillbox.entitytemplate].pc_entitytype", "blueprint": "[assembly:/_pro/effects/templates/liquid/fx_liquid.template?/rainkillbox.entitytemplate].pc_entityblueprint", "properties": {"m_mTransform": {"type": "SMatrix43", "value": {"rotation": {"x": -89.99973666277445, "y": 90.0, "z": 0.0}, "position": {"x": 53.1584, "y": 67.0049, "z": 17.0962}}}, "m_vGlobalSize": {"type": "SVector3", "value": {"x": 6.7460398674, "y": 4.1591701508, "z": 1.9062000513}}, "m_eidParent": {"type": "SEntityTemplateReference", "value": "fffffffffffffffe"}}, "postInitProperties": {}, "editorOnly": false, "platformSpecificPropertyValues": []}}, {"op": "add", "path": "/entities/65538cc6212e898c", "value": {"parent": "32ec912707ef891b", "name": "RainKillBox For Room Include for Room_115_floorGround_Grand (38432)", "template": "[assembly:/_pro/effects/templates/liquid/fx_liquid.template?/rainkillbox.entitytemplate].pc_entitytype", "blueprint": "[assembly:/_pro/effects/templates/liquid/fx_liquid.template?/rainkillbox.entitytemplate].pc_entityblueprint", "properties": {"m_mTransform": {"type": "SMatrix43", "value": {"rotation": {"x": -0.0, "y": 0.0, "z": 38.934676946064535}, "position": {"x": -74.6497, "y": 91.9828, "z": 17.399}}}, "m_vGlobalSize": {"type": "SVector3", "value": {"x": 5.5490698814, "y": 1.9034999609, "z": 3.4236900806}}, "m_eidParent": {"type": "SEntityTemplateReference", "value": "fffffffffffffffe"}}, "postInitProperties": {}, "editorOnly": false, "platformSpecificPropertyValues": []}}, {"op": "add", "path": "/entities/6714b890149584bd", "value": {"parent": "32ec912707ef891b", "name": "RainKillBox For Room Include for Room_307_Courtyard_Building_B (50302)", "template": "[assembly:/_pro/effects/templates/liquid/fx_liquid.template?/rainkillbox.entitytemplate].pc_entitytype", "blueprint": "[assembly:/_pro/effects/templates/liquid/fx_liquid.template?/rainkillbox.entitytemplate].pc_entityblueprint", "properties": {"m_mTransform": {"type": "SMatrix43", "value": {"rotation": {"x": -89.99973666277445, "y": 90.0, "z": 0.0}, "position": {"x": 53.2859, "y": 60.0959, "z": 16.9013}}}, "m_vGlobalSize": {"type": "SVector3", "value": {"x": 7.0539598465, "y": 4.1591701508, "z": 1.9062000513}}, "m_eidParent": {"type": "SEntityTemplateReference", "value": "fffffffffffffffe"}}, "postInitProperties": {}, "editorOnly": false, "platformSpecificPropertyValues": []}}, {"op": "add", "path": "/entities/5209af1671c659e0", "value": {"parent": "32ec912707ef891b", "name": "RainKillBox For Room_120_floorGround_Bathroom", "template": "[assembly:/_pro/effects/templates/liquid/fx_liquid.template?/rainkillbox.entitytemplate].pc_entitytype", "blueprint": "[assembly:/_pro/effects/templates/liquid/fx_liquid.template?/rainkillbox.entitytemplate].pc_entityblueprint", "properties": {"m_mTransform": {"type": "SMatrix43", "value": {"rotation": {"x": -0.0, "y": 0.0, "z": 39.99995278631442}, "position": {"x": -66.8089523315, "y": 99.6497879028, "z": 10.0956401825}}}, "m_vGlobalSize": {"type": "SVector3", "value": {"x": 7.0449101925, "y": 4.525699615499999, "z": 3.3162999152999992}}, "m_eidParent": {"type": "SEntityTemplateReference", "value": "fffffffffffffffe"}}, "postInitProperties": {}, "editorOnly": false, "platformSpecificPropertyValues": []}}, {"op": "add", "path": "/entities/a18cfc1382b6b1db", "value": {"parent": "32ec912707ef891b", "name": "RainKillBox For Room_110_Small_PreStairs", "template": "[assembly:/_pro/effects/templates/liquid/fx_liquid.template?/rainkillbox.entitytemplate].pc_entitytype", "blueprint": "[assembly:/_pro/effects/templates/liquid/fx_liquid.template?/rainkillbox.entitytemplate].pc_entityblueprint", "properties": {"m_mTransform": {"type": "SMatrix43", "value": {"rotation": {"x": -0.0, "y": 0.0, "z": 40.000032802231125}, "position": {"x": -76.9181518555, "y": 102.9115982056, "z": 17.0556907654}}}, "m_vGlobalSize": {"type": "SVector3", "value": {"x": 4.0634299516, "y": 2.2896609903, "z": 3.3529400825}}, "m_eidParent": {"type": "SEntityTemplateReference", "value": "fffffffffffffffe"}}, "postInitProperties": {}, "editorOnly": false, "platformSpecificPropertyValues": []}}, {"op": "add", "path": "/entities/00d4a4135d405964", "value": {"parent": "32ec912707ef891b", "name": "RainKillBox For Room_400_Fruit_Packing_Shed", "template": "[assembly:/_pro/effects/templates/liquid/fx_liquid.template?/rainkillbox.entitytemplate].pc_entitytype", "blueprint": "[assembly:/_pro/effects/templates/liquid/fx_liquid.template?/rainkillbox.entitytemplate].pc_entityblueprint", "properties": {"m_mTransform": {"type": "SMatrix43", "value": {"rotation": {"x": -0.0, "y": 0.0, "z": -5.574329645002486}, "position": {"x": -47.5445594788, "y": 15.9860401154, "z": 16.3632602692}}}, "m_vGlobalSize": {"type": "SVector3", "value": {"x": 14.3876004219, "y": 7.7153596878, "z": 4.7344501018}}, "m_eidParent": {"type": "SEntityTemplateReference", "value": "fffffffffffffffe"}}, "postInitProperties": {}, "editorOnly": false, "platformSpecificPropertyValues": []}}, {"op": "add", "path": "/entities/d47ef5b133bf1b3b", "value": {"parent": "32ec912707ef891b", "name": "RainKillBox For Room Include for Room_300_Courtyard_Building_A (49142)", "template": "[assembly:/_pro/effects/templates/liquid/fx_liquid.template?/rainkillbox.entitytemplate].pc_entitytype", "blueprint": "[assembly:/_pro/effects/templates/liquid/fx_liquid.template?/rainkillbox.entitytemplate].pc_entityblueprint", "properties": {"m_mTransform": {"type": "SMatrix43", "value": {"rotation": {"x": 34.614372893979684, "y": 0.0, "z": -180.0}, "position": {"x": 42.5779, "y": 44.9434, "z": 15.8989}}}, "m_vGlobalSize": {"type": "SVector3", "value": {"x": 10.8720998764, "y": 4.5250201225, "z": 4.2209401131}}, "m_eidParent": {"type": "SEntityTemplateReference", "value": "fffffffffffffffe"}}, "postInitProperties": {}, "editorOnly": false, "platformSpecificPropertyValues": []}}, {"op": "add", "path": "/entities/01a87ed650eb7857", "value": {"parent": "32ec912707ef891b", "name": "RainKillBox For Room Include for Room_200_Barn_Main_Room (46424)", "template": "[assembly:/_pro/effects/templates/liquid/fx_liquid.template?/rainkillbox.entitytemplate].pc_entitytype", "blueprint": "[assembly:/_pro/effects/templates/liquid/fx_liquid.template?/rainkillbox.entitytemplate].pc_entityblueprint", "properties": {"m_mTransform": {"type": "SMatrix43", "value": {"rotation": {"x": -0.0, "y": 0.0, "z": -0.0}, "position": {"x": 11.0302, "y": 111.381, "z": 20.8492}}}, "m_vGlobalSize": {"type": "SVector3", "value": {"x": 12.828499794, "y": 10.9884004593, "z": 5.1939101219}}, "m_eidParent": {"type": "SEntityTemplateReference", "value": "fffffffffffffffe"}}, "postInitProperties": {}, "editorOnly": false, "platformSpecificPropertyValues": []}}, {"op": "add", "path": "/entities/ffb7bfbaca7c89b0", "value": {"parent": "32ec912707ef891b", "name": "RainKillBox For Room Include for Room_307_Courtyard_Building_B (50302)", "template": "[assembly:/_pro/effects/templates/liquid/fx_liquid.template?/rainkillbox.entitytemplate].pc_entitytype", "blueprint": "[assembly:/_pro/effects/templates/liquid/fx_liquid.template?/rainkillbox.entitytemplate].pc_entityblueprint", "properties": {"m_mTransform": {"type": "SMatrix43", "value": {"rotation": {"x": -0.0, "y": 0.0, "z": -89.99994270422049}, "position": {"x": 51.8961, "y": 60.0959, "z": 16.9455}}}, "m_vGlobalSize": {"type": "SVector3", "value": {"x": 7.0539598465, "y": 7.5894198418, "z": 1.9062000513}}, "m_eidParent": {"type": "SEntityTemplateReference", "value": "fffffffffffffffe"}}, "postInitProperties": {}, "editorOnly": false, "platformSpecificPropertyValues": []}}, {"op": "add", "path": "/entities/eb441a52301ddd11", "value": {"parent": "32ec912707ef891b", "name": "RainKillBox For Room_103_floor first_Bathroom", "template": "[assembly:/_pro/effects/templates/liquid/fx_liquid.template?/rainkillbox.entitytemplate].pc_entitytype", "blueprint": "[assembly:/_pro/effects/templates/liquid/fx_liquid.template?/rainkillbox.entitytemplate].pc_entityblueprint", "properties": {"m_mTransform": {"type": "SMatrix43", "value": {"rotation": {"x": -0.0, "y": 0.0, "z": 39.99995278631441}, "position": {"x": -66.8089523315, "y": 99.6497879028, "z": 10.0956401825}}}, "m_vGlobalSize": {"type": "SVector3", "value": {"x": 6.8084797859, "y": 5.2288398743, "z": 3.3552598952999997}}, "m_eidParent": {"type": "SEntityTemplateReference", "value": "fffffffffffffffe"}}, "postInitProperties": {}, "editorOnly": false, "platformSpecificPropertyValues": []}}, {"op": "add", "path": "/entities/32ec912707ef891b", "value": {"parent": "fffffffffffffffe", "name": "Rain Effects", "template": "[modules:/zentity.class].pc_entitytype", "blueprint": "[modules:/zentity.class].pc_entityblueprint", "properties": {}, "postInitProperties": {}, "editorOnly": false, "platformSpecificPropertyValues": [], "propertyAliases": []}}, {"op": "add", "path": "/entities/432fd55df0d6a258", "value": {"parent": "32ec912707ef891b", "name": "RainKillBox For Room_114_floorGround_Family", "template": "[assembly:/_pro/effects/templates/liquid/fx_liquid.template?/rainkillbox.entitytemplate].pc_entitytype", "blueprint": "[assembly:/_pro/effects/templates/liquid/fx_liquid.template?/rainkillbox.entitytemplate].pc_entityblueprint", "properties": {"m_mTransform": {"type": "SMatrix43", "value": {"rotation": {"x": -0.0, "y": 0.0, "z": 39.99995278631441}, "position": {"x": -66.8089523315, "y": 99.6497879028, "z": 10.0956401825}}}, "m_vGlobalSize": {"type": "SVector3", "value": {"x": 10.4116799831, "y": 8.718009948699999, "z": 3.3162999152999992}}, "m_eidParent": {"type": "SEntityTemplateReference", "value": "fffffffffffffffe"}}, "postInitProperties": {}, "editorOnly": false, "platformSpecificPropertyValues": []}}, {"op": "add", "path": "/entities/5f3943260a28fa04", "value": {"parent": "32ec912707ef891b", "name": "RainKillBox For Room Include for Room_300_Courtyard_Building_A (49142)", "template": "[assembly:/_pro/effects/templates/liquid/fx_liquid.template?/rainkillbox.entitytemplate].pc_entitytype", "blueprint": "[assembly:/_pro/effects/templates/liquid/fx_liquid.template?/rainkillbox.entitytemplate].pc_entityblueprint", "properties": {"m_mTransform": {"type": "SMatrix43", "value": {"rotation": {"x": -34.61416073757714, "y": 0.0, "z": -0.0}, "position": {"x": 42.5779, "y": 46.3965, "z": 15.8989}}}, "m_vGlobalSize": {"type": "SVector3", "value": {"x": 10.8720998764, "y": 4.5250201225, "z": 4.2209401131}}, "m_eidParent": {"type": "SEntityTemplateReference", "value": "fffffffffffffffe"}}, "postInitProperties": {}, "editorOnly": false, "platformSpecificPropertyValues": []}}, {"op": "add", "path": "/entities/c3d3fb88ffe51fa3", "value": {"parent": "32ec912707ef891b", "name": "RainKillBox For Room Include for Room_113_floorGround_Dining (49342)", "template": "[assembly:/_pro/effects/templates/liquid/fx_liquid.template?/rainkillbox.entitytemplate].pc_entitytype", "blueprint": "[assembly:/_pro/effects/templates/liquid/fx_liquid.template?/rainkillbox.entitytemplate].pc_entityblueprint", "properties": {"m_mTransform": {"type": "SMatrix43", "value": {"rotation": {"x": -0.0, "y": 0.0, "z": -5.1726821108738426}, "position": {"x": -62.3647, "y": 99.6848, "z": 17.4662}}}, "m_vGlobalSize": {"type": "SVector3", "value": {"x": 2.1371700764, "y": 1.9784699678, "z": 3.3140599728}}, "m_eidParent": {"type": "SEntityTemplateReference", "value": "fffffffffffffffe"}}, "postInitProperties": {}, "editorOnly": false, "platformSpecificPropertyValues": []}}, {"op": "add", "path": "/entities/587d6892ce80353e", "value": {"parent": "32ec912707ef891b", "name": "RainKillBox For Room Include for Room_200_Barn_Main_Room (46424)", "template": "[assembly:/_pro/effects/templates/liquid/fx_liquid.template?/rainkillbox.entitytemplate].pc_entitytype", "blueprint": "[assembly:/_pro/effects/templates/liquid/fx_liquid.template?/rainkillbox.entitytemplate].pc_entityblueprint", "properties": {"m_mTransform": {"type": "SMatrix43", "value": {"rotation": {"x": -0.0, "y": 0.0, "z": -0.0}, "position": {"x": 21.3175, "y": 99.8942, "z": 14.8043}}}, "m_vGlobalSize": {"type": "SVector3", "value": {"x": 5.3680200577, "y": 33.7588996887, "z": 4.2437500954}}, "m_eidParent": {"type": "SEntityTemplateReference", "value": "fffffffffffffffe"}}, "postInitProperties": {}, "editorOnly": false, "platformSpecificPropertyValues": []}}, {"op": "add", "path": "/entities/4a449a2812aec68a", "value": {"parent": "32ec912707ef891b", "name": "RainKillBox For Room Include for Room_113_floorGround_Dining (49342)", "template": "[assembly:/_pro/effects/templates/liquid/fx_liquid.template?/rainkillbox.entitytemplate].pc_entitytype", "blueprint": "[assembly:/_pro/effects/templates/liquid/fx_liquid.template?/rainkillbox.entitytemplate].pc_entityblueprint", "properties": {"m_mTransform": {"type": "SMatrix43", "value": {"rotation": {"x": -0.0, "y": 0.0, "z": 38.93467694606454}, "position": {"x": -61.0204, "y": 100.154, "z": 17.3676}}}, "m_vGlobalSize": {"type": "SVector3", "value": {"x": 2.6978099346, "y": 1.7818800211, "z": 3.5113899708}}, "m_eidParent": {"type": "SEntityTemplateReference", "value": "fffffffffffffffe"}}, "postInitProperties": {}, "editorOnly": false, "platformSpecificPropertyValues": []}}, {"op": "add", "path": "/entities/2ce43e19fed8646c", "value": {"parent": "32ec912707ef891b", "name": "RainKillBox For Room Include for Room_102_basement_Small (40712)", "template": "[assembly:/_pro/effects/templates/liquid/fx_liquid.template?/rainkillbox.entitytemplate].pc_entitytype", "blueprint": "[assembly:/_pro/effects/templates/liquid/fx_liquid.template?/rainkillbox.entitytemplate].pc_entityblueprint", "properties": {"m_mTransform": {"type": "SMatrix43", "value": {"rotation": {"x": -0.0, "y": 0.0, "z": 39.99995273079982}, "position": {"x": -75.767, "y": 115.366, "z": 14.949}}}, "m_vGlobalSize": {"type": "SVector3", "value": {"x": 1.3265000582, "y": 1.5135999918, "z": 0.3599399924}}, "m_eidParent": {"type": "SEntityTemplateReference", "value": "fffffffffffffffe"}}, "postInitProperties": {}, "editorOnly": false, "platformSpecificPropertyValues": []}}, {"op": "add", "path": "/entities/9954d188b8b343d3", "value": {"parent": "32ec912707ef891b", "name": "RainKillBox For Room Include for Room_111_floor first_MainHallBack (47997)", "template": "[assembly:/_pro/effects/templates/liquid/fx_liquid.template?/rainkillbox.entitytemplate].pc_entitytype", "blueprint": "[assembly:/_pro/effects/templates/liquid/fx_liquid.template?/rainkillbox.entitytemplate].pc_entityblueprint", "properties": {"m_mTransform": {"type": "SMatrix43", "value": {"rotation": {"x": -0.0, "y": 0.0, "z": 39.99995273079982}, "position": {"x": -80.9221, "y": 112.557, "z": 21.0757}}}, "m_vGlobalSize": {"type": "SVector3", "value": {"x": 8.3649902344, "y": 2.062319994, "z": 3.5988399982}}, "m_eidParent": {"type": "SEntityTemplateReference", "value": "fffffffffffffffe"}}, "postInitProperties": {}, "editorOnly": false, "platformSpecificPropertyValues": []}}, {"op": "add", "path": "/entities/ef5c2c8c715784a7", "value": {"parent": "32ec912707ef891b", "name": "RainKillBox For Room Include for Room_200_Barn_Main_Room (46424)", "template": "[assembly:/_pro/effects/templates/liquid/fx_liquid.template?/rainkillbox.entitytemplate].pc_entitytype", "blueprint": "[assembly:/_pro/effects/templates/liquid/fx_liquid.template?/rainkillbox.entitytemplate].pc_entityblueprint", "properties": {"m_mTransform": {"type": "SMatrix43", "value": {"rotation": {"x": -90.0, "y": -90.0, "z": 0.0}, "position": {"x": 5.54897, "y": 99.9921, "z": 20.2645}}}, "m_vGlobalSize": {"type": "SVector3", "value": {"x": 33.8844985962, "y": 5.2241802216, "z": 3.6048998833}}, "m_eidParent": {"type": "SEntityTemplateReference", "value": "fffffffffffffffe"}}, "postInitProperties": {}, "editorOnly": false, "platformSpecificPropertyValues": []}}, {"op": "add", "path": "/entities/b9e4ab958379dbbd", "value": {"parent": "32ec912707ef891b", "name": "RainKillBox For Room Include for Room_200_Barn_Main_Room (46424)", "template": "[assembly:/_pro/effects/templates/liquid/fx_liquid.template?/rainkillbox.entitytemplate].pc_entitytype", "blueprint": "[assembly:/_pro/effects/templates/liquid/fx_liquid.template?/rainkillbox.entitytemplate].pc_entityblueprint", "properties": {"m_mTransform": {"type": "SMatrix43", "value": {"rotation": {"x": -0.0, "y": 0.0, "z": -0.0}, "position": {"x": 11.0302, "y": 91.2987, "z": 20.8492}}}, "m_vGlobalSize": {"type": "SVector3", "value": {"x": 12.828499794, "y": 16.567899704, "z": 5.1939101219}}, "m_eidParent": {"type": "SEntityTemplateReference", "value": "fffffffffffffffe"}}, "postInitProperties": {}, "editorOnly": false, "platformSpecificPropertyValues": []}}, {"op": "add", "path": "/entities/947b2b75e19cdabb", "value": {"parent": "32ec912707ef891b", "name": "RainKillBox For Room Include for Room_111_floor first_MainHallBack (47997)", "template": "[assembly:/_pro/effects/templates/liquid/fx_liquid.template?/rainkillbox.entitytemplate].pc_entitytype", "blueprint": "[assembly:/_pro/effects/templates/liquid/fx_liquid.template?/rainkillbox.entitytemplate].pc_entityblueprint", "properties": {"m_mTransform": {"type": "SMatrix43", "value": {"rotation": {"x": -0.0, "y": 0.0, "z": 85.26098558021609}, "position": {"x": -84.1281, "y": 109.457, "z": 21.0802}}}, "m_vGlobalSize": {"type": "SVector3", "value": {"x": 2.0853900909, "y": 1.8144999743, "z": 3.5898799896}}, "m_eidParent": {"type": "SEntityTemplateReference", "value": "fffffffffffffffe"}}, "postInitProperties": {}, "editorOnly": false, "platformSpecificPropertyValues": []}}, {"op": "add", "path": "/entities/32d4d6bb03c97f65", "value": {"parent": "32ec912707ef891b", "name": "RainKillBox For Room_124_basement_StrongRoom", "template": "[assembly:/_pro/effects/templates/liquid/fx_liquid.template?/rainkillbox.entitytemplate].pc_entitytype", "blueprint": "[assembly:/_pro/effects/templates/liquid/fx_liquid.template?/rainkillbox.entitytemplate].pc_entityblueprint", "properties": {"m_mTransform": {"type": "SMatrix43", "value": {"rotation": {"x": -0.0, "y": 0.0, "z": 39.99995278631442}, "position": {"x": -66.8089523315, "y": 99.6497879028, "z": 10.0956401825}}}, "m_vGlobalSize": {"type": "SVector3", "value": {"x": 7.2082004547, "y": 4.515699386599998, "z": 2.5052900315}}, "m_eidParent": {"type": "SEntityTemplateReference", "value": "fffffffffffffffe"}}, "postInitProperties": {}, "editorOnly": false, "platformSpecificPropertyValues": []}}, {"op": "add", "path": "/entities/870b4bed6b684b6a", "value": {"parent": "32ec912707ef891b", "name": "RainKillBox For Room Include for Room_200_Barn_Main_Room (46424)", "template": "[assembly:/_pro/effects/templates/liquid/fx_liquid.template?/rainkillbox.entitytemplate].pc_entitytype", "blueprint": "[assembly:/_pro/effects/templates/liquid/fx_liquid.template?/rainkillbox.entitytemplate].pc_entityblueprint", "properties": {"m_mTransform": {"type": "SMatrix43", "value": {"rotation": {"x": -0.0, "y": 0.0, "z": -0.0}, "position": {"x": 10.9119, "y": 102.755, "z": 20.8492}}}, "m_vGlobalSize": {"type": "SVector3", "value": {"x": 12.5918998718, "y": 6.9432501793, "z": 5.1939101219}}, "m_eidParent": {"type": "SEntityTemplateReference", "value": "fffffffffffffffe"}}, "postInitProperties": {}, "editorOnly": false, "platformSpecificPropertyValues": []}}, {"op": "add", "path": "/entities/2e9aab1b9fd7d526", "value": {"parent": "32ec912707ef891b", "name": "RainKillBox For Room_200_Barn_Main_Room", "template": "[assembly:/_pro/effects/templates/liquid/fx_liquid.template?/rainkillbox.entitytemplate].pc_entitytype", "blueprint": "[assembly:/_pro/effects/templates/liquid/fx_liquid.template?/rainkillbox.entitytemplate].pc_entityblueprint", "properties": {"m_mTransform": {"type": "SMatrix43", "value": {"rotation": {"x": -0.0, "y": 0.0, "z": -0.0}, "position": {"x": 10.3332395554, "y": 80.2400894165, "z": 12.4268302917}}}, "m_vGlobalSize": {"type": "SVector3", "value": {"x": 16.0460600853, "y": 33.8321995736, "z": 5.6932907998}}, "m_eidParent": {"type": "SEntityTemplateReference", "value": "fffffffffffffffe"}}, "postInitProperties": {}, "editorOnly": false, "platformSpecificPropertyValues": []}}, {"op": "add", "path": "/entities/a7fc189f69ccb9c2", "value": {"parent": "32ec912707ef891b", "name": "RainKillBox For Room_305_Courtyard_Building_B", "template": "[assembly:/_pro/effects/templates/liquid/fx_liquid.template?/rainkillbox.entitytemplate].pc_entitytype", "blueprint": "[assembly:/_pro/effects/templates/liquid/fx_liquid.template?/rainkillbox.entitytemplate].pc_entityblueprint", "properties": {"m_mTransform": {"type": "SMatrix43", "value": {"rotation": {"x": -0.0, "y": 0.0, "z": -0.0}, "position": {"x": 52.462638855, "y": 53.0103416443, "z": 13.8171596527}}}, "m_vGlobalSize": {"type": "SVector3", "value": {"x": 7.724590063100001, "y": 7.0579600335, "z": 3.6471749543999996}}, "m_eidParent": {"type": "SEntityTemplateReference", "value": "fffffffffffffffe"}}, "postInitProperties": {}, "editorOnly": false, "platformSpecificPropertyValues": []}}, {"op": "add", "path": "/entities/b911341aae6de42f", "value": {"parent": "32ec912707ef891b", "name": "RainKillBox For Room Include for Room_400_Fruit_Packing_Shed (39942)", "template": "[assembly:/_pro/effects/templates/liquid/fx_liquid.template?/rainkillbox.entitytemplate].pc_entitytype", "blueprint": "[assembly:/_pro/effects/templates/liquid/fx_liquid.template?/rainkillbox.entitytemplate].pc_entityblueprint", "properties": {"m_mTransform": {"type": "SMatrix43", "value": {"rotation": {"x": -0.0, "y": 0.0, "z": -5.851987276166407}, "position": {"x": -47.8542, "y": 17.0219, "z": 18.2956}}}, "m_vGlobalSize": {"type": "SVector3", "value": {"x": 4.2073698044, "y": 2.0919599533, "z": 1.2577199936}}, "m_eidParent": {"type": "SEntityTemplateReference", "value": "fffffffffffffffe"}}, "postInitProperties": {}, "editorOnly": false, "platformSpecificPropertyValues": []}}, {"op": "add", "path": "/entities/f0475fc54199c644", "value": {"parent": "32ec912707ef891b", "name": "RainKillBox For 700_Room_Garage", "template": "[assembly:/_pro/effects/templates/liquid/fx_liquid.template?/rainkillbox.entitytemplate].pc_entitytype", "blueprint": "[assembly:/_pro/effects/templates/liquid/fx_liquid.template?/rainkillbox.entitytemplate].pc_entityblueprint", "properties": {"m_mTransform": {"type": "SMatrix43", "value": {"rotation": {"x": -0.0, "y": 0.0, "z": 43.220735357383006}, "position": {"x": -41.158039093, "y": 120.172203064, "z": 10.9296197891}}}, "m_vGlobalSize": {"type": "SVector3", "value": {"x": 6.6241998672, "y": 9.8914203643, "z": 3.6953699589}}, "m_eidParent": {"type": "SEntityTemplateReference", "value": "fffffffffffffffe"}}, "postInitProperties": {}, "editorOnly": false, "platformSpecificPropertyValues": []}}, {"op": "add", "path": "/entities/77ee0934ea2ddef4", "value": {"parent": "32ec912707ef891b", "name": "RainKillBox For Room_121_floorGround_Den", "template": "[assembly:/_pro/effects/templates/liquid/fx_liquid.template?/rainkillbox.entitytemplate].pc_entitytype", "blueprint": "[assembly:/_pro/effects/templates/liquid/fx_liquid.template?/rainkillbox.entitytemplate].pc_entityblueprint", "properties": {"m_mTransform": {"type": "SMatrix43", "value": {"rotation": {"x": -0.0, "y": 0.0, "z": 39.99995278631442}, "position": {"x": -66.813659668, "y": 99.6497879028, "z": 10.0991802216}}}, "m_vGlobalSize": {"type": "SVector3", "value": {"x": 8.448609352100002, "y": 6.6988000869, "z": 3.3162999152999992}}, "m_eidParent": {"type": "SEntityTemplateReference", "value": "fffffffffffffffe"}}, "postInitProperties": {}, "editorOnly": false, "platformSpecificPropertyValues": []}}, {"op": "add", "path": "/entities/079f86b04b96f8a7", "value": {"parent": "32ec912707ef891b", "name": "RainKillBox For Room Include for Room_104_floor first_Bedroom (34914)", "template": "[assembly:/_pro/effects/templates/liquid/fx_liquid.template?/rainkillbox.entitytemplate].pc_entitytype", "blueprint": "[assembly:/_pro/effects/templates/liquid/fx_liquid.template?/rainkillbox.entitytemplate].pc_entityblueprint", "properties": {"m_mTransform": {"type": "SMatrix43", "value": {"rotation": {"x": -0.0, "y": 0.0, "z": 38.93467694606454}, "position": {"x": -73.4705, "y": 90.734, "z": 21.0584}}}, "m_vGlobalSize": {"type": "SVector3", "value": {"x": 2.6978099346, "y": 1.7603700161, "z": 3.768529892}}, "m_eidParent": {"type": "SEntityTemplateReference", "value": "fffffffffffffffe"}}, "postInitProperties": {}, "editorOnly": false, "platformSpecificPropertyValues": []}}, {"op": "add", "path": "/entities/f9618bb03b483674", "value": {"parent": "32ec912707ef891b", "name": "RainKillBox For Room Include for 500_Room_Hay_Storage (34821)", "template": "[assembly:/_pro/effects/templates/liquid/fx_liquid.template?/rainkillbox.entitytemplate].pc_entitytype", "blueprint": "[assembly:/_pro/effects/templates/liquid/fx_liquid.template?/rainkillbox.entitytemplate].pc_entityblueprint", "properties": {"m_mTransform": {"type": "SMatrix43", "value": {"rotation": {"x": -70.55190841253393, "y": -90.0, "z": 0.0}, "position": {"x": 49.8489, "y": 15.3994, "z": 18.5594}}}, "m_vGlobalSize": {"type": "SVector3", "value": {"x": 19.9661006927, "y": 4.1065001488, "z": 1.9567799568}}, "m_eidParent": {"type": "SEntityTemplateReference", "value": "fffffffffffffffe"}}, "postInitProperties": {}, "editorOnly": false, "platformSpecificPropertyValues": []}}, {"op": "add", "path": "/entities/8261ad2b609455c4", "value": {"parent": "32ec912707ef891b", "name": "RainKillBox For Room Include for Room_304_Courtyard_Barn_Workshop_A (38414)", "template": "[assembly:/_pro/effects/templates/liquid/fx_liquid.template?/rainkillbox.entitytemplate].pc_entitytype", "blueprint": "[assembly:/_pro/effects/templates/liquid/fx_liquid.template?/rainkillbox.entitytemplate].pc_entityblueprint", "properties": {"m_mTransform": {"type": "SMatrix43", "value": {"rotation": {"x": -62.51916319201514, "y": 0.0, "z": -0.0}, "position": {"x": 18.9071, "y": 47.8211, "z": 18.0526}}}, "m_vGlobalSize": {"type": "SVector3", "value": {"x": 14.8788995743, "y": 6.4710597992, "z": 2.8215200901}}, "m_eidParent": {"type": "SEntityTemplateReference", "value": "fffffffffffffffe"}}, "postInitProperties": {}, "editorOnly": false, "platformSpecificPropertyValues": []}}, {"op": "add", "path": "/entities/b0952f86a1fe2130", "value": {"parent": "32ec912707ef891b", "name": "RainKillBox For Room Include for Room_113_floorGround_Dining (49342)", "template": "[assembly:/_pro/effects/templates/liquid/fx_liquid.template?/rainkillbox.entitytemplate].pc_entitytype", "blueprint": "[assembly:/_pro/effects/templates/liquid/fx_liquid.template?/rainkillbox.entitytemplate].pc_entityblueprint", "properties": {"m_mTransform": {"type": "SMatrix43", "value": {"rotation": {"x": -0.0, "y": 0.0, "z": 85.26098558021609}, "position": {"x": -60.5971, "y": 101.219, "z": 17.379}}}, "m_vGlobalSize": {"type": "SVector3", "value": {"x": 2.1371700764, "y": 2.0930299759, "z": 3.4885399342}}, "m_eidParent": {"type": "SEntityTemplateReference", "value": "fffffffffffffffe"}}, "postInitProperties": {}, "editorOnly": false, "platformSpecificPropertyValues": []}}, {"op": "add", "path": "/entities/2e42eb5fc6a758dd", "value": {"parent": "32ec912707ef891b", "name": "RainKillBox For Room_107_MainHall", "template": "[assembly:/_pro/effects/templates/liquid/fx_liquid.template?/rainkillbox.entitytemplate].pc_entitytype", "blueprint": "[assembly:/_pro/effects/templates/liquid/fx_liquid.template?/rainkillbox.entitytemplate].pc_entityblueprint", "properties": {"m_mTransform": {"type": "SMatrix43", "value": {"rotation": {"x": -0.0, "y": 0.0, "z": 39.99995278631441}, "position": {"x": -66.8089523315, "y": 99.6497879028, "z": 10.0956401825}}}, "m_vGlobalSize": {"type": "SVector3", "value": {"x": 10.4093303681, "y": 9.3472570181, "z": 6.827420234700001}}, "m_eidParent": {"type": "SEntityTemplateReference", "value": "fffffffffffffffe"}}, "postInitProperties": {}, "editorOnly": false, "platformSpecificPropertyValues": []}}, {"op": "add", "path": "/entities/aead8dd14e1ac4c3", "value": {"parent": "32ec912707ef891b", "name": "RainKillBox For Room Include for Room_301_Courtyard_Building_A (33147)", "template": "[assembly:/_pro/effects/templates/liquid/fx_liquid.template?/rainkillbox.entitytemplate].pc_entitytype", "blueprint": "[assembly:/_pro/effects/templates/liquid/fx_liquid.template?/rainkillbox.entitytemplate].pc_entityblueprint", "properties": {"m_mTransform": {"type": "SMatrix43", "value": {"rotation": {"x": 34.614372893979684, "y": 0.0, "z": -180.0}, "position": {"x": 51.8111, "y": 44.9434, "z": 15.8989}}}, "m_vGlobalSize": {"type": "SVector3", "value": {"x": 7.6628398895, "y": 4.5250201225, "z": 4.2209401131}}, "m_eidParent": {"type": "SEntityTemplateReference", "value": "fffffffffffffffe"}}, "postInitProperties": {}, "editorOnly": false, "platformSpecificPropertyValues": []}}, {"op": "add", "path": "/entities/81700d4f84f83955", "value": {"parent": "32ec912707ef891b", "name": "RainKillBox For Room Include for Room_402_Old_Shack (37234)", "template": "[assembly:/_pro/effects/templates/liquid/fx_liquid.template?/rainkillbox.entitytemplate].pc_entitytype", "blueprint": "[assembly:/_pro/effects/templates/liquid/fx_liquid.template?/rainkillbox.entitytemplate].pc_entityblueprint", "properties": {"m_mTransform": {"type": "SMatrix43", "value": {"rotation": {"x": -46.01032981175669, "y": 6.498315958152644, "z": -5.774864039290114}, "position": {"x": -6.97965, "y": -50.8389, "z": 16.1215}}}, "m_vGlobalSize": {"type": "SVector3", "value": {"x": 5.5563797951, "y": 3.0375499725, "z": 0.5977910161}}, "m_eidParent": {"type": "SEntityTemplateReference", "value": "fffffffffffffffe"}}, "postInitProperties": {}, "editorOnly": false, "platformSpecificPropertyValues": []}}, {"op": "add", "path": "/entities/2da5b805300a9498", "value": {"parent": "32ec912707ef891b", "name": "RainKillBox For Room Include for Room_305_Courtyard_Building_B (55698)", "template": "[assembly:/_pro/effects/templates/liquid/fx_liquid.template?/rainkillbox.entitytemplate].pc_entitytype", "blueprint": "[assembly:/_pro/effects/templates/liquid/fx_liquid.template?/rainkillbox.entitytemplate].pc_entityblueprint", "properties": {"m_mTransform": {"type": "SMatrix43", "value": {"rotation": {"x": -0.0, "y": 0.0, "z": -89.99994270422049}, "position": {"x": 51.7856, "y": 52.9389, "z": 16.8902}}}, "m_vGlobalSize": {"type": "SVector3", "value": {"x": 7.0539598465, "y": 7.705450058, "z": 2.0168299675}}, "m_eidParent": {"type": "SEntityTemplateReference", "value": "fffffffffffffffe"}}, "postInitProperties": {}, "editorOnly": false, "platformSpecificPropertyValues": []}}, {"op": "add", "path": "/entities/e80bc15bf6bd2068", "value": {"parent": "32ec912707ef891b", "name": "FX_E_Rain", "template": "[assembly:/_pro/effects/templates/liquid/fx_liquid.template?/fx_e_rain.entitytemplate].pc_entitytype", "blueprint": "[assembly:/_pro/effects/templates/liquid/fx_liquid.template?/fx_e_rain.entitytemplate].pc_entityblueprint", "properties": {"m_mTransform": {"type": "SMatrix43", "value": {"rotation": {"x": 0.0, "y": 0.0, "z": 0.0}, "position": {"x": 0.0, "y": 0.0, "z": 0.0}}}, "RainWindMultiplier": {"type": "float32", "value": 1.2000000476837158}, "GroundSplashAlpha": {"type": "float32", "value": 0.20000000298023224}, "RainMinimumSize": {"type": "float32", "value": 0.800000011920929}, "RainMaximumSize": {"type": "float32", "value": 1.5}, "RainMotionStretchFactor": {"type": "float32", "value": 5}, "RainReflectivity": {"type": "float32", "value": 0.800000011920929}, "m_fCameraFadeNearDistance": {"type": "float32", "value": 1}, "m_fCameraFadeFarDistance": {"type": "float32", "value": 2}, "RainParticlesPerSecond": {"type": "float32", "value": 4000}, "RainRefraction": {"type": "float32", "value": 5}, "m_fCameraFadeSizeFactor": {"type": "float32", "value": 100}, "RainSplashesFlatGroundEnabled": {"type": "bool", "value": true}, "InfinityRadius": {"type": "float32", "value": 10}}, "postInitProperties": {"ParentHitman": {"type": "SEntityTemplateReference", "value": "c1a7f81bef9e3b8c"}, "m_eidParent": {"type": "SEntityTemplateReference", "value": "b826924694c353a8"}}, "editorOnly": false, "platformSpecificPropertyValues": []}}, {"op": "replace", "path": "/entities/b826924694c353a8/properties/m_Tags/value", "value": "Dandelion,RainA"}], "patchVersion": 4}